id,response,response_nofill,response_processed,response_processed_phrase,item,item_nofill,SemDis_factor,SemDis_cbowukwacsubtitle_nf_m,SemDis_cbowsubtitle_nf_m,SemDis_cbowBNCwikiukwac_nf_m,SemDis_TASA_nf_m,SemDis_glove_nf_m,SemDis_MEAN,ewm_vector_cosine_dis,ewm_vector_cosine_dis_clus_avg,minima_vector_cosine_dis,minima_vector_cosine_dis_clus_avg,novelty_1,novelty_2,novelty_m
1159,drink things out of,drink things,['drink'],drink,Cup,cup,0.07605,1.00898,0.99312,0.92786,0.85844,1.22987,1.00365,0.6873177271530835,0.6986953039605902,0.6873177271530835,0.7405854048695588,1,1,1.0
1159,to trap bugs in,trap bugs,"['trap', 'bug']",trap bug,Cup,cup,0.08788,1.04465,0.92238,0.95697,0.95587,1.09579,0.99513,0.9922574458072287,0.9904269718261044,1.1300274494298195,0.9880796417209846,2,3,2.5
1159,to stack with,stack,['stack'],stack,Cup,cup,-0.00602,0.93031,0.86421,0.96848,0.86841,0.99368,0.92502,0.8684097884135616,0.9486533744732804,0.8684097884135616,0.9880796417209846,2,3,2.5
1159,to put food in,put food,['food'],food,Cup,cup,0.10366,1.00391,1.01563,0.94188,0.99839,1.23168,1.0383,1.027583188763456,0.9901347286703638,1.027583188763456,0.9880796417209846,2,2,2.0
1159,to play games with,play games,"['play', 'game']",play game,Cup,cup,0.08786,0.98729,1.03893,0.95548,0.97349,1.05904,1.00285,0.9702346031335488,0.9486533744732804,1.079271334418431,1.0146268782262942,3,3,3.0
1159,to transport things in,transport things,['transport'],transport,Cup,cup,0.11118,1.00065,1.04934,0.96476,1.0187,1.1277,1.03223,0.9357776209675948,0.9486533744732804,0.9357776209675948,0.9880796417209846,3,3,3.0
1159,to roll around,roll around,['roll'],roll,Cup,cup,0.13282,1.02718,1.03193,1.02744,1.00841,1.14709,1.04841,0.7870201394910801,0.9486533744732804,0.7870201394910801,0.9880796417209846,3,3,3.0
1159,to use as a decoration,use decoration,['decoration'],decoration,Cup,cup,0.06388,0.97108,0.9131,1.07466,0.89458,1.14611,0.99991,1.0334659020640857,0.9486533744732804,1.0334659020640857,0.9880796417209846,3,3,3.0
1104,measuring liquids,measuring liquids,"['measuring', 'liquid']",measuring liquid,Cup,cup,0.13808,0.9985,1.09618,1.08006,1.00322,1.06103,1.0478,0.9613960411224062,0.9638163695811361,0.9542007469413968,0.9251271214655962,2,2,2.0
1104,drinking from,drinking,['drinking'],drinking,Cup,cup,-0.24249,0.63779,0.75091,0.83641,0.77143,0.83234,0.76578,0.7714285643760478,0.9486533744732804,0.7714285643760478,0.7971296701462836,1,1,1.0
1104,creating a rhythm,creating rhythm,"['creating', 'rhythm']",creating rhythm,Cup,cup,0.10133,1.00714,1.05018,0.99843,0.88567,1.13176,1.01464,0.8856748340191634,0.9486533744732804,1.0353748168664274,0.9880796417209846,4,3,3.5
1104,drawing a circle,drawing circle,"['drawing', 'circle']",drawing circle,Cup,cup,0.10684,0.99324,1.0549,0.98188,0.99182,1.11144,1.02666,0.9918183572372045,0.9486533744732804,1.0159611906743033,1.0133256006140245,4,3,3.5
1104,holding pencils,holding pencils,"['holding', 'pencil']",holding pencil,Cup,cup,0.08997,0.97107,1.00488,1.03839,1.01286,1.01773,1.00899,0.9786224954078995,0.9915484506514576,0.9876601003543054,0.967676808071808,2,3,2.5
1093,drinking,drinking,['drinking'],drinking,Cup,cup,-0.24249,0.63779,0.75091,0.83641,0.77143,0.83234,0.76578,0.7714285643760478,0.9486533744732804,0.7714285643760478,0.7971296701462836,1,1,1.0
1093,spilling,spilling,['spilling'],spilling,Cup,cup,-0.18377,0.71986,0.78312,0.82158,0.78678,0.94043,0.81035,0.7867807446942822,0.9486533744732804,0.7867807446942822,0.9880796417209846,3,2,2.5
1093,placing pens,placing pens,"['placing', 'pen']",placing pen,Cup,cup,0.09911,0.98032,1.07036,0.9772,0.97174,1.09795,1.01951,0.8328928162556127,0.9364001358330744,1.057718722586591,1.0482149775015999,2,3,2.5
1093,breaking,breaking,['breaking'],breaking,Cup,cup,-0.02164,0.85278,1.0213,0.9001,0.93697,0.81056,0.90434,0.9369725012430096,0.9486533744732804,0.9369725012430096,0.9880796417209846,3,2,2.5
1093,measuring,measuring,['measuring'],measuring,Cup,cup,-0.02354,0.90758,0.85541,0.96927,0.89373,0.88898,0.90299,0.8937253415846769,0.9486533744732804,0.8937253415846769,0.9880796417209846,2,3,2.5
1141,to store a liquid,store liquid,"['store', 'liquid']",store liquid,Cup,cup,0.06247,0.99878,0.94818,0.89086,0.99175,1.09096,0.98411,0.9917484680448405,0.9638163695811361,1.0155303111564762,0.9251271214655962,1,1,1.0
1141,to drink from,drink,['drink'],drink,Cup,cup,-0.35451,0.51746,0.64113,0.83099,0.68732,0.74989,0.68536,0.6873177271530835,0.6986953039605902,0.6873177271530835,0.7405854048695588,1,1,1.0
1141,to pour a liquid onto something,pour liquid onto something,"['pour', 'liquid']",pour liquid,Cup,cup,0.03705,0.84928,1.1007,1.01543,0.89437,1.15064,1.00208,1.07984582620353,0.9638163695811361,0.9542007469413968,0.9251271214655962,2,1,1.5
1141,to use as a weapon,use weapon,['weapon'],weapon,Cup,cup,0.01458,0.85324,0.93931,1.01208,1.00587,1.16681,0.99546,1.0028333642337104,0.9486533744732804,1.0028333642337104,0.9880796417209846,3,3,3.0
1141,to use as a stand/infrastructure,use stand infrastructure,"['stand', 'infrastructure']",stand infrastructure,Cup,cup,0.03743,0.95266,0.97475,0.94992,0.98168,0.83498,0.9388,1.0975423329660046,0.9486533744732804,1.0235682010992109,0.9880796417209846,3,4,3.5
1141,to mix liquids inside,mix liquids inside,"['mix', 'liquid', 'inside']",mix liquid inside,Cup,cup,0.01453,0.93339,0.87812,0.92478,1.03794,0.96298,0.94744,0.9695130101422496,0.9638163695811361,0.9562725349607198,0.9251271214655962,2,2,2.0
1141,to trap a bug or mouse,trap bug mouse,"['trap', 'bug', 'mouse']",trap bug mouse,Cup,cup,0.08952,0.95592,1.05925,1.05821,1.02497,0.83837,0.98734,1.024971002440789,0.9904269718261044,1.1694669840835026,0.9880796417209846,3,3,3.0
1176,drinking,drinking,['drinking'],drinking,Cup,cup,-0.24249,0.63779,0.75091,0.83641,0.77143,0.83234,0.76578,0.7714285643760478,0.9486533744732804,0.7714285643760478,0.7971296701462836,1,1,1.0
1176,trapping things,trapping things,['trapping'],trapping,Cup,cup,0.10498,1.03884,1.02708,0.98243,0.88594,1.07474,1.00181,1.107204980959128,0.9795826321241239,1.107204980959128,0.9880796417209846,3,3,3.0
1176,holding items,holding items,"['holding', 'item']",holding item,Cup,cup,0.11865,1.03252,0.95496,0.9588,1.07215,1.24667,1.05302,0.9871859851414466,0.9915484506514576,1.0486823931650733,0.967676808071808,2,3,2.5
1176,cup pyramid,cup pyramid,"['cup', 'pyramid']",cup pyramid,Cup,cup,0.17007,1.13839,1.06401,1.03899,0.94059,0.83236,1.00287,0.9405930033063591,0.9486533744732804,0.9964430962438866,0.9832250973770025,3,3,3.0
1286,drinking,drinking,['drinking'],drinking,Cup,cup,-0.24249,0.63779,0.75091,0.83641,0.77143,0.83234,0.76578,0.7714285643760478,0.9486533744732804,0.7714285643760478,0.7971296701462836,1,1,1.0
1286,pong,pong,['pong'],pong,Cup,cup,-0.0536,0.84876,0.90163,0.86371,0.96204,0.87942,0.89111,0.9620383658647614,0.9486533744732804,0.9620383658647614,0.9832250973770025,4,2,3.0
1286,cup stacking,cup stacking,"['cup', 'stacking']",cup stacking,Cup,cup,0.0925,0.94631,0.9926,0.98579,1.19683,1.03157,1.03062,1.1968309736461067,0.9486533744732804,0.8878019367614212,0.9832250973770025,3,2,2.5
1286,soup,soup,['soup'],soup,Cup,cup,-0.2168,0.68357,0.80695,0.88621,0.63814,0.796,0.76217,0.6381359476569006,0.9486533744732804,0.6381359476569006,0.9880796417209846,2,2,2.0
1286,store food,store food,"['store', 'food']",store food,Cup,cup,0.14207,1.04371,1.0548,0.96256,1.04582,1.17034,1.05545,1.0458174737594534,0.9901347286703638,1.027583188763456,1.0482149775015999,2,2,2.0
1258,to drink out of,drink,['drink'],drink,Cup,cup,-0.35451,0.51746,0.64113,0.83099,0.68732,0.74989,0.68536,0.6873177271530835,0.6986953039605902,0.6873177271530835,0.7405854048695588,1,2,1.5
1258,put food in when out of bowls,put food bowls,"['food', 'bowl']",food bowl,Cup,cup,0.00658,0.88664,1.00055,0.98362,0.93717,0.79885,0.92137,1.0244194857277484,0.9901347286703638,1.027583188763456,0.9880796417209846,2,2,2.0
1258,to play games with,play games,"['play', 'game']",play game,Cup,cup,0.08786,0.98729,1.03893,0.95548,0.97349,1.05904,1.00285,0.9702346031335488,0.9486533744732804,1.079271334418431,1.0146268782262942,3,3,3.0
1221,drink,drink,['drink'],drink,Cup,cup,-0.35451,0.51746,0.64113,0.83099,0.68732,0.74989,0.68536,0.6873177271530835,0.6986953039605902,0.6873177271530835,0.7405854048695588,1,1,1.0
1221,mix inside,mix inside,"['mix', 'inside']",mix inside,Cup,cup,0.08773,0.96862,1.03217,1.06176,0.91529,1.05099,1.00577,0.9152867904001867,0.9638163695811361,0.9562725349607198,0.9251271214655962,2,2,2.0
1221,bake a mug cake,bake mug cake,"['bake', 'mug', 'cake']",bake mug cake,Cup,cup,-0.14641,0.75156,0.81678,0.86462,0.78367,0.9949,0.84231,0.7836659954655433,0.8290253106376322,0.8113377744801047,0.9880796417209846,3,2,2.5
1221,build sand castles,build sand castles,"['build', 'sand', 'castle']",build sand castle,Cup,cup,0.03799,0.95411,0.91031,0.99351,1.00641,0.89587,0.95204,0.9962517382375343,0.9486533744732804,1.0904811644096826,0.9845886952373296,3,4,3.5
1221,play different cup games,play different cup games,"['play', 'different', 'cup', 'game']",play different cup game,Cup,cup,0.16805,1.05958,1.17896,0.87543,1.08586,1.11582,1.06313,1.0790156825780215,0.9486533744732804,1.079271334418431,1.0146268782262942,3,3,3.0
1205,plant holder,plant holder,"['plant', 'holder']",plant holder,Cup,cup,0.13609,1.04229,1.05561,0.96028,1.06434,1.0572,1.03594,1.064337849724886,0.9360611612134623,1.0078606499935725,0.967676808071808,3,4,3.5
1205,drum,drum,['drum'],drum,Cup,cup,-0.04932,0.83758,0.9412,0.86793,0.9387,0.9171,0.9005,0.9386952612096728,0.9486533744732804,0.9386952612096728,0.9880796417209846,4,4,4.0
1205,prism,prism,['prism'],prism,Cup,cup,-0.0007,0.89585,0.90607,0.90707,1.02842,0.99595,0.94667,1.0284224280227816,0.9486533744732804,1.0284224280227816,0.9880796417209846,3,5,4.0
1138,putting liquids in,putting liquids,"['putting', 'liquid']",putting liquid,Cup,cup,0.13299,1.09321,1.00417,0.94085,0.97574,1.06972,1.01674,0.9300014214504795,0.9638163695811361,0.9542007469413968,0.9251271214655962,1,1,1.0
1138,to trap a bug,trap bug,"['trap', 'bug']",trap bug,Cup,cup,0.06506,0.99803,0.89921,0.97973,0.99226,1.06397,0.98664,0.9922574458072287,0.9904269718261044,1.1300274494298195,0.9880796417209846,3,3,3.0
1138,to cook muffins or cupcakes in,cook muffins cupcakes,"['cook', 'muffin', 'cupcake']",cook muffin cupcake,Cup,cup,-0.13852,0.77843,0.8351,0.80862,0.79244,0.97483,0.83788,1.0531291038064496,0.9486533744732804,0.9663814252741701,0.9880796417209846,3,1,2.0
1138,to put around your ears,put around ears,['ear'],ear,Cup,cup,0.00957,0.83588,1.02538,1.04798,1.03167,0.74252,0.93669,0.9182644629061207,0.9700093010967525,0.9182644629061207,0.9845886952373296,4,4,4.0
1138,to catch something,catch something,['catch'],catch,Cup,cup,0.08164,0.97687,1.00471,0.97035,0.97339,1.13565,1.01219,1.13498019306353,0.9795826321241239,1.13498019306353,0.9880796417209846,3,3,3.0
1186,drink holder,drink holder,"['drink', 'holder']",drink holder,Cup,cup,0.12106,0.98984,1.13304,1.04124,0.88079,1.1249,1.03396,0.880793219268372,0.9821083172636579,0.9895263504000646,0.7405854048695588,1,1,1.0
1186,hide something under,hide something,['hide'],hide,Cup,cup,0.09147,0.95523,0.99438,1.00146,1.11681,1.07461,1.0285,1.0449632652071104,0.9486533744732804,1.0449632652071104,0.9880796417209846,3,3,3.0
1186,table for mice,table mice,"['table', 'mouse']",table mouse,Cup,cup,0.13119,1.05674,0.9614,1.01904,1.06331,1.06603,1.0333,1.0439710048020192,0.9795826321241239,1.1694669840835026,0.9880796417209846,5,4,4.5
1186,home for tiny kitten,home tiny kitten,"['home', 'tiny', 'kitten']",home tiny kitten,Cup,cup,0.00703,0.88392,0.97057,0.93179,0.99112,0.96754,0.94899,0.991115077890812,0.9486533744732804,1.0523953520671792,0.9880796417209846,5,4,4.5
1186,hat,hat,['hat'],hat,Cup,cup,-0.08609,0.78818,0.91783,0.92454,0.90017,0.7754,0.86122,0.9001713414713912,0.9208679518474879,0.9001713414713912,0.9880796417209846,4,5,4.5
1186,decoration,decoration,['decoration'],decoration,Cup,cup,0.01789,0.90522,0.95958,0.91519,1.03347,0.95655,0.954,1.0334659020640857,0.9486533744732804,1.0334659020640857,0.9880796417209846,3,3,3.0
1186,gift,gift,['gift'],gift,Cup,cup,-0.02035,0.82735,0.97415,0.97094,0.96591,0.93485,0.93464,0.9659117600406766,0.9486533744732804,0.9659117600406766,0.9880796417209846,3,3,3.0
1147,holding a drink,holding drink,"['holding', 'drink']",holding drink,Cup,cup,0.04628,0.9349,1.04351,0.94563,0.84414,1.15658,0.98495,0.8441356534866089,0.9821083172636579,0.8894716787772748,0.7405854048695588,1,1,1.0
1147,making music,making music,"['making', 'music']",making music,Cup,cup,0.11302,1.04475,0.99628,0.96263,0.96008,1.15385,1.02352,0.9600784949409052,0.9486533744732804,1.0096528243902796,0.9880796417209846,3,3,3.0
1147,playing cup pong,playing cup pong,"['playing', 'cup', 'pong']",playing cup pong,Cup,cup,-0.19514,0.68033,0.82518,0.73268,0.86414,1.00142,0.82075,0.8641426538877839,0.9486533744732804,1.0529792244305274,0.9832250973770025,4,2,3.0
1147,stacking,stacking,['stacking'],stacking,Cup,cup,0.02303,0.9782,0.84594,0.9787,0.8878,1.04426,0.94698,0.8878019367614212,0.9486533744732804,0.8878019367614212,0.967676808071808,3,2,2.5
1147,making a conveyor belt,making conveyor belt,"['making', 'conveyor', 'belt']",making conveyor belt,Cup,cup,-0.01839,0.84514,0.8954,0.99447,0.97649,1.03367,0.94903,0.9764921701493587,0.9486533744732804,1.0195008307161488,0.9880796417209846,4,3,3.5
1147,a hat,hat,['hat'],hat,Cup,cup,-0.08609,0.78818,0.91783,0.92454,0.90017,0.7754,0.86122,0.9001713414713912,0.9208679518474879,0.9001713414713912,0.9880796417209846,4,5,4.5
1147,use for kids' arts and crafts,use kids arts crafts,"['kid', 'art', 'craft']",kid art craft,Cup,cup,0.07563,0.98003,0.9724,0.98771,0.9445,1.16117,1.00916,1.025117281503611,0.9486533744732804,1.0274754707240064,0.9880796417209846,3,3,3.0
1094,to store liquid,store liquid,"['store', 'liquid']",store liquid,Cup,cup,0.06247,0.99878,0.94818,0.89086,0.99175,1.09096,0.98411,0.9917484680448405,0.9638163695811361,1.0155303111564762,0.9251271214655962,1,1,1.0
1094,to drink from,drink,['drink'],drink,Cup,cup,-0.35451,0.51746,0.64113,0.83099,0.68732,0.74989,0.68536,0.6873177271530835,0.6986953039605902,0.6873177271530835,0.7405854048695588,1,1,1.0
1094,to trap a bug,trap bug,"['trap', 'bug']",trap bug,Cup,cup,0.06506,0.99803,0.89921,0.97973,0.99226,1.06397,0.98664,0.9922574458072287,0.9904269718261044,1.1300274494298195,0.9880796417209846,3,3,3.0
1094,to measure things,measure things,['measure'],measure,Cup,cup,0.15117,1.00082,1.10635,1.10441,0.97008,1.19798,1.07593,0.8951850956439737,0.9486533744732804,0.8951850956439737,0.9251271214655962,2,3,2.5
1094,to cook things in,cook things,['cook'],cook,Cup,cup,0.10707,1.08248,0.90283,0.94829,0.95517,1.18416,1.01459,0.7259911454105148,0.9486533744732804,0.7259911454105148,0.9880796417209846,3,2,2.5
1162,drink/eat from it,drink eat,"['drink', 'eat']",drink eat,Cup,cup,0.13504,0.99564,1.08046,0.97321,1.10829,1.1701,1.06554,1.1082880690308445,0.6986953039605902,0.8976076984833965,0.7405854048695588,1,1,1.0
1162,use it as storage,use storage,['storage'],storage,Cup,cup,0.04495,0.92259,1.01151,0.88351,1.01239,1.156,0.9972,1.054002743024314,0.9915484506514576,1.054002743024314,0.9880796417209846,2,3,2.5
1162,use it as decoration,use decoration,['decoration'],decoration,Cup,cup,0.06388,0.97108,0.9131,1.07466,0.89458,1.14611,0.99991,1.0334659020640857,0.9486533744732804,1.0334659020640857,0.9880796417209846,3,3,3.0
1162,baseball gear,baseball gear,"['baseball', 'gear']",baseball gear,Cup,cup,0.10514,1.03132,0.98435,0.93911,1.013,1.1372,1.021,1.0129976283817232,0.9486533744732804,1.0569846374261698,0.9880796417209846,4,4,4.0
1102,drinking,drinking,['drinking'],drinking,Cup,cup,-0.24249,0.63779,0.75091,0.83641,0.77143,0.83234,0.76578,0.7714285643760478,0.9486533744732804,0.7714285643760478,0.7971296701462836,1,1,1.0
1102,making music,making music,"['making', 'music']",making music,Cup,cup,0.11302,1.04475,0.99628,0.96263,0.96008,1.15385,1.02352,0.9600784949409052,0.9486533744732804,1.0096528243902796,0.9880796417209846,3,4,3.5
1102,eating cereal/snacks,eating cereal snacks,"['eating', 'cereal', 'snack']",eating cereal snack,Cup,cup,-0.07384,0.80034,0.85931,0.99889,0.87172,0.93113,0.89228,0.8686274273483366,0.9486533744732804,0.8664821306135768,0.8664821306135768,2,2,2.0
1102,party hat,party hat,"['party', 'hat']",party hat,Cup,cup,0.11615,1.04011,1.03731,0.98515,0.91329,1.11929,1.01903,0.9132922075869285,0.9208679518474879,1.0300680922650458,0.9880796417209846,4,4,4.0
1102,telephone,telephone,['telephone'],telephone,Cup,cup,-0.01408,0.84052,0.96442,0.96629,0.97628,0.95171,0.93984,0.9762817590907251,0.9486533744732804,0.9762817590907251,0.9880796417209846,4,4,4.0
1174,drink from it,drink,['drink'],drink,Cup,cup,-0.35451,0.51746,0.64113,0.83099,0.68732,0.74989,0.68536,0.6873177271530835,0.6986953039605902,0.6873177271530835,0.7405854048695588,1,1,1.0
1174,stack them,stack,['stack'],stack,Cup,cup,-0.00602,0.93031,0.86421,0.96848,0.86841,0.99368,0.92502,0.8684097884135616,0.9486533744732804,0.8684097884135616,0.9880796417209846,3,3,3.0
1174,position them as bowling pins,position bowling pins,"['position', 'bowling', 'pin']",position bowling pin,Cup,cup,0.0656,1.0103,1.03556,0.96212,0.94272,0.62382,0.9149,0.9636652563458561,0.9710506384032888,0.980614025115911,0.9880796417209846,5,4,4.5
1180,drink,drink,['drink'],drink,Cup,cup,-0.35451,0.51746,0.64113,0.83099,0.68732,0.74989,0.68536,0.6873177271530835,0.6986953039605902,0.6873177271530835,0.7405854048695588,1,1,1.0
1180,hold,hold,['hold'],hold,Cup,cup,-0.08112,0.75278,0.93731,0.95552,0.96569,0.81009,0.88428,0.9656921804847949,0.966213840465286,0.9656921804847949,0.973572109107983,2,2,2.0
1180,put food in,put food,['food'],food,Cup,cup,0.10366,1.00391,1.01563,0.94188,0.99839,1.23168,1.0383,1.027583188763456,0.9901347286703638,1.027583188763456,0.9880796417209846,2,2,2.0
1180,scoop water,scoop water,"['scoop', 'water']",scoop water,Cup,cup,0.10058,1.04575,0.95261,1.00395,0.97731,0.9751,0.99094,0.9773131710256611,0.9700093010967525,0.958611394464189,0.9845886952373296,2,2,2.0
1180,pour drink,pour drink,"['pour', 'drink']",pour drink,Cup,cup,0.09459,0.92519,1.0704,0.99364,1.099,1.12425,1.0425,1.0989979108500638,0.9821083172636579,0.6873177271530835,0.7405854048695588,1,1,1.0
1180,wash,wash,['wash'],wash,Cup,cup,-0.12947,0.74064,0.92952,0.88175,0.73476,0.95715,0.84876,0.7347618180285871,0.9486533744732804,0.7347618180285871,0.9880796417209846,2,2,2.0
1193,to hold liquid,hold liquid,"['hold', 'liquid']",hold liquid,Cup,cup,0.10073,1.01889,0.96771,0.96935,1.03554,1.09494,1.01729,1.0355407167691388,0.9638163695811361,0.9656921804847949,0.9745337530960322,1,1,1.0
1193,to use as a weight,use weight,['weight'],weight,Cup,cup,0.12063,0.9546,1.13522,1.01555,1.01785,1.1487,1.05438,1.0424195498298467,0.9486533744732804,1.0424195498298467,0.9880796417209846,3,3,3.0
1193,to capture a bug,capture bug,"['capture', 'bug']",capture bug,Cup,cup,0.06381,1.01301,0.95679,0.94952,0.86134,1.09119,0.97437,0.8613433594826178,0.9795826321241239,1.1300274494298195,0.9880796417209846,3,3,3.0
1193,to speak into and alter your voice,speak alter voice,"['speak', 'alter', 'voice']",speak alter voice,Cup,cup,0.11409,1.04212,1.0107,1.0462,0.99842,0.81119,0.98173,0.9984244732316003,0.9486533744732804,1.0264844118276397,1.0264844118276397,4,4,4.0
1193,to suction,suction,['suction'],suction,Cup,cup,-0.194,0.68846,0.75575,0.88558,0.8363,0.84305,0.80183,0.8363045148490544,0.9486533744732804,0.8363045148490544,0.9880796417209846,3,3,3.0
1209,drinking,drinking,['drinking'],drinking,Cup,cup,-0.24249,0.63779,0.75091,0.83641,0.77143,0.83234,0.76578,0.7714285643760478,0.9486533744732804,0.7714285643760478,0.7971296701462836,1,1,1.0
1209,stacking,stacking,['stacking'],stacking,Cup,cup,0.02303,0.9782,0.84594,0.9787,0.8878,1.04426,0.94698,0.8878019367614212,0.9486533744732804,0.8878019367614212,0.967676808071808,3,2,2.5
1209,beer pong,beer pong,"['beer', 'pong']",beer pong,Cup,cup,0.08927,0.98034,1.04453,0.97471,1.05657,0.87205,0.98564,1.0565723943103214,0.9486533744732804,0.9620383658647614,0.9832250973770025,4,3,3.5
1209,pencil holder,pencil holder,"['pencil', 'holder']",pencil holder,Cup,cup,0.06971,0.99283,1.01997,0.9757,0.87681,0.98298,0.96966,0.8768074463634676,0.9360611612134623,0.9895263504000646,0.967676808071808,2,2,2.0
1209,water cup for painting,water cup painting,"['water', 'cup', 'painting']",water cup painting,Cup,cup,-0.02646,0.82306,1.02606,0.89797,1.03497,0.73855,0.90412,1.0349745362629343,0.9700093010967525,0.9898117908827783,0.9845886952373296,2,2,2.0
1123,drinking,drinking,['drinking'],drinking,Cup,cup,-0.24249,0.63779,0.75091,0.83641,0.77143,0.83234,0.76578,0.7714285643760478,0.9486533744732804,0.7714285643760478,0.7971296701462836,1,1,1.0
1123,measuring,measuring,['measuring'],measuring,Cup,cup,-0.02354,0.90758,0.85541,0.96927,0.89373,0.88898,0.90299,0.8937253415846769,0.9486533744732804,0.8937253415846769,0.9880796417209846,2,2,2.0
1123,holding items/storage,holding items storage,"['holding', 'item', 'storage']",holding item storage,Cup,cup,-0.00465,0.87357,0.96305,1.00785,0.91589,0.85616,0.9233,0.9428085024908508,0.9915484506514576,1.054002743024314,0.967676808071808,2,2,2.0
1123,bra cup,bra cup,"['bra', 'cup']",bra cup,Cup,cup,-0.02182,0.83065,1.05957,0.90101,0.87702,0.96305,0.92626,0.8770199225161379,0.9486533744732804,0.8574336838834471,0.9832250973770025,4,4,4.0
1123,gift,gift,['gift'],gift,Cup,cup,-0.02035,0.82735,0.97415,0.97094,0.96591,0.93485,0.93464,0.9659117600406766,0.9486533744732804,0.9659117600406766,0.9880796417209846,3,3,3.0
1123,decoration,decoration,['decoration'],decoration,Cup,cup,0.01789,0.90522,0.95958,0.91519,1.03347,0.95655,0.954,1.0334659020640857,0.9486533744732804,1.0334659020640857,0.9880796417209846,3,3,3.0
1228,drink water,drink water,"['drink', 'water']",drink water,Cup,cup,0.0471,0.87218,1.01629,0.98076,1.07324,1.14125,1.01674,1.0732442324098994,0.9821083172636579,0.8289821807224794,0.7405854048695588,1,1,1.0
1228,stand on,stand,['stand'],stand,Cup,cup,-0.09429,0.81464,0.90162,0.87099,0.8574,0.76389,0.84171,0.8574021207655799,0.9486533744732804,0.8574021207655799,0.9880796417209846,3,4,3.5
1228,dig a hole,dig hole,"['dig', 'hole']",dig hole,Cup,cup,0.04586,0.98037,0.9818,0.91909,0.88092,1.03016,0.95847,0.8809163798741084,0.9486533744732804,1.0719444019456992,0.9880796417209846,3,3,3.0
1228,scoop up a liquid,scoop liquid,"['scoop', 'liquid']",scoop liquid,Cup,cup,0.07442,1.00038,0.995,0.985,0.96154,0.87289,0.96296,0.9615431098493818,0.9638163695811361,0.958611394464189,0.9251271214655962,2,2,2.0
1228,throw liquid,throw liquid,"['throw', 'liquid']",throw liquid,Cup,cup,0.09,0.99646,0.99236,0.91136,1.12182,0.99233,1.00287,1.1218232358945532,0.9638163695811361,1.0032563219860833,0.9251271214655962,2,2,2.0
1228,hold change,hold change,"['hold', 'change']",hold change,Cup,cup,0.06298,0.95484,0.92268,1.0185,0.99547,1.15744,1.00979,0.9954682085274312,0.966213840465286,0.9826691179908335,0.973572109107983,2,3,2.5
1195,drinking out of,drinking,['drinking'],drinking,Cup,cup,-0.24249,0.63779,0.75091,0.83641,0.77143,0.83234,0.76578,0.7714285643760478,0.9486533744732804,0.7714285643760478,0.7971296701462836,1,1,1.0
1195,stacking to make a pyramid,stacking make pyramid,"['stacking', 'pyramid']",stacking pyramid,Cup,cup,0.06072,0.93316,1.0318,0.95474,1.02261,1.00047,0.98856,1.0151849570872793,0.9486533744732804,0.9964430962438866,0.967676808071808,3,4,3.5
1195,playing cup pong,playing cup pong,"['playing', 'cup', 'pong']",playing cup pong,Cup,cup,-0.19514,0.68033,0.82518,0.73268,0.86414,1.00142,0.82075,0.8641426538877839,0.9486533744732804,1.0529792244305274,0.9832250973770025,4,3,3.5
1195,making a little hut for insects,making little hut insects,"['making', 'little', 'hut', 'insect']",making little hut insect,Cup,cup,0.12281,1.06136,1.04062,0.89796,0.96671,1.17096,1.02752,0.9740469587144034,0.9795826321241239,1.008055679584384,0.9880796417209846,4,3,3.5
1192,fill,fill,['fill'],fill,Cup,cup,-0.13514,0.79434,0.79246,0.9334,0.74382,0.81474,0.81575,0.7438180865046142,0.9700093010967525,0.7438180865046142,0.9845886952373296,1,2,1.5
1192,drink,drink,['drink'],drink,Cup,cup,-0.35451,0.51746,0.64113,0.83099,0.68732,0.74989,0.68536,0.6873177271530835,0.6986953039605902,0.6873177271530835,0.7405854048695588,1,1,1.0
1192,capture insect,capture insect,"['capture', 'insect']",capture insect,Cup,cup,0.00416,0.8886,0.94747,0.89192,0.97675,1.12316,0.96558,0.9767505973109695,0.9795826321241239,1.0095076842805395,0.9880796417209846,3,3,3.0
1192,store pencils/pens,store pencils pens,"['store', 'pencil', 'pen']",store pencil pen,Cup,cup,-0.00959,0.86567,0.96873,0.94114,0.89473,1.06107,0.94627,0.9816557502870131,0.9360611612134623,1.057718722586591,1.0482149775015999,2,3,2.5
1192,magnify audio  if glass,magnify audio glass,"['magnify', 'audio', 'glass']",magnify audio glass,Cup,cup,0.05371,0.96535,0.93744,0.95625,0.97838,1.10319,0.98812,0.9783838240681428,0.9486533744732804,0.9933538956687539,0.8426684491473236,4,5,4.5
1192,make music,make music,['music'],music,Cup,cup,0.13592,1.07677,0.97285,0.97549,1.01711,1.16512,1.04147,1.0096528243902796,0.9486533744732804,1.0096528243902796,0.9880796417209846,3,4,3.5
1087,drink something from it,drink something,['drink'],drink,Cup,cup,0.12309,1.00563,1.07542,0.97907,0.9777,1.21339,1.05024,0.6873177271530835,0.6986953039605902,0.6873177271530835,0.7405854048695588,1,1,1.0
1087,hold pennies in it,hold pennies,"['hold', 'penny']",hold penny,Cup,cup,0.11496,1.01079,1.0247,0.97421,1.02555,1.1556,1.03817,0.9337342930356949,0.966213840465286,0.9656921804847949,0.973572109107983,2,3,2.5
1087,play games with it,play games,"['play', 'game']",play game,Cup,cup,0.08786,0.98729,1.03893,0.95548,0.97349,1.05904,1.00285,0.9702346031335488,0.9486533744732804,1.079271334418431,1.0146268782262942,3,3,3.0
1087,spit in it,spit,['spit'],spit,Cup,cup,-0.09951,0.75679,0.86333,0.96053,0.8812,0.96633,0.88564,0.8812006219102394,0.9486533744732804,0.8812006219102394,0.9880796417209846,2,2,2.0
1087,use it as a hat,use hat,['hat'],hat,Cup,cup,0.08626,0.93325,0.96813,1.09841,1.03665,1.16748,1.04078,0.9001713414713912,0.9208679518474879,0.9001713414713912,0.9880796417209846,4,4,4.0
1087,paint something on it,paint something,['paint'],paint,Cup,cup,0.09828,1.03176,0.91559,0.98502,1.04071,1.10166,1.01495,1.03160204814874,0.9901347286703638,1.03160204814874,0.973572109107983,2,3,2.5
1133,hold liquid,hold liquid,"['hold', 'liquid']",hold liquid,Cup,cup,0.10073,1.01889,0.96771,0.96935,1.03554,1.09494,1.01729,1.0355407167691388,0.9638163695811361,0.9656921804847949,0.9745337530960322,1,1,1.0
1133,hide something under,hide something,['hide'],hide,Cup,cup,0.09147,0.95523,0.99438,1.00146,1.11681,1.07461,1.0285,1.0449632652071104,0.9486533744732804,1.0449632652071104,0.9880796417209846,3,3,3.0
1133,trap a bug,trap bug,"['trap', 'bug']",trap bug,Cup,cup,0.06506,0.99803,0.89921,0.97973,0.99226,1.06397,0.98664,0.9922574458072287,0.9904269718261044,1.1300274494298195,0.9880796417209846,3,3,3.0
1133,hear the ocean up to your ear,hear ocean ear,"['hear', 'ocean', 'ear']",hear ocean ear,Cup,cup,-0.03299,0.87136,0.8828,0.92133,1.02187,0.77815,0.8951,1.0218724911547326,0.9700093010967525,1.0111286422090497,0.9845886952373296,4,5,4.5
1133,catch something thrown,catch something thrown,"['catch', 'thrown']",catch thrown,Cup,cup,-0.00663,0.89206,0.91588,0.97584,1.01402,0.73781,0.90712,1.0425468668186708,0.9795826321241239,1.13498019306353,0.9880796417209846,4,2,3.0
1133,as a plate,plate,['plate'],plate,Cup,cup,-0.21328,0.72887,0.80581,0.78133,0.66884,0.73646,0.74426,0.6688401682234197,0.9486533744732804,0.6688401682234197,0.9880796417209846,3,3,3.0
1230,drink out of it,drink,['drink'],drink,Cup,cup,-0.35451,0.51746,0.64113,0.83099,0.68732,0.74989,0.68536,0.6873177271530835,0.6986953039605902,0.6873177271530835,0.7405854048695588,1,1,1.0
1230,use it as to bake mug cakes,use bake mug cakes,"['bake', 'mug', 'cake']",bake mug cake,Cup,cup,0.01639,0.88191,0.95078,1.0474,0.90054,1.06367,0.96886,0.7836659954655433,0.8290253106376322,0.8113377744801047,0.9880796417209846,3,2,2.5
1230,projectile,projectile,['projectile'],projectile,Cup,cup,0.077,0.97762,0.95481,0.92258,1.09483,1.11795,1.01356,1.0948295020427832,0.9486533744732804,1.0948295020427832,0.9880796417209846,3,4,3.5
1230,musical instrument,musical instrument,"['musical', 'instrument']",musical instrument,Cup,cup,0.10228,0.93459,1.08505,1.04143,1.01456,1.15923,1.04697,1.0145649742516338,0.9486533744732804,0.9875412101171608,0.9880796417209846,3,4,3.5
1129,hold a beverage,hold beverage,"['hold', 'beverage']",hold beverage,Cup,cup,0.12253,1.06849,1.01,0.9584,0.88127,1.24508,1.03265,0.8812675759681502,0.966213840465286,0.9656921804847949,0.973572109107983,1,1,1.0
1129,catch an insect,catch insect,"['catch', 'insect']",catch insect,Cup,cup,0.11056,1.01783,1.058,0.97527,0.94823,1.08117,1.0161,0.9482297663406348,0.9795826321241239,1.13498019306353,0.9880796417209846,3,3,3.0
1129,hold flowers,hold flowers,"['hold', 'flower']",hold flower,Cup,cup,0.09721,1.03377,0.94853,0.97478,0.9498,1.17767,1.01691,0.9407727201830007,0.966213840465286,1.0454407488573236,1.0229588160667353,3,3,3.0
1129,trace a circle,trace circle,"['trace', 'circle']",trace circle,Cup,cup,0.09257,1.01111,0.97599,0.95213,1.0803,0.95512,0.99493,1.0803046483908725,0.9486533744732804,1.0240617627959763,1.0133256006140245,4,3,3.5
1129,hold snacks,hold snacks,"['hold', 'snack']",hold snack,Cup,cup,0.08457,0.99881,0.9303,0.9805,1.0101,1.18071,1.02008,0.9754481888063873,0.966213840465286,0.9656921804847949,0.973572109107983,2,2,2.0
1163,to drink out of,drink,['drink'],drink,Cup,cup,-0.35451,0.51746,0.64113,0.83099,0.68732,0.74989,0.68536,0.6873177271530835,0.6986953039605902,0.6873177271530835,0.7405854048695588,1,1,1.0
1163,to carry,carry,['carry'],carry,Cup,cup,-0.01658,0.85046,0.91976,1.02102,0.9546,0.90015,0.9292,0.9546042584921443,0.9501536345912062,0.9546042584921443,0.9251271214655962,2,3,2.5
1194,drink a liquid,drink liquid,"['drink', 'liquid']",drink liquid,Cup,cup,0.08804,0.96052,1.02093,1.01045,0.99774,1.12323,1.02257,0.9977394437835012,0.9821083172636579,0.9542007469413968,0.7405854048695588,1,1,1.0
1194,store a bug and bring it outside,store bug bring outside,"['store', 'bug', 'bring', 'outside']",store bug bring outside,Cup,cup,0.12192,1.08519,0.96164,0.95353,0.94655,1.16019,1.02142,0.9465493247609316,0.9795826321241239,1.1300274494298195,0.9880796417209846,3,3,3.0
1194,break for fun,break fun,"['break', 'fun']",break fun,Cup,cup,0.08475,0.95636,1.03079,0.96762,1.01181,1.16126,1.02557,1.011806190887212,0.9486533744732804,1.132983084579768,1.0795285138157147,3,3,3.0
1194,stack them,stack,['stack'],stack,Cup,cup,-0.00602,0.93031,0.86421,0.96848,0.86841,0.99368,0.92502,0.8684097884135616,0.9486533744732804,0.8684097884135616,0.9880796417209846,3,3,3.0
1194,use as a mold for a sand castle,use mold sand castle,"['mold', 'sand', 'castle']",mold sand castle,Cup,cup,0.09132,1.02905,0.97582,0.9416,0.93517,1.15287,1.0069,0.9935743380887442,0.9486533744732804,1.0902188702258013,0.9845886952373296,3,4,3.5
1194,a game,game,['game'],game,Cup,cup,-0.18521,0.71179,0.85285,0.73421,0.93705,0.63393,0.77397,0.9370535307957297,0.9486533744732804,0.9370535307957297,1.0146268782262942,3,3,3.0
1194,to store things,store things,['store'],store,Cup,cup,0.09648,1.04772,0.88774,0.98167,0.98553,1.19095,1.01872,1.0155303111564762,0.9360611612134623,1.0155303111564762,1.0482149775015999,2,3,2.5
1226,to drink out of,drink,['drink'],drink,Cup,cup,-0.35451,0.51746,0.64113,0.83099,0.68732,0.74989,0.68536,0.6873177271530835,0.6986953039605902,0.6873177271530835,0.7405854048695588,1,1,1.0
1226,to carry liquids,carry liquids,"['carry', 'liquid']",carry liquid,Cup,cup,0.08619,1.02719,0.94416,0.97534,0.93759,1.11068,0.99899,0.9457030106902681,0.9501536345912062,0.9546042584921443,0.9251271214655962,1,1,1.0
1226,to take a spider out of the house,take spider house,"['spider', 'house']",spider house,Cup,cup,-0.03548,0.84399,0.95019,0.98087,0.91131,0.77252,0.89178,1.076480812296484,0.9795826321241239,1.1077225520474163,0.9880796417209846,3,3,3.0
1226,to catch insects,catch insects,"['catch', 'insect']",catch insect,Cup,cup,0.11255,1.04136,1.01928,0.93727,0.96148,1.15545,1.02297,0.9482297663406348,0.9795826321241239,1.13498019306353,0.9880796417209846,3,3,3.0
1226,to keep a pet in,keep pet,['pet'],pet,Cup,cup,0.10218,1.00741,1.01959,0.94831,0.99667,1.15417,1.02523,1.0151318915305183,0.9486533744732804,1.0151318915305183,0.9880796417209846,4,3,3.5
1226,to use for drinking games,use drinking games,"['drinking', 'game']",drinking game,Cup,cup,0.01034,0.89803,0.9943,0.94641,0.9676,0.82842,0.92695,1.0173698815398562,0.9486533744732804,0.9370535307957297,0.7971296701462836,1,3,2.0
1121,pour liquid into,pour liquid,"['pour', 'liquid']",pour liquid,Cup,cup,0.07948,0.90716,1.04749,1.05796,1.07985,0.98892,1.01628,1.07984582620353,0.9638163695811361,0.9542007469413968,0.9251271214655962,1,1,1.0
1121,drink from,drink,['drink'],drink,Cup,cup,-0.35451,0.51746,0.64113,0.83099,0.68732,0.74989,0.68536,0.6873177271530835,0.6986953039605902,0.6873177271530835,0.7405854048695588,1,1,1.0
1121,trap insect,trap insect,"['trap', 'insect']",trap insect,Cup,cup,0.05019,0.92231,0.91379,1.07921,0.97787,1.12041,1.00272,0.9778673733563426,0.9904269718261044,1.0470619183708683,0.9880796417209846,3,3,3.0
1121,amplify sound of speaker,amplify sound speaker,"['amplify', 'sound', 'speaker']",amplify sound speaker,Cup,cup,0.03488,0.91538,0.95299,0.95313,1.01781,1.07565,0.98299,1.0178113890367229,0.9700093010967525,1.0259096280257551,1.0072556670520472,4,4,4.0
1121,play cup pong,play cup pong,"['play', 'cup', 'pong']",play cup pong,Cup,cup,-0.24223,0.56001,0.77181,0.81988,0.94223,1.01939,0.82266,0.9422307425124921,0.9486533744732804,1.079271334418431,0.9832250973770025,4,3,3.5
1121,make cup phone connected by,make cup phone connected,"['cup', 'phone', 'connected']",cup phone connected,Cup,cup,0.01157,0.89051,0.94317,0.94848,0.93312,1.16727,0.97651,0.9508112168880366,0.9486533744732804,0.955151106347063,0.9832250973770025,4,4,4.0
1118,to hold a beverage,hold beverage,"['hold', 'beverage']",hold beverage,Cup,cup,0.12253,1.06849,1.01,0.9584,0.88127,1.24508,1.03265,0.8812675759681502,0.966213840465286,0.9656921804847949,0.973572109107983,1,1,1.0
1118,put a slogan on it,put slogan,['slogan'],slogan,Cup,cup,0.09708,0.96581,1.00613,1.01625,1.05648,1.12232,1.0334,1.0062825891189429,0.9486533744732804,1.0062825891189429,0.9880796417209846,3,4,3.5
1118,to collect rain water,collect rain water,"['collect', 'rain', 'water']",collect rain water,Cup,cup,0.06325,0.93347,1.04556,1.02015,1.00023,0.84568,0.96902,1.0002274885654792,0.9700093010967525,1.0003300584061174,0.9845886952373296,2,2,2.0
1118,to hold money,hold money,"['hold', 'money']",hold money,Cup,cup,0.09662,1.02394,0.9422,0.9736,0.99196,1.17786,1.02191,0.9919582033606564,0.966213840465286,1.0061778010019342,0.973572109107983,2,3,2.5
1118,to hold pens and pencils,hold pens pencils,"['hold', 'pen', 'pencil']",hold pen pencil,Cup,cup,0.0072,0.90928,0.93681,0.99398,0.89974,0.9289,0.93374,0.8792820549862397,0.966213840465286,1.057718722586591,1.0482149775015999,2,3,2.5
1373,drink,drink,['drink'],drink,Cup,cup,-0.35451,0.51746,0.64113,0.83099,0.68732,0.74989,0.68536,0.6873177271530835,0.6986953039605902,0.6873177271530835,0.7405854048695588,1,1,1.0
1373,capture an insect,capture insect,"['capture', 'insect']",capture insect,Cup,cup,0.00416,0.8886,0.94747,0.89192,0.97675,1.12316,0.96558,0.9767505973109695,0.9795826321241239,1.0095076842805395,0.9880796417209846,3,3,3.0
1373,make circles,make circles,['circle'],circle,Cup,cup,0.11256,1.06713,0.91297,0.98664,1.01719,1.09529,1.01584,0.9645248978616224,0.9486533744732804,0.9645248978616224,1.0133256006140245,4,4,4.0
1373,science experiment,science experiment,"['science', 'experiment']",science experiment,Cup,cup,0.09149,0.99776,0.90585,1.05074,1.02763,1.1414,1.02468,1.027630308009403,0.9486533744732804,1.0208004864372864,0.9880796417209846,4,4,4.0
1373,games,games,['game'],game,Cup,cup,-0.13218,0.76019,0.95175,0.71715,0.98862,0.59124,0.80179,0.9370535307957297,0.9486533744732804,0.9370535307957297,1.0146268782262942,4,3,3.5
1373,eat from,eat,['eat'],eat,Cup,cup,-0.10682,0.74142,0.91542,0.90395,0.89761,0.90662,0.873,0.8976076984833965,0.9901347286703638,0.8976076984833965,0.9880796417209846,2,2,2.0
1373,storage,storage,['storage'],storage,Cup,cup,0.05112,0.92339,1.00224,0.95996,1.054,0.9634,0.9806,1.054002743024314,0.9915484506514576,1.054002743024314,0.9880796417209846,2,3,2.5
1533,to rink from,rink,['rink'],rink,Cup,cup,-0.05325,0.86529,0.91717,0.77742,1.01243,0.83414,0.88129,1.0124262465434835,0.9486533744732804,1.0124262465434835,0.9880796417209846,2,4,3.0
1533,to hold pens or pencils,hold pens pencils,"['hold', 'pen', 'pencil']",hold pen pencil,Cup,cup,0.0072,0.90928,0.93681,0.99398,0.89974,0.9289,0.93374,0.8792820549862397,0.966213840465286,1.057718722586591,1.0482149775015999,2,3,2.5
1533,use as a paper weight,use paper weight,"['paper', 'weight']",paper weight,Cup,cup,0.049,0.97337,0.92644,0.98457,1.01709,0.84866,0.95003,1.0051272456793123,0.9486533744732804,1.0424195498298467,0.9880796417209846,2,3,2.5
1488,put beverages in,put beverages,['beverage'],beverage,Cup,cup,0.1108,0.99732,1.08401,0.96897,0.89642,1.27625,1.04459,0.7668601709956708,0.9360611612134623,0.7668601709956708,0.973572109107983,1,1,1.0
1488,use as container for objects including other cups,use container objects including cups,"['container', 'object', 'including', 'cup']",container object including cup,Cup,cup,0.01767,0.92168,0.91435,0.99696,1.00141,0.83598,0.93408,0.9523227567441356,0.9486533744732804,1.003800929773323,0.9832250973770025,2,2,2.0
1488,stacking like cup stacking,stacking like cup stacking,"['stacking', 'like', 'cup', 'stacking']",stacking like cup stacking,Cup,cup,-0.03216,0.91594,0.93495,0.89475,0.81446,0.78933,0.86989,0.8144621342247634,0.9486533744732804,0.9828781331054219,0.967676808071808,3,2,2.5
1488,as decoration,decoration,['decoration'],decoration,Cup,cup,0.01789,0.90522,0.95958,0.91519,1.03347,0.95655,0.954,1.0334659020640857,0.9486533744732804,1.0334659020640857,0.9880796417209846,3,3,3.0
1488,part of an art project,part art project,"['art', 'project']",art project,Cup,cup,0.00123,0.88984,0.95182,0.91748,1.06514,0.78587,0.92203,1.058002500847067,0.9486533744732804,1.071564378236759,0.9880796417209846,3,3,3.0
1488,a mini hat,mini hat,"['mini', 'hat']",mini hat,Cup,cup,0.10643,1.05908,1.00593,0.93821,0.96145,0.97953,0.98884,0.9614462724053496,0.9614462724053496,0.9550331541534632,0.9880796417209846,4,4,4.0
1488,a weapon,weapon,['weapon'],weapon,Cup,cup,0.0195,0.87881,0.98351,0.97818,1.00283,0.97933,0.96453,1.0028333642337104,0.9486533744732804,1.0028333642337104,0.9880796417209846,3,3,3.0
1488,to spit,spit,['spit'],spit,Cup,cup,-0.09951,0.75679,0.86333,0.96053,0.8812,0.96633,0.88564,0.8812006219102394,0.9486533744732804,0.8812006219102394,0.9880796417209846,2,2,2.0
1460,holding pencils,holding pencils,"['holding', 'pencil']",holding pencil,Cup,cup,0.08997,0.97107,1.00488,1.03839,1.01286,1.01773,1.00899,0.9786224954078995,0.9915484506514576,0.9876601003543054,0.967676808071808,2,3,2.5
1460,drinking,drinking,['drinking'],drinking,Cup,cup,-0.24249,0.63779,0.75091,0.83641,0.77143,0.83234,0.76578,0.7714285643760478,0.9486533744732804,0.7714285643760478,0.7971296701462836,1,1,1.0
1460,painting,painting,['painting'],painting,Cup,cup,-0.00656,0.91333,0.88666,0.8929,0.98981,0.97721,0.93198,0.9898117908827783,0.9700093010967525,0.9898117908827783,0.9845886952373296,2,3,2.5
1460,two string communication thing,two string communication thing,"['string', 'communication']",string communication,Cup,cup,0.11901,1.00181,0.98544,0.98024,1.1353,1.16994,1.05455,0.918107915855829,0.9486533744732804,1.0240050349845213,0.9880796417209846,4,4,4.0
1503,contain a liquid,contain liquid,"['contain', 'liquid']",contain liquid,Cup,cup,0.12244,0.98267,1.01901,1.0407,1.11911,1.1024,1.05278,1.119108666896107,0.9638163695811361,1.1088190809933127,0.9251271214655962,1,1,1.0
1503,make a song,make song,['song'],song,Cup,cup,0.1348,1.05219,0.95657,1.08848,0.99972,1.11412,1.04222,0.9428384393097031,0.9486533744732804,0.9428384393097031,0.9832250973770025,3,4,3.5
1503,use as an amplifier,use amplifier,['amplifier'],amplifier,Cup,cup,0.13824,1.06087,1.06145,0.99943,1.02741,0.89458,1.00875,0.9867810277661759,0.9486533744732804,0.9867810277661759,0.9867810277661759,4,4,4.0
1603,drink,drink,['drink'],drink,Cup,cup,-0.35451,0.51746,0.64113,0.83099,0.68732,0.74989,0.68536,0.6873177271530835,0.6986953039605902,0.6873177271530835,0.7405854048695588,1,1,1.0
1603,pour,pour,['pour'],pour,Cup,cup,-0.26994,0.66591,0.66402,0.86212,0.64501,0.75615,0.71864,0.6450052264267678,0.9638163695811361,0.6450052264267678,0.9251271214655962,1,2,1.5
1603,hat,hat,['hat'],hat,Cup,cup,-0.08609,0.78818,0.91783,0.92454,0.90017,0.7754,0.86122,0.9001713414713912,0.9208679518474879,0.9001713414713912,0.9880796417209846,4,4,4.0
1603,stencil,stencil,['stencil'],stencil,Cup,cup,0.06555,1.00023,0.89012,0.97018,1.03806,1.0141,0.98254,1.0380591024311119,0.9486533744732804,1.0380591024311119,1.0380591024311119,4,3,3.5
1328,to drink out of,drink,['drink'],drink,Cup,cup,-0.35451,0.51746,0.64113,0.83099,0.68732,0.74989,0.68536,0.6873177271530835,0.6986953039605902,0.6873177271530835,0.7405854048695588,1,1,1.0
1328,to scoop water,scoop water,"['scoop', 'water']",scoop water,Cup,cup,0.10058,1.04575,0.95261,1.00395,0.97731,0.9751,0.99094,0.9773131710256611,0.9700093010967525,0.958611394464189,0.9845886952373296,2,1,1.5
1328,to bathe a baby,bathe baby,"['bathe', 'baby']",bathe baby,Cup,cup,0.07458,0.94803,1.05566,0.96287,0.97924,1.07001,1.00316,0.979236400448969,0.9486533744732804,1.041732063662308,0.9880796417209846,3,4,3.5
1328,to use in self defense,use self defense,"['self', 'defense']",self defense,Cup,cup,0.04905,0.97439,0.97099,0.92563,1.00945,0.85877,0.94785,0.9308807906810621,0.9308807906810621,1.002909370024893,0.9880796417209846,3,4,3.5
1328,to heat milk up in the microwave,heat milk microwave,"['heat', 'milk', 'microwave']",heat milk microwave,Cup,cup,-0.03572,0.82248,0.96659,0.88576,1.03345,0.87187,0.91603,1.0334529877944796,0.9901347286703638,0.9247638410851228,0.9880796417209846,2,2,2.0
1328,to eat food out of,eat food,"['eat', 'food']",eat food,Cup,cup,0.13842,1.00291,1.10209,0.97619,1.06445,1.17052,1.06323,1.0644502954781747,0.9901347286703638,1.027583188763456,0.9880796417209846,2,2,2.0
1472,to drink,drink,['drink'],drink,Cup,cup,-0.35451,0.51746,0.64113,0.83099,0.68732,0.74989,0.68536,0.6873177271530835,0.6986953039605902,0.6873177271530835,0.7405854048695588,1,1,1.0
1472,to pour,pour,['pour'],pour,Cup,cup,-0.26994,0.66591,0.66402,0.86212,0.64501,0.75615,0.71864,0.6450052264267678,0.9638163695811361,0.6450052264267678,0.9251271214655962,2,1,1.5
1472,to scoop,scoop,['scoop'],scoop,Cup,cup,-0.06928,0.82055,0.91199,0.85436,0.95861,0.86364,0.88183,0.958611394464189,0.9700093010967525,0.958611394464189,0.9845886952373296,2,2,2.0
1472,to splash,splash,['splash'],splash,Cup,cup,-0.04731,0.85097,0.86798,0.91327,1.01549,0.82026,0.89359,1.0154898268648396,0.9486533744732804,1.0154898268648396,0.9880796417209846,2,1,1.5
1472,to break,break,['break'],break,Cup,cup,-0.11729,0.72183,0.89558,0.84541,1.06171,0.78283,0.86147,1.0617103235610301,0.9486533744732804,1.0617103235610301,1.0795285138157147,2,2,2.0
1472,to weapon,weapon,['weapon'],weapon,Cup,cup,0.0195,0.87881,0.98351,0.97818,1.00283,0.97933,0.96453,1.0028333642337104,0.9486533744732804,1.0028333642337104,0.9880796417209846,3,3,3.0
1472,to reflect,reflect,['reflect'],reflect,Cup,cup,0.10096,0.9705,1.08138,0.99088,1.04738,0.9512,1.00827,1.047381206183509,0.9486533744732804,1.047381206183509,0.9880796417209846,3,4,3.5
1614,drinking,drinking,['drinking'],drinking,Cup,cup,-0.24249,0.63779,0.75091,0.83641,0.77143,0.83234,0.76578,0.7714285643760478,0.9486533744732804,0.7714285643760478,0.7971296701462836,1,1,1.0
1614,mixing paint,mixing paint,"['mixing', 'paint']",mixing paint,Cup,cup,0.08167,0.96491,1.01316,0.96753,1.05028,1.03295,1.00577,1.0502806292581401,0.9901347286703638,1.03160204814874,0.9880796417209846,2,2,2.0
1614,baking a cupcake,baking cupcake,"['baking', 'cupcake']",baking cupcake,Cup,cup,0.0894,0.96827,1.11848,0.86013,1.13135,0.84821,0.98529,1.1313532944081937,0.9486533744732804,0.9663814252741701,0.9880796417209846,3,2,2.5
1614,storing utensils,storing utensils,"['storing', 'utensil']",storing utensil,Cup,cup,0.10632,1.03227,1.03607,1.04565,0.87961,0.94387,0.98749,0.9522003659306613,0.9486533744732804,1.0460973015319979,0.9880796417209846,2,3,2.5
1614,making music with it,making music,"['making', 'music']",making music,Cup,cup,0.11302,1.04475,0.99628,0.96263,0.96008,1.15385,1.02352,0.9600784949409052,0.9486533744732804,1.0096528243902796,0.9880796417209846,3,4,3.5
1320,shoe,shoe,['shoe'],shoe,Cup,cup,-0.06621,0.7934,0.90615,0.94879,0.92093,0.95146,0.90415,0.920934287898852,0.9486533744732804,0.920934287898852,0.920934287898852,5,3,4.0
1320,spoon,spoon,['spoon'],spoon,Cup,cup,-0.31763,0.63846,0.77183,0.6698,0.50417,0.73197,0.66325,0.5041745790577264,0.9486533744732804,0.5041745790577264,0.9880796417209846,3,4,3.5
1320,beverage holder,beverage holder,"['beverage', 'holder']",beverage holder,Cup,cup,0.14621,1.08058,1.06052,0.99642,0.89897,1.15628,1.03855,0.8989715209100179,0.9360611612134623,0.9895263504000646,0.967676808071808,1,1,1.0
1320,pencil case,pencil case,"['pencil', 'case']",pencil case,Cup,cup,0.08553,0.96293,0.91244,1.10282,1.06207,1.07131,1.02231,1.0620703753672078,0.9360611612134623,1.0641225790155648,0.967676808071808,2,3,2.5
1320,vase,vase,['vase'],vase,Cup,cup,-0.266,0.62198,0.81791,0.64809,0.83031,0.76767,0.73719,0.8303076139501593,0.9486533744732804,0.8303076139501593,0.9880796417209846,3,4,3.5
1320,cupping,cupping,['cupping'],cupping,Cup,cup,-0.21227,0.62572,0.85701,0.83099,0.75677,1.00865,0.81583,0.7567720777989508,0.9486533744732804,0.7567720777989508,0.9880796417209846,3,4,3.5
1320,art,art,['art'],art,Cup,cup,0.03061,0.94072,0.96294,0.93073,0.99105,0.90621,0.94633,0.9910471413548384,0.9486533744732804,0.9910471413548384,0.9880796417209846,3,3,3.0
1463,holding liquid,holding liquid,"['holding', 'liquid']",holding liquid,Cup,cup,0.06953,0.98105,0.9979,0.92107,0.98188,1.07635,0.99165,0.9818818996366128,0.9915484506514576,0.9542007469413968,0.9251271214655962,1,1,1.0
1463,holding solid,holding solid,"['holding', 'solid']",holding solid,Cup,cup,0.15194,1.08462,1.02135,0.9543,1.061,1.11664,1.04758,1.0610046251745668,0.9915484506514576,1.0061385805771415,0.967676808071808,2,2,2.0
1463,heating,heating,['heating'],heating,Cup,cup,-0.01609,0.86886,0.89093,0.91202,1.06547,0.94051,0.93556,1.065465898919253,0.9486533744732804,1.065465898919253,1.065465898919253,2,3,2.5
1463,cooling,cooling,['cooling'],cooling,Cup,cup,-0.05415,0.82826,0.86994,0.90055,0.98613,0.98901,0.91478,0.9861349938777252,0.9486533744732804,0.9861349938777252,0.9880796417209846,2,3,2.5
1463,drinking,drinking,['drinking'],drinking,Cup,cup,-0.24249,0.63779,0.75091,0.83641,0.77143,0.83234,0.76578,0.7714285643760478,0.9486533744732804,0.7714285643760478,0.7971296701462836,1,1,1.0
1463,eating,eating,['eating'],eating,Cup,cup,-0.07905,0.7851,0.91847,0.95558,0.86648,0.88437,0.882,0.8664821306135768,0.9486533744732804,0.8664821306135768,0.8664821306135768,2,2,2.0
1463,breaking,breaking,['breaking'],breaking,Cup,cup,-0.02164,0.85278,1.0213,0.9001,0.93697,0.81056,0.90434,0.9369725012430096,0.9486533744732804,0.9369725012430096,0.9880796417209846,2,3,2.5
1463,throwing/tossing,throwing tossing,"['throwing', 'tossing']",throwing tossing,Cup,cup,0.12009,1.0334,1.00646,0.9726,1.04192,1.09403,1.02968,1.041923422180396,0.9486533744732804,1.0124989614287625,0.9880796417209846,3,3,3.0
1463,storage,storage,['storage'],storage,Cup,cup,0.05112,0.92339,1.00224,0.95996,1.054,0.9634,0.9806,1.054002743024314,0.9915484506514576,1.054002743024314,0.9880796417209846,2,2,2.0
1442,drink out of,drink,['drink'],drink,Cup,cup,-0.35451,0.51746,0.64113,0.83099,0.68732,0.74989,0.68536,0.6873177271530835,0.6986953039605902,0.6873177271530835,0.7405854048695588,1,1,1.0
1442,measure liquids,measure liquids,"['measure', 'liquid']",measure liquid,Cup,cup,0.09477,0.95884,1.0074,1.07795,0.99797,1.09111,1.02665,0.9550255493584477,0.9638163695811361,0.9542007469413968,0.9251271214655962,2,2,2.0
1442,store items,store items,"['store', 'item']",store item,Cup,cup,0.13092,1.08233,0.97411,1.01008,0.91648,1.17027,1.03065,0.9544266991010766,0.9915484506514576,1.0486823931650733,1.0482149775015999,2,2,2.0
1442,draw on,draw,['draw'],draw,Cup,cup,-0.03682,0.85064,0.98471,0.86633,1.04131,0.61051,0.8707,1.0413112341333128,0.9486533744732804,1.0413112341333128,1.0133256006140245,3,3,3.0
1442,scoop sand with to make a sand castle,scoop sand make sand castle,"['scoop', 'sand', 'sand', 'castle']",scoop sand sand castle,Cup,cup,0.02272,0.9212,1.02256,0.94115,0.9611,0.75318,0.91984,1.0244729010609819,0.9486533744732804,1.0902188702258013,0.9845886952373296,3,3,3.0
1442,microwave with a liquid inside,microwave liquid inside,"['microwave', 'liquid', 'inside']",microwave liquid inside,Cup,cup,0.02488,0.8795,0.98907,1.00614,1.01237,0.9298,0.96338,1.0123693475691955,0.9638163695811361,0.9562725349607198,0.9251271214655962,1,2,1.5
1442,wash,wash,['wash'],wash,Cup,cup,-0.12947,0.74064,0.92952,0.88175,0.73476,0.95715,0.84876,0.7347618180285871,0.9486533744732804,0.7347618180285871,0.9880796417209846,2,2,2.0
1442,spit in,spit,['spit'],spit,Cup,cup,-0.09951,0.75679,0.86333,0.96053,0.8812,0.96633,0.88564,0.8812006219102394,0.9486533744732804,0.8812006219102394,0.9880796417209846,2,2,2.0
1442,use as an outline for a circle,use outline circle,"['outline', 'circle']",outline circle,Cup,cup,0.0651,0.96567,0.97716,1.02947,1.00597,0.84508,0.96467,0.9758941102372722,0.9486533744732804,1.0205950759459865,1.0133256006140245,4,3,3.5
1413,hold liquids,hold liquids,"['hold', 'liquid']",hold liquid,Cup,cup,0.11449,1.04683,0.96274,0.97364,1.04622,1.06304,1.01849,1.0355407167691388,0.9638163695811361,0.9656921804847949,0.9745337530960322,1,1,1.0
1413,hold household items toothbrush,hold household items toothbrush,"['hold', 'household', 'item', 'toothbrush']",hold household item toothbrush,Cup,cup,0.14418,1.12255,0.97255,0.93799,1.04583,0.97927,1.01164,1.0249043851791257,0.966213840465286,1.0486823931650733,0.973572109107983,2,3,2.5
1413,stack cups,stack cups,"['stack', 'cup']",stack cup,Cup,cup,0.09297,1.03085,0.98303,0.96663,0.94433,1.04394,0.99376,0.9207153035022013,0.9486533744732804,0.8684097884135616,0.9832250973770025,3,3,3.0
1413,throw at something,throw something,['throw'],throw,Cup,cup,0.09249,0.98001,0.98795,1.07474,0.94815,1.08966,1.0161,1.0032563219860833,0.9700093010967525,1.0032563219860833,0.9832250973770025,3,3,3.0
1507,holding things,holding things,['holding'],holding,Cup,cup,0.05638,1.01083,0.91617,0.90446,0.92976,1.13047,0.97834,0.8894716787772748,0.9915484506514576,0.8894716787772748,0.967676808071808,2,3,2.5
1563,to drink something,drink something,['drink'],drink,Cup,cup,0.12309,1.00563,1.07542,0.97907,0.9777,1.21339,1.05024,0.6873177271530835,0.6986953039605902,0.6873177271530835,0.7405854048695588,1,1,1.0
1563,to pour liquid from one place to another,pour liquid one place another,"['pour', 'liquid', 'place']",pour liquid place,Cup,cup,-0.02639,0.86816,0.92218,0.97358,0.91721,0.83254,0.90273,0.95699427570261,0.9638163695811361,0.9542007469413968,0.9251271214655962,2,1,1.5
1563,to stack and make a pyramid,stack make pyramid,"['stack', 'pyramid']",stack pyramid,Cup,cup,-0.02803,0.79426,0.99997,0.91122,1.10433,0.84248,0.93045,0.9957926135661911,0.9486533744732804,0.9964430962438866,0.9880796417209846,3,3,3.0
1563,to make food in the microwave,make food microwave,"['food', 'microwave']",food microwave,Cup,cup,-0.06498,0.84047,0.89604,0.89604,0.8928,0.86089,0.87725,0.9965316391468148,0.9901347286703638,1.027583188763456,0.9880796417209846,2,2,2.0
1622,drink,drink,['drink'],drink,Cup,cup,-0.35451,0.51746,0.64113,0.83099,0.68732,0.74989,0.68536,0.6873177271530835,0.6986953039605902,0.6873177271530835,0.7405854048695588,1,1,1.0
1622,pencil holder,pencil holder,"['pencil', 'holder']",pencil holder,Cup,cup,0.06971,0.99283,1.01997,0.9757,0.87681,0.98298,0.96966,0.8768074463634676,0.9360611612134623,0.9895263504000646,0.967676808071808,2,3,2.5
1622,glasses,glasses,['glass'],glass,Cup,cup,-0.11166,0.75409,0.88609,0.91762,0.85702,0.90179,0.86332,0.7833228536760339,0.9486533744732804,0.7833228536760339,0.8426684491473236,3,1,2.0
1622,cup stacking game,cup stacking game,"['cup', 'stacking', 'game']",cup stacking game,Cup,cup,0.01048,0.90894,0.76243,1.00353,1.05507,1.26485,0.99896,1.0550674066363948,0.9486533744732804,0.9370535307957297,1.0146268782262942,3,3,3.0
1622,magic trick,magic trick,"['magic', 'trick']",magic trick,Cup,cup,0.11279,0.97698,1.11423,1.0554,0.93751,1.00827,1.01848,0.9375096595602039,0.9486533744732804,1.0990323526299235,0.9880796417209846,4,4,4.0
1622,high heels,high heels,"['high', 'heel']",high heel,Cup,cup,0.12745,1.02455,1.07522,0.94944,1.05098,1.05454,1.03095,1.00157015542025,0.9486533744732804,1.0153989117116429,0.9880796417209846,5,5,5.0
1547,drinking,drinking,['drinking'],drinking,Cup,cup,-0.24249,0.63779,0.75091,0.83641,0.77143,0.83234,0.76578,0.7714285643760478,0.9486533744732804,0.7714285643760478,0.7971296701462836,1,1,1.0
1547,heating up something,heating something,['heating'],heating,Cup,cup,0.15296,1.05027,1.0084,1.025,1.05679,1.25004,1.0781,1.065465898919253,0.9486533744732804,1.065465898919253,1.065465898919253,2,2,2.0
1547,trapping something like an insect/bug,trapping something like insect bug,"['trapping', 'like', 'insect', 'bug']",trapping like insect bug,Cup,cup,0.05443,0.89893,1.041,1.01219,1.08113,0.84244,0.97514,1.0261133031694838,0.9795826321241239,1.1300274494298195,0.9880796417209846,3,3,3.0
1547,amplifies sound when you put your phone in it,amplifies sound put phone,"['amplifies', 'sound', 'phone']",amplifies sound phone,Cup,cup,0.10058,1.03537,1.07291,0.9046,1.00504,0.82257,0.9681,1.0548941492765442,0.9700093010967525,1.0030364334879995,1.0072556670520472,4,4,4.0
1547,scoop,scoop,['scoop'],scoop,Cup,cup,-0.06928,0.82055,0.91199,0.85436,0.95861,0.86364,0.88183,0.958611394464189,0.9700093010967525,0.958611394464189,0.9845886952373296,2,2,2.0
1547,mixer,mixer,['mixer'],mixer,Cup,cup,-0.02859,0.88483,0.95601,0.89136,0.8633,0.90027,0.89915,0.863298901289465,0.9486533744732804,0.863298901289465,0.9880796417209846,2,2,2.0
1514,drinking,drinking,['drinking'],drinking,Cup,cup,-0.24249,0.63779,0.75091,0.83641,0.77143,0.83234,0.76578,0.7714285643760478,0.9486533744732804,0.7714285643760478,0.7971296701462836,1,1,1.0
1514,hat,hat,['hat'],hat,Cup,cup,-0.08609,0.78818,0.91783,0.92454,0.90017,0.7754,0.86122,0.9001713414713912,0.9208679518474879,0.9001713414713912,0.9880796417209846,4,4,4.0
1514,pen holder,pen holder,"['pen', 'holder']",pen holder,Cup,cup,0.12304,1.04126,0.99242,1.01072,0.98678,1.14318,1.03487,0.9867812408435456,0.9364001358330744,1.057718722586591,1.0482149775015999,2,3,2.5
1514,stacking,stacking,['stacking'],stacking,Cup,cup,0.02303,0.9782,0.84594,0.9787,0.8878,1.04426,0.94698,0.8878019367614212,0.9486533744732804,0.8878019367614212,0.967676808071808,3,3,3.0
1514,cleaning paint brushes,cleaning paint brushes,"['cleaning', 'paint', 'brush']",cleaning paint brush,Cup,cup,0.04617,0.96005,0.90634,0.97096,0.99523,1.07277,0.98107,1.0587498094397685,0.9901347286703638,1.03160204814874,0.9880796417209846,2,2,2.0
1514,hide something under it,hide something,['hide'],hide,Cup,cup,0.09147,0.95523,0.99438,1.00146,1.11681,1.07461,1.0285,1.0449632652071104,0.9486533744732804,1.0449632652071104,0.9880796417209846,3,3,3.0
1514,decoration,decoration,['decoration'],decoration,Cup,cup,0.01789,0.90522,0.95958,0.91519,1.03347,0.95655,0.954,1.0334659020640857,0.9486533744732804,1.0334659020640857,0.9880796417209846,3,3,3.0
1528,to hold things,hold things,['hold'],hold,Cup,cup,0.06937,0.96529,0.98449,0.97054,0.95556,1.16216,1.00761,0.9656921804847949,0.966213840465286,0.9656921804847949,0.973572109107983,2,3,2.5
1528,to drink from,drink,['drink'],drink,Cup,cup,-0.35451,0.51746,0.64113,0.83099,0.68732,0.74989,0.68536,0.6873177271530835,0.6986953039605902,0.6873177271530835,0.7405854048695588,1,1,1.0
1528,to play games,play games,"['play', 'game']",play game,Cup,cup,0.08786,0.98729,1.03893,0.95548,0.97349,1.05904,1.00285,0.9702346031335488,0.9486533744732804,1.079271334418431,1.0146268782262942,3,3,3.0
1528,used in baseball for protection,used baseball protection,"['baseball', 'protection']",baseball protection,Cup,cup,0.03231,0.93113,0.93902,1.04409,0.95942,0.8409,0.94291,0.9836306610136811,0.9486533744732804,0.9877890177889036,0.9880796417209846,4,4,4.0
1551,to hold a liquid,hold liquid,"['hold', 'liquid']",hold liquid,Cup,cup,0.10073,1.01889,0.96771,0.96935,1.03554,1.09494,1.01729,1.0355407167691388,0.9638163695811361,0.9656921804847949,0.9745337530960322,1,2,1.5
1551,to trap a bug,trap bug,"['trap', 'bug']",trap bug,Cup,cup,0.06506,0.99803,0.89921,0.97973,0.99226,1.06397,0.98664,0.9922574458072287,0.9904269718261044,1.1300274494298195,0.9880796417209846,3,3,3.0
1551,to drink from,drink,['drink'],drink,Cup,cup,-0.35451,0.51746,0.64113,0.83099,0.68732,0.74989,0.68536,0.6873177271530835,0.6986953039605902,0.6873177271530835,0.7405854048695588,1,1,1.0
1366,drinking,drinking,['drinking'],drinking,Cup,cup,-0.24249,0.63779,0.75091,0.83641,0.77143,0.83234,0.76578,0.7714285643760478,0.9486533744732804,0.7714285643760478,0.7971296701462836,1,1,1.0
1366,holding liquid,holding liquid,"['holding', 'liquid']",holding liquid,Cup,cup,0.06953,0.98105,0.9979,0.92107,0.98188,1.07635,0.99165,0.9818818996366128,0.9915484506514576,0.9542007469413968,0.9251271214655962,1,1,1.0
1366,pouring,pouring,['pouring'],pouring,Cup,cup,-0.23542,0.67744,0.7596,0.84538,0.64964,0.84357,0.75513,0.6496364963565855,0.9486533744732804,0.6496364963565855,0.9880796417209846,2,2,2.0
1366,pencil holder,pencil holder,"['pencil', 'holder']",pencil holder,Cup,cup,0.06971,0.99283,1.01997,0.9757,0.87681,0.98298,0.96966,0.8768074463634676,0.9360611612134623,0.9895263504000646,0.967676808071808,2,3,2.5
1366,throwing as a weapon,throwing weapon,"['throwing', 'weapon']",throwing weapon,Cup,cup,0.01412,0.86739,0.92597,0.99678,1.01515,1.12552,0.98616,1.0151523778625555,0.9486533744732804,1.0124989614287625,0.9880796417209846,3,3,3.0
1366,shovel,shovel,['shovel'],shovel,Cup,cup,-0.03486,0.83588,0.90143,0.93839,0.96886,1.0209,0.93309,0.9688560854821412,0.9700093010967525,0.9688560854821412,0.9845886952373296,3,3,3.0
1511,holding a liquid,holding liquid,"['holding', 'liquid']",holding liquid,Cup,cup,0.06953,0.98105,0.9979,0.92107,0.98188,1.07635,0.99165,0.9818818996366128,0.9915484506514576,0.9542007469413968,0.9251271214655962,1,1,1.0
1511,trapping a spider,trapping spider,"['trapping', 'spider']",trapping spider,Cup,cup,0.1393,1.05123,1.00394,1.03106,1.02068,1.12505,1.04639,1.0206816399069356,0.9795826321241239,1.107204980959128,0.9880796417209846,3,3,3.0
1511,softening a stick of butter by microwave it first,softening stick butter microwave first,"['softening', 'stick', 'butter', 'microwave']",softening stick butter microwave,Cup,cup,0.11734,1.03479,1.01013,0.96155,1.07743,0.98258,1.0133,1.135119177651974,0.9901347286703638,0.9929131150098025,0.9880796417209846,2,2,2.0
1511,stacking,stacking,['stacking'],stacking,Cup,cup,0.02303,0.9782,0.84594,0.9787,0.8878,1.04426,0.94698,0.8878019367614212,0.9486533744732804,0.8878019367614212,0.967676808071808,3,3,3.0
1599,To drink out of,to drink,['drink'],drink,Cup,cup,0.11397,0.90914,1.14885,1.06112,1.02343,1.20583,1.06967,0.6873177271530835,0.6986953039605902,0.6873177271530835,0.7405854048695588,1,1,1.0
1599,to eat out of,eat,['eat'],eat,Cup,cup,-0.10682,0.74142,0.91542,0.90395,0.89761,0.90662,0.873,0.8976076984833965,0.9901347286703638,0.8976076984833965,0.9880796417209846,2,2,2.0
1599,to decorate,decorate,['decorate'],decorate,Cup,cup,-0.05019,0.81041,0.89282,0.90792,1.03207,0.97307,0.92326,1.0320688304672376,0.9486533744732804,1.0320688304672376,0.9880796417209846,3,3,3.0
1599,to collect,collect,['collect'],collect,Cup,cup,-0.02566,0.87036,0.96312,0.93888,0.8717,0.87192,0.9032,0.8716984528970122,0.9700093010967525,0.8716984528970122,0.9845886952373296,4,3,3.5
1599,to break,break,['break'],break,Cup,cup,-0.11729,0.72183,0.89558,0.84541,1.06171,0.78283,0.86147,1.0617103235610301,0.9486533744732804,1.0617103235610301,1.0795285138157147,3,3,3.0
1531,for drinking liquids,drinking liquids,"['drinking', 'liquid']",drinking liquid,Cup,cup,0.10285,0.98607,0.9718,1.084,1.01436,1.0804,1.02733,0.9774030187066054,0.9638163695811361,0.9542007469413968,0.7971296701462836,1,1,1.0
1531,for eating,eating,['eating'],eating,Cup,cup,-0.07905,0.7851,0.91847,0.95558,0.86648,0.88437,0.882,0.8664821306135768,0.9486533744732804,0.8664821306135768,0.8664821306135768,2,2,2.0
1531,for serving liquids,serving liquids,"['serving', 'liquid']",serving liquid,Cup,cup,0.11609,1.04705,0.9797,0.93043,1.06968,1.09178,1.02373,1.0837898613954118,0.9638163695811361,0.9542007469413968,0.9251271214655962,1,2,1.5
1531,for hidings things,hidings things,['hiding'],hiding,Cup,cup,-0.02324,0.82254,0.96478,0.94502,1.05774,0.83538,0.92509,1.0824572165312987,0.9486533744732804,1.0824572165312987,0.9880796417209846,3,3,3.0
1531,stacking,stacking,['stacking'],stacking,Cup,cup,0.02303,0.9782,0.84594,0.9787,0.8878,1.04426,0.94698,0.8878019367614212,0.9486533744732804,0.8878019367614212,0.967676808071808,3,3,3.0
1531,for painting,painting,['painting'],painting,Cup,cup,-0.00656,0.91333,0.88666,0.8929,0.98981,0.97721,0.93198,0.9898117908827783,0.9700093010967525,0.9898117908827783,0.9845886952373296,3,3,3.0
1382,drink out of,drink,['drink'],drink,Cup,cup,-0.35451,0.51746,0.64113,0.83099,0.68732,0.74989,0.68536,0.6873177271530835,0.6986953039605902,0.6873177271530835,0.7405854048695588,1,1,1.0
1382,stacking game,stacking game,"['stacking', 'game']",stacking game,Cup,cup,0.1323,1.07096,0.97291,1.01273,1.01667,1.05156,1.02497,1.0166742582061954,0.9486533744732804,0.9370535307957297,1.0146268782262942,3,3,3.0
1382,build a tower,build tower,"['build', 'tower']",build tower,Cup,cup,0.03661,0.92155,0.9316,0.96973,1.03642,1.04547,0.98095,1.0364161314381464,0.9486533744732804,1.1167858241498057,0.9880796417209846,4,3,3.5
1382,pong,pong,['pong'],pong,Cup,cup,-0.0536,0.84876,0.90163,0.86371,0.96204,0.87942,0.89111,0.9620383658647614,0.9486533744732804,0.9620383658647614,0.9832250973770025,4,3,3.5
1382,hold things,hold things,['hold'],hold,Cup,cup,0.06937,0.96529,0.98449,0.97054,0.95556,1.16216,1.00761,0.9656921804847949,0.966213840465286,0.9656921804847949,0.973572109107983,2,3,2.5
1382,sand castle mold,sand castle mold,"['sand', 'castle', 'mold']",sand castle mold,Cup,cup,0.08941,1.0053,1.03541,0.98078,0.99357,0.84031,0.97107,0.9935743380887442,0.9486533744732804,1.0902188702258013,0.9845886952373296,3,3,3.0
1382,ice tray,ice tray,"['ice', 'tray']",ice tray,Cup,cup,0.14325,1.10016,0.99914,1.04561,0.9561,0.92831,1.00586,0.9560987232446783,0.9486533744732804,0.981926385178756,0.9880796417209846,3,4,3.5
1382,pencil holder,pencil holder,"['pencil', 'holder']",pencil holder,Cup,cup,0.06971,0.99283,1.01997,0.9757,0.87681,0.98298,0.96966,0.8768074463634676,0.9360611612134623,0.9895263504000646,0.967676808071808,2,3,2.5
1382,decoration,decoration,['decoration'],decoration,Cup,cup,0.01789,0.90522,0.95958,0.91519,1.03347,0.95655,0.954,1.0334659020640857,0.9486533744732804,1.0334659020640857,0.9880796417209846,3,3,3.0
1417,drinking,drinking,['drinking'],drinking,Cup,cup,-0.24249,0.63779,0.75091,0.83641,0.77143,0.83234,0.76578,0.7714285643760478,0.9486533744732804,0.7714285643760478,0.7971296701462836,1,1,1.0
1417,weapon,weapon,['weapon'],weapon,Cup,cup,0.0195,0.87881,0.98351,0.97818,1.00283,0.97933,0.96453,1.0028333642337104,0.9486533744732804,1.0028333642337104,0.9880796417209846,3,3,3.0
1417,decor,decor,['decor'],decor,Cup,cup,0.01474,0.9085,0.92483,0.94839,1.01021,0.97402,0.95319,1.0102051798987617,0.9486533744732804,1.0102051798987617,0.9880796417209846,3,3,3.0
1417,hold things,hold things,['hold'],hold,Cup,cup,0.06937,0.96529,0.98449,0.97054,0.95556,1.16216,1.00761,0.9656921804847949,0.966213840465286,0.9656921804847949,0.973572109107983,2,3,2.5
1417,place phone against to prop it up,place phone prop,"['place', 'phone', 'prop']",place phone prop,Cup,cup,0.09642,1.01775,0.97411,1.02929,1.059,0.79399,0.97483,1.0590027748720812,0.9700093010967525,0.9555130176949703,1.0229588160667353,2,3,2.5
1417,transfer liquid to something else,transfer liquid something else,"['transfer', 'liquid']",transfer liquid,Cup,cup,0.05835,0.9102,1.02447,1.00182,0.97502,1.14042,1.01039,0.9755876217270072,0.9638163695811361,0.9734945865356097,0.9251271214655962,2,2,2.0
1417,to trap a bug,trap bug,"['trap', 'bug']",trap bug,Cup,cup,0.06506,0.99803,0.89921,0.97973,0.99226,1.06397,0.98664,0.9922574458072287,0.9904269718261044,1.1300274494298195,0.9880796417209846,3,3,3.0
1453,to hold things,hold things,['hold'],hold,Cup,cup,0.06937,0.96529,0.98449,0.97054,0.95556,1.16216,1.00761,0.9656921804847949,0.966213840465286,0.9656921804847949,0.973572109107983,2,3,2.5
1453,to pour things,pour things,['pour'],pour,Cup,cup,0.10014,1.0353,1.05874,0.95607,0.82632,1.11993,0.99927,0.6450052264267678,0.9638163695811361,0.6450052264267678,0.9251271214655962,2,2,2.0
1453,to cover,cover,['cover'],cover,Cup,cup,0.04981,0.95563,1.03444,0.99137,0.87668,0.88068,0.94776,0.8766772298223839,0.9795826321241239,0.8766772298223839,0.9880796417209846,2,3,2.5
1440,mug for coffee,mug coffee,"['mug', 'coffee']",mug coffee,Cup,cup,0.08999,0.93229,1.08602,1.07381,0.93743,1.0744,1.02079,0.9374314771393377,0.8290253106376322,0.5974440994666411,0.9880796417209846,1,2,1.5
1440,wine glass,wine glass,"['wine', 'glass']",wine glass,Cup,cup,0.10927,0.99255,0.99023,1.05213,1.00463,1.16676,1.04126,1.0046309758586454,0.9486533744732804,0.7833228536760339,0.8426684491473236,1,2,1.5
1440,champagne glass,champagne glass,"['champagne', 'glass']",champagne glass,Cup,cup,0.10715,1.01132,1.00022,1.00366,1.03078,1.03539,1.01627,1.0307794799822436,0.9486533744732804,0.8106741935684729,0.8426684491473236,1,2,1.5
1440,drinking,drinking,['drinking'],drinking,Cup,cup,-0.24249,0.63779,0.75091,0.83641,0.77143,0.83234,0.76578,0.7714285643760478,0.9486533744732804,0.7714285643760478,0.7971296701462836,1,1,1.0
1440,use to hold things like pencils,use hold things like pencils,"['hold', 'like', 'pencil']",hold like pencil,Cup,cup,-0.0633,0.80166,0.89105,0.93121,0.88312,1.12149,0.92571,0.9966954045661112,0.966213840465286,0.9876601003543054,0.973572109107983,2,3,2.5
1506,drink,drink,['drink'],drink,Cup,cup,-0.35451,0.51746,0.64113,0.83099,0.68732,0.74989,0.68536,0.6873177271530835,0.6986953039605902,0.6873177271530835,0.7405854048695588,1,1,1.0
1506,hold pens,hold pens,"['hold', 'pen']",hold pen,Cup,cup,0.11707,0.9994,1.09616,1.00049,0.92514,1.15134,1.03451,0.990333908379635,0.966213840465286,1.057718722586591,1.0482149775015999,2,3,2.5
1506,hold snacks,hold snacks,"['hold', 'snack']",hold snack,Cup,cup,0.08457,0.99881,0.9303,0.9805,1.0101,1.18071,1.02008,0.9754481888063873,0.966213840465286,0.9656921804847949,0.973572109107983,2,2,2.0
1497,drink liquids from,drink liquids,"['drink', 'liquid']",drink liquid,Cup,cup,0.10096,0.98557,0.98507,1.04608,1.01545,1.11274,1.02898,0.9977394437835012,0.9821083172636579,0.9542007469413968,0.7405854048695588,1,1,1.0
1497,make a cup pyramid,make cup pyramid,"['cup', 'pyramid']",cup pyramid,Cup,cup,-0.00762,0.84813,1.064,0.96601,0.92087,0.73493,0.90679,0.9405930033063591,0.9486533744732804,0.9964430962438866,0.9832250973770025,3,3,3.0
1458,speaker,speaker,['speaker'],speaker,Cup,cup,0.04641,0.94444,0.98439,0.89949,1.02591,1.03687,0.97822,1.0259096280257551,0.9700093010967525,1.0259096280257551,1.0072556670520472,4,4,4.0
1458,fill with water,fill water,"['fill', 'water']",fill water,Cup,cup,0.02857,0.82732,1.04877,0.97685,1.06972,1.11266,1.00706,1.0697192129902187,0.9700093010967525,0.8289821807224794,0.9845886952373296,1,1,1.0
1458,measuring cup,measuring cup,"['measuring', 'cup']",measuring cup,Cup,cup,0.10619,1.0034,1.11803,0.99916,0.90805,0.92277,0.99028,0.9080528497419896,0.9486533744732804,0.8937253415846769,0.9832250973770025,2,2,2.0
1458,bail water out of boat,bail water boat,"['bail', 'water', 'boat']",bail water boat,Cup,cup,-0.05092,0.83002,0.91683,0.96032,0.92211,0.8167,0.8892,0.9221107769232265,0.9700093010967525,1.0846052008553086,0.9845886952373296,5,4,4.5
1458,bowl,bowl,['bowl'],bowl,Cup,cup,-0.39684,0.57898,0.66293,0.66904,0.44932,0.57716,0.58749,0.4493228649381118,0.9901347286703638,0.4493228649381118,0.9880796417209846,2,2,2.0
1330,hold food/liquids,hold food liquids,"['hold', 'food', 'liquid']",hold food liquid,Cup,cup,-0.00131,0.85748,0.99864,0.97818,0.9561,0.88835,0.93575,0.9655598918263504,0.9638163695811361,1.027583188763456,0.9745337530960322,2,1,1.5
1330,mold for sand or concrete,mold sand concrete,"['mold', 'sand', 'concrete']",mold sand concrete,Cup,cup,0.07031,1.02671,0.93862,0.92059,1.00466,0.91344,0.9608,1.004662867589144,0.9486533744732804,1.0144571641160214,0.9845886952373296,3,3,3.0
1330,use the top for cookie cutters,use top cookie cutters,"['cookie', 'cutter']",cookie cutter,Cup,cup,0.03599,0.91513,0.9236,0.96227,1.06121,1.08201,0.98884,0.9424193363661829,0.9424193363661829,1.024295702751501,0.9880796417209846,4,4,4.0
1330,stencil,stencil,['stencil'],stencil,Cup,cup,0.06555,1.00023,0.89012,0.97018,1.03806,1.0141,0.98254,1.0380591024311119,0.9486533744732804,1.0380591024311119,1.0380591024311119,4,3,3.5
1513,drink out of,drink,['drink'],drink,Cup,cup,-0.35451,0.51746,0.64113,0.83099,0.68732,0.74989,0.68536,0.6873177271530835,0.6986953039605902,0.6873177271530835,0.7405854048695588,1,1,1.0
1513,pour things in to,pour things,['pour'],pour,Cup,cup,0.10014,1.0353,1.05874,0.95607,0.82632,1.11993,0.99927,0.6450052264267678,0.9638163695811361,0.6450052264267678,0.9251271214655962,2,2,2.0
1513,store candy,store candy,"['store', 'candy']",store candy,Cup,cup,0.13734,1.02064,1.12298,0.99525,0.97811,1.07795,1.03899,0.9781077769462521,0.9360611612134623,1.0155303111564762,1.0482149775015999,2,2,2.0
1513,magic tricks,magic tricks,"['magic', 'trick']",magic trick,Cup,cup,0.06639,0.90698,1.11245,1.01949,0.89814,1.06945,1.0013,0.9375096595602039,0.9486533744732804,1.0990323526299235,0.9880796417209846,4,4,4.0
1559,hold a drink,hold drink,"['hold', 'drink']",hold drink,Cup,cup,0.03632,0.92455,0.9862,0.97015,0.88193,1.15411,0.98339,0.8819349105762835,0.8819349105762835,0.9656921804847949,0.7405854048695588,1,1,1.0
1559,place flowers,place flowers,"['place', 'flower']",place flower,Cup,cup,0.05129,0.9396,0.98808,0.8925,1.01851,1.16678,1.00109,0.967357052651215,0.9700093010967525,1.0454407488573236,1.0229588160667353,3,4,3.5
1559,make a sand castle,make sand castle,"['sand', 'castle']",sand castle,Cup,cup,0.04833,0.99056,0.99631,0.95655,0.92965,0.71822,0.91826,1.0106394244580525,0.9486533744732804,1.0902188702258013,0.9845886952373296,3,4,3.5
1559,use as a hat,use hat,['hat'],hat,Cup,cup,0.08626,0.93325,0.96813,1.09841,1.03665,1.16748,1.04078,0.9001713414713912,0.9208679518474879,0.9001713414713912,0.9880796417209846,4,4,4.0
1559,throw at something,throw something,['throw'],throw,Cup,cup,0.09249,0.98001,0.98795,1.07474,0.94815,1.08966,1.0161,1.0032563219860833,0.9700093010967525,1.0032563219860833,0.9832250973770025,3,3,3.0
1559,upside down to put something on top,upside put something top,['upside'],upside,Cup,cup,0.16997,1.11155,0.99828,1.04858,1.01904,1.08234,1.05196,0.8800896651339647,0.9486533744732804,0.8800896651339647,0.9880796417209846,3,4,3.5
1559,prop phone up,prop phone,"['prop', 'phone']",prop phone,Cup,cup,0.10394,1.0068,1.06416,0.99074,0.89839,1.11307,1.01463,0.8983947856709299,0.9700093010967525,0.9555130176949703,1.0072556670520472,2,3,2.5
1559,to scoop measurements,scoop measurements,"['scoop', 'measurement']",scoop measurement,Cup,cup,0.10238,1.04078,0.9822,1.03643,0.95399,0.88638,0.97996,0.9810039359231105,0.9700093010967525,0.958611394464189,0.9845886952373296,2,2,2.0
1425,hold drink,hold drink,"['hold', 'drink']",hold drink,Cup,cup,0.03632,0.92455,0.9862,0.97015,0.88193,1.15411,0.98339,0.8819349105762835,0.8819349105762835,0.9656921804847949,0.7405854048695588,1,1,1.0
1425,trap a bug inside it,trap bug inside,"['trap', 'bug', 'inside']",trap bug inside,Cup,cup,0.01148,0.91305,0.93982,0.95208,1.00897,0.82772,0.92833,1.008969367774891,0.9904269718261044,1.1300274494298195,0.9880796417209846,3,3,3.0
1449,hold water,hold water,"['hold', 'water']",hold water,Cup,cup,0.0334,0.91717,0.91207,1.00519,0.97995,1.13038,0.98895,0.9799491533348612,0.966213840465286,0.9656921804847949,0.973572109107983,1,1,1.0
1449,stack,stack,['stack'],stack,Cup,cup,-0.00602,0.93031,0.86421,0.96848,0.86841,0.99368,0.92502,0.8684097884135616,0.9486533744732804,0.8684097884135616,0.9880796417209846,3,2,2.5
1449,make beats out of it,make beats,['beat'],beat,Cup,cup,0.17318,1.06632,1.11268,0.98064,1.12187,1.00818,1.05794,0.952125960064415,0.952125960064415,0.952125960064415,0.9880796417209846,3,4,3.5
1449,stand on for height,stand height,"['stand', 'height']",stand height,Cup,cup,0.05895,0.98076,0.94533,0.99373,0.93798,1.0142,0.9744,0.9379819176061839,0.9486533744732804,1.0429200910901484,0.9880796417209846,4,3,3.5
1449,hear water sounds from ear,hear water sounds ear,"['hear', 'water', 'sound', 'ear']",hear water sound ear,Cup,cup,0.10509,0.99042,1.01528,1.00309,1.01145,1.15295,1.03464,1.0067375954215128,0.9700093010967525,1.0111286422090497,0.9845886952373296,4,4,4.0
1347,To drink out of,to drink,['drink'],drink,Cup,cup,0.11397,0.90914,1.14885,1.06112,1.02343,1.20583,1.06967,0.6873177271530835,0.6986953039605902,0.6873177271530835,0.7405854048695588,1,1,1.0
1347,to trap a fly,trap fly,"['trap', 'fly']",trap fly,Cup,cup,0.09776,1.00751,0.95691,1.05596,0.98251,1.05016,1.01061,0.9825111726031467,0.9904269718261044,1.0470619183708683,0.9880796417209846,3,3,3.0
1347,to use for the cup song,use cup song,"['cup', 'song']",cup song,Cup,cup,0.06018,0.88784,1.10095,1.0528,1.01178,0.82186,0.97505,1.1414533169286023,0.9486533744732804,0.9428384393097031,0.9832250973770025,3,3,3.0
1347,to use as a target for ping pong balls or other small objects,use target ping pong balls small objects,"['target', 'ping', 'pong', 'ball', 'small', 'object']",target ping pong ball small object,Cup,cup,-0.00511,0.88493,0.94557,0.99733,0.87808,0.94268,0.92972,1.0978527438841486,0.9486533744732804,1.0712382578506148,0.9832250973770025,4,3,3.5
1347,to crush,crush,['crush'],crush,Cup,cup,-0.0564,0.80319,0.90374,0.94134,1.00279,0.86701,0.90361,1.0027916572241833,0.9486533744732804,1.0027916572241833,0.9880796417209846,3,3,3.0
1347,to flip,flip,['flip'],flip,Cup,cup,-0.00458,0.85702,0.97453,0.89687,1.03237,0.99843,0.95184,1.0323726234381942,0.9486533744732804,1.0323726234381942,0.9880796417209846,4,3,3.5
1347,to spin around,spin around,['spin'],spin,Cup,cup,0.10966,1.02013,1.0155,1.02574,0.96388,1.03213,1.01148,1.0470498640891372,0.9486533744732804,1.0470498640891372,0.9880796417209846,3,3,3.0
1347,to flip coins into,flip coins,"['flip', 'coin']",flip coin,Cup,cup,0.04196,0.89555,1.01917,1.00315,1.01616,0.94049,0.9749,1.036018923800571,0.9486533744732804,1.0323726234381942,0.9880796417209846,4,3,3.5
1347,to use as a makeshift music instrument,use makeshift music instrument,"['makeshift', 'music', 'instrument']",makeshift music instrument,Cup,cup,0.04329,0.91552,0.95856,1.00009,0.96473,1.15883,0.99955,1.0818169791840082,0.9486533744732804,1.0096528243902796,0.9880796417209846,3,4,3.5
1518,hold liquid,hold liquid,"['hold', 'liquid']",hold liquid,Cup,cup,0.10073,1.01889,0.96771,0.96935,1.03554,1.09494,1.01729,1.0355407167691388,0.9638163695811361,0.9656921804847949,0.9745337530960322,1,1,1.0
1518,squish a bug,squish bug,"['squish', 'bug']",squish bug,Cup,cup,0.04343,0.97301,0.95733,0.95986,0.95576,0.86115,0.94142,0.9557618176848102,0.9795826321241239,1.1300274494298195,0.9880796417209846,2,3,2.5
1518,hold something up,hold something,['hold'],hold,Cup,cup,0.11551,1.00201,1.01365,1.02332,1.0179,1.14909,1.04119,0.9656921804847949,0.966213840465286,0.9656921804847949,0.973572109107983,2,3,2.5
1610,use it to hold pens,use hold pens,"['hold', 'pen']",hold pen,Cup,cup,0.01396,0.87915,0.93182,1.05248,1.01929,0.8431,0.94517,0.990333908379635,0.966213840465286,1.057718722586591,1.0482149775015999,2,3,2.5
1610,drink from it,drink,['drink'],drink,Cup,cup,-0.35451,0.51746,0.64113,0.83099,0.68732,0.74989,0.68536,0.6873177271530835,0.6986953039605902,0.6873177271530835,0.7405854048695588,1,1,1.0
1610,cover a bug to take it outside without killing it,cover bug take outside without killing,"['cover', 'bug', 'outside', 'killing']",cover bug outside killing,Cup,cup,0.11364,1.03184,1.01078,1.00083,0.93169,1.16056,1.02714,0.9620531455132098,0.9795826321241239,1.1300274494298195,0.9880796417209846,3,3,3.0
1610,throw ping pong balls into it,throw ping pong balls,"['throw', 'ping', 'pong', 'ball']",throw ping pong ball,Cup,cup,0.06394,0.95424,0.97971,1.0452,0.95004,0.98534,0.98291,0.9829075621880438,0.9486533744732804,1.0712382578506148,0.9832250973770025,4,3,3.5
1407,used to play a game,used play game,"['play', 'game']",play game,Cup,cup,0.02066,0.87812,0.95893,0.99817,1.10444,0.81145,0.95022,0.9702346031335488,0.9486533744732804,1.079271334418431,1.0146268782262942,3,3,3.0
1407,used to hold something in place,used hold something place,"['hold', 'place']",hold place,Cup,cup,0.04162,0.92165,0.87206,1.02288,1.04612,1.1684,1.00622,0.9869253517437535,0.966213840465286,0.9656921804847949,0.973572109107983,2,3,2.5
1407,used as a planting pot,used planting pot,"['planting', 'pot']",planting pot,Cup,cup,-0.02999,0.8807,0.89173,0.91416,0.98377,0.82162,0.8984,1.0120728420348117,0.9486533744732804,1.0559612390068123,0.9880796417209846,3,3,3.0
1407,used as a toy,used toy,['toy'],toy,Cup,cup,0.12133,0.97591,0.98583,1.13743,1.04896,1.14269,1.05816,0.9377899242613076,0.9377899242613076,0.9377899242613076,0.9880796417209846,3,3,3.0
1450,drink,drink,['drink'],drink,Cup,cup,-0.35451,0.51746,0.64113,0.83099,0.68732,0.74989,0.68536,0.6873177271530835,0.6986953039605902,0.6873177271530835,0.7405854048695588,1,1,1.0
1450,beer games,beer games,"['beer', 'game']",beer game,Cup,cup,0.13137,1.01394,1.05649,0.98851,1.05585,1.14055,1.05107,1.0351416377599987,0.9486533744732804,0.9370535307957297,1.0146268782262942,4,3,3.5
1450,scoop things,scoop things,['scoop'],scoop,Cup,cup,0.15017,1.07069,1.09282,0.95297,0.99176,1.08529,1.03871,0.958611394464189,0.9700093010967525,0.958611394464189,0.9845886952373296,2,2,2.0
1450,hold things like pens,hold things like pens,"['hold', 'like', 'pen']",hold like pen,Cup,cup,0.09648,1.01091,0.96971,0.99288,0.97578,1.1524,1.02034,0.980639943097616,0.966213840465286,1.057718722586591,1.0482149775015999,2,3,2.5
1450,capture a bug,capture bug,"['capture', 'bug']",capture bug,Cup,cup,0.06381,1.01301,0.95679,0.94952,0.86134,1.09119,0.97437,0.8613433594826178,0.9795826321241239,1.1300274494298195,0.9880796417209846,3,2,2.5
1598,holder,holder,['holder'],holder,Cup,cup,-0.16187,0.73849,0.72788,0.86026,0.98953,0.76235,0.8157,0.9895263504000646,0.9364001358330744,0.9895263504000646,0.967676808071808,2,2,2.0
1598,drinker,drinker,['drinker'],drinker,Cup,cup,-0.17662,0.71879,0.71849,0.8639,0.85195,1.03018,0.83666,0.8519515002655229,0.9486533744732804,0.8519515002655229,0.9880796417209846,1,1,1.0
1598,speaker,speaker,['speaker'],speaker,Cup,cup,0.04641,0.94444,0.98439,0.89949,1.02591,1.03687,0.97822,1.0259096280257551,0.9700093010967525,1.0259096280257551,1.0072556670520472,4,4,4.0
1543,put water in,put water,['water'],water,Cup,cup,0.05153,0.92526,0.94869,1.05497,0.93322,1.1539,1.00321,0.8289821807224794,0.9700093010967525,0.8289821807224794,0.9845886952373296,1,1,1.0
1543,hit someone with,hit someone,['hit'],hit,Cup,cup,0.07846,0.93544,1.03627,1.01218,1.01893,1.0666,1.01388,1.058144234410746,0.9486533744732804,1.058144234410746,0.9880796417209846,3,3,3.0
1543,use it to dig dirt,use dig dirt,"['dig', 'dirt']",dig dirt,Cup,cup,0.02481,0.87479,1.01585,0.9864,1.05009,0.83634,0.95269,0.9441681785338594,0.9486533744732804,1.015837698749568,0.9880796417209846,3,3,3.0
1543,break and use sharp edges as a knife,break use sharp edges knife,"['break', 'sharp', 'edge', 'knife']",break sharp edge knife,Cup,cup,0.02072,0.90634,0.9548,0.94683,1.03023,0.92379,0.9524,1.0226658780391065,0.9486533744732804,1.0617103235610301,1.0795285138157147,5,5,5.0
1543,use it for chinese cupping treatment,use chinese cupping treatment,"['chinese', 'cupping', 'treatment']",chinese cupping treatment,Cup,cup,0.01819,0.86527,1.0564,1.00865,0.94466,0.83095,0.94119,0.9045377578108599,0.9486533744732804,0.9702103091917217,0.9880796417209846,3,4,3.5
1543,cut baking dough,cut baking dough,"['cut', 'baking', 'dough']",cut baking dough,Cup,cup,0.0134,0.92363,1.09655,0.84165,0.8609,0.82733,0.91001,0.860897237764682,0.9486533744732804,0.9798049158479302,0.9880796417209846,3,3,3.0
1543,use as rolling pin,use rolling pin,"['rolling', 'pin']",rolling pin,Cup,cup,0.03893,0.91664,0.99643,1.02278,0.97231,0.86274,0.95418,0.9784360204607214,0.9710506384032888,1.0744256689569986,0.9880796417209846,4,3,3.5
1543,use to weigh paper down,use weigh paper,"['weigh', 'paper']",weigh paper,Cup,cup,0.0315,0.90855,0.97012,1.03528,0.98085,0.86183,0.95133,1.0246622781465673,0.9486533744732804,1.0610564815863752,0.9880796417209846,2,3,2.5
1402,Holding liquid,holding liquid,"['holding', 'liquid']",holding liquid,Cup,cup,0.06953,0.98105,0.9979,0.92107,0.98188,1.07635,0.99165,0.9818818996366128,0.9915484506514576,0.9542007469413968,0.9251271214655962,1,1,1.0
1402,trapping a spider,trapping spider,"['trapping', 'spider']",trapping spider,Cup,cup,0.1393,1.05123,1.00394,1.03106,1.02068,1.12505,1.04639,1.0206816399069356,0.9795826321241239,1.107204980959128,0.9880796417209846,3,3,3.0
1402,making a circle,making circle,"['making', 'circle']",making circle,Cup,cup,0.15207,1.08025,1.05591,0.96401,1.04432,1.03079,1.03506,1.044316823834915,0.9486533744732804,0.9855138087536577,1.0133256006140245,4,3,3.5
1461,drink,drink,['drink'],drink,Cup,cup,-0.35451,0.51746,0.64113,0.83099,0.68732,0.74989,0.68536,0.6873177271530835,0.6986953039605902,0.6873177271530835,0.7405854048695588,1,1,1.0
1461,used as a little terrarium for bugs or small animals,used little terrarium bugs small animals,"['little', 'terrarium', 'bug', 'small', 'animal']",little terrarium bug small animal,Cup,cup,0.10228,1.04926,0.94129,1.04988,0.9983,0.83776,0.9753,1.0123688554785615,0.9795826321241239,1.1300274494298195,0.9880796417209846,5,5,5.0
1461,used as a projectile,used projectile,['projectile'],projectile,Cup,cup,0.07708,0.95204,1.07767,0.972,0.97167,0.98331,0.99134,1.0948295020427832,0.9486533744732804,1.0948295020427832,0.9880796417209846,3,3,3.0
1461,used as dog bowl,used dog bowl,"['dog', 'bowl']",dog bowl,Cup,cup,-0.01523,0.89222,0.92771,0.94884,0.94589,0.79613,0.90216,0.9960566855484302,0.9901347286703638,0.9641038409829613,0.9880796417209846,3,3,3.0
1461,a protective hat,protective hat,"['protective', 'hat']",protective hat,Cup,cup,0.07747,1.00284,0.90217,0.98851,1.05262,1.03629,0.99649,1.0526233583646283,0.9208679518474879,0.9823168878620299,0.9880796417209846,4,3,3.5
1461,decor,decor,['decor'],decor,Cup,cup,0.01474,0.9085,0.92483,0.94839,1.01021,0.97402,0.95319,1.0102051798987617,0.9486533744732804,1.0102051798987617,0.9880796417209846,3,4,3.5
1461,like a shovel or scoop,like shovel scoop,"['like', 'shovel', 'scoop']",like shovel scoop,Cup,cup,0.01481,0.92704,0.9878,0.93626,0.87199,0.93717,0.93205,0.8719886187358381,0.9700093010967525,0.9828781331054219,0.9845886952373296,3,3,3.0
1352,to hold drinks,hold drinks,"['hold', 'drink']",hold drink,Cup,cup,0.04932,0.90734,1.08168,0.95261,0.87158,1.18613,0.99987,0.8819349105762835,0.8819349105762835,0.9656921804847949,0.7405854048695588,1,3,2.0
1352,makeshift vase,makeshift vase,"['makeshift', 'vase']",makeshift vase,Cup,cup,0.06828,0.94807,1.0672,1.00924,0.93621,0.89832,0.97181,0.9362094399550768,0.9486533744732804,0.9159521664183937,0.9880796417209846,3,3,3.0
1352,stack in a pyramid,stack pyramid,"['stack', 'pyramid']",stack pyramid,Cup,cup,0.06014,0.94527,1.00199,0.97484,0.99579,1.01421,0.98642,0.9957926135661911,0.9486533744732804,0.9964430962438866,0.9880796417209846,3,3,3.0
1526,to drink,drink,['drink'],drink,Cup,cup,-0.35451,0.51746,0.64113,0.83099,0.68732,0.74989,0.68536,0.6873177271530835,0.6986953039605902,0.6873177271530835,0.7405854048695588,1,1,1.0
1526,to capture insects,capture insects,"['capture', 'insect']",capture insect,Cup,cup,-0.01245,0.84743,0.95375,0.90601,0.96518,1.15951,0.96638,0.9767505973109695,0.9795826321241239,1.0095076842805395,0.9880796417209846,3,3,3.0
1526,to grow plants out of,grow plants,"['grow', 'plant']",grow plant,Cup,cup,0.12824,1.06704,0.9882,0.90103,1.05828,1.19176,1.04126,0.9579703937201502,0.9360611612134623,1.0613710214946108,0.9845886952373296,3,4,3.5
1362,insulation,insulation,['insulation'],insulation,Cup,cup,0.04783,0.93619,0.96106,0.92712,1.06453,1.04387,0.98655,1.0645325088431596,0.9486533744732804,1.0645325088431596,0.9880796417209846,2,5,3.5
1362,hold liquids,hold liquids,"['hold', 'liquid']",hold liquid,Cup,cup,0.11449,1.04683,0.96274,0.97364,1.04622,1.06304,1.01849,1.0355407167691388,0.9638163695811361,0.9656921804847949,0.9745337530960322,1,1,1.0
1362,measure,measure,['measure'],measure,Cup,cup,-0.04598,0.8765,0.84462,0.94149,0.89519,0.91903,0.89537,0.8951850956439737,0.9486533744732804,0.8951850956439737,0.9251271214655962,2,2,2.0
1466,drink out of,drink,['drink'],drink,Cup,cup,-0.35451,0.51746,0.64113,0.83099,0.68732,0.74989,0.68536,0.6873177271530835,0.6986953039605902,0.6873177271530835,0.7405854048695588,1,1,1.0
1466,catch bugs,catch bugs,"['catch', 'bug']",catch bug,Cup,cup,0.1619,1.06873,1.09662,1.01089,0.99372,1.08562,1.05112,0.9195413628953317,0.9795826321241239,1.13498019306353,0.9880796417209846,3,3,3.0
1466,stack,stack,['stack'],stack,Cup,cup,-0.00602,0.93031,0.86421,0.96848,0.86841,0.99368,0.92502,0.8684097884135616,0.9486533744732804,0.8684097884135616,0.9880796417209846,3,3,3.0
1587,drink,drink,['drink'],drink,Cup,cup,-0.35451,0.51746,0.64113,0.83099,0.68732,0.74989,0.68536,0.6873177271530835,0.6986953039605902,0.6873177271530835,0.7405854048695588,1,1,1.0
1587,rinse a paintbrush,rinse paintbrush,"['rinse', 'paintbrush']",rinse paintbrush,Cup,cup,0.05973,0.99188,0.93515,0.98603,0.91135,1.06004,0.97689,0.9113461350542804,0.9486533744732804,0.9678381523449228,0.9880796417209846,2,2,2.0
1587,spit out sunflower seeds,spit sunflower seeds,"['spit', 'sunflower', 'seed']",spit sunflower seed,Cup,cup,-0.04473,0.84789,0.88481,0.91818,0.97552,0.89214,0.90371,0.9978502875654055,0.9486533744732804,1.140903743259486,0.9880796417209846,2,2,2.0
1587,use to throw water at something,use throw water something,"['throw', 'water']",throw water,Cup,cup,0.07291,0.96724,0.9764,0.95728,1.00009,1.1679,1.01378,1.0176138275212983,0.9700093010967525,1.0032563219860833,0.9845886952373296,2,2,2.0
1587,hold pencils,hold pencils,"['hold', 'pencil']",hold pencil,Cup,cup,0.13962,1.01204,1.09351,1.05366,1.00295,1.06592,1.04562,1.017533057266201,0.966213840465286,0.9876601003543054,0.973572109107983,2,3,2.5
1367,to contain,contain,['contain'],contain,Cup,cup,0.06487,0.94362,0.97664,0.9776,1.10882,0.93202,0.98774,1.1088190809933127,0.9638163695811361,1.1088190809933127,0.9251271214655962,2,1,1.5
1367,use as weapon,use weapon,['weapon'],weapon,Cup,cup,0.01458,0.85324,0.93931,1.01208,1.00587,1.16681,0.99546,1.0028333642337104,0.9486533744732804,1.0028333642337104,0.9880796417209846,3,3,3.0
1367,use as golf hole,use golf hole,"['golf', 'hole']",golf hole,Cup,cup,0.00624,0.90072,1.00999,0.97329,0.86893,0.83179,0.91694,0.9791358282891477,0.9486533744732804,1.0719444019456992,0.9880796417209846,5,5,5.0
1367,use to draw circles,use draw circles,"['draw', 'circle']",draw circle,Cup,cup,0.02295,0.88983,1.06202,0.92753,0.98528,0.83243,0.93942,0.9767537548614421,0.9486533744732804,1.0413112341333128,1.0133256006140245,4,4,4.0
1367,use to bake,use bake,['bake'],bake,Cup,cup,0.05629,0.93098,1.00526,0.98988,0.97549,1.05747,0.99182,0.8113377744801047,0.8290253106376322,0.8113377744801047,0.9880796417209846,3,3,3.0
1621,drink from it,drink,['drink'],drink,Cup,cup,-0.35451,0.51746,0.64113,0.83099,0.68732,0.74989,0.68536,0.6873177271530835,0.6986953039605902,0.6873177271530835,0.7405854048695588,1,1,1.0
1621,use to water plants,use water plants,"['water', 'plant']",water plant,Cup,cup,0.09129,0.97582,1.07391,1.01738,1.00043,0.82767,0.97904,1.0006232302344993,0.9700093010967525,1.0078606499935725,0.9845886952373296,3,3,3.0
1621,put your toothbrush in it,put toothbrush,['toothbrush'],toothbrush,Cup,cup,0.11656,0.99121,1.04413,0.98058,1.08266,1.10991,1.0417,1.0283371222772233,0.966213840465286,1.0283371222772233,0.973572109107983,2,3,2.5
1621,capture bug with it,capture bug,"['capture', 'bug']",capture bug,Cup,cup,0.06381,1.01301,0.95679,0.94952,0.86134,1.09119,0.97437,0.8613433594826178,0.9795826321241239,1.1300274494298195,0.9880796417209846,3,3,3.0
1334,drink in it,drink,['drink'],drink,Cup,cup,-0.35451,0.51746,0.64113,0.83099,0.68732,0.74989,0.68536,0.6873177271530835,0.6986953039605902,0.6873177271530835,0.7405854048695588,1,1,1.0
1334,cup pong,cup pong,"['cup', 'pong']",cup pong,Cup,cup,0.07546,0.95489,1.00458,0.9842,1.08321,0.93146,0.99167,1.0832089810164462,0.9486533744732804,0.9620383658647614,0.9832250973770025,4,3,3.5
1334,hold things,hold things,['hold'],hold,Cup,cup,0.06937,0.96529,0.98449,0.97054,0.95556,1.16216,1.00761,0.9656921804847949,0.966213840465286,0.9656921804847949,0.973572109107983,2,3,2.5
1334,body protection,body protection,"['body', 'protection']",body protection,Cup,cup,-0.01522,0.83181,0.96892,0.88707,1.02386,1.10539,0.96341,1.0238619582451018,0.9486533744732804,0.9878529920261254,0.9880796417209846,4,4,4.0
1500,drink,drink,['drink'],drink,Cup,cup,-0.35451,0.51746,0.64113,0.83099,0.68732,0.74989,0.68536,0.6873177271530835,0.6986953039605902,0.6873177271530835,0.7405854048695588,1,1,1.0
1500,beer pong,beer pong,"['beer', 'pong']",beer pong,Cup,cup,0.08927,0.98034,1.04453,0.97471,1.05657,0.87205,0.98564,1.0565723943103214,0.9486533744732804,0.9620383658647614,0.9832250973770025,4,3,3.5
1500,mixing bowl,mixing bowl,"['mixing', 'bowl']",mixing bowl,Cup,cup,0.06097,0.93942,0.93398,1.05189,1.06842,0.94623,0.98799,1.0684178838152578,0.9901347286703638,0.876549187179309,0.9880796417209846,3,2,2.5
1500,hold paints,hold paints,"['hold', 'paint']",hold paint,Cup,cup,0.04263,0.89991,0.97339,1.01388,1.04098,1.00387,0.98641,0.9747487223828104,0.966213840465286,1.03160204814874,0.973572109107983,2,2,2.0
1500,hold,hold,['hold'],hold,Cup,cup,-0.08112,0.75278,0.93731,0.95552,0.96569,0.81009,0.88428,0.9656921804847949,0.966213840465286,0.9656921804847949,0.973572109107983,2,1,1.5
1527,drinking,drinking,['drinking'],drinking,Cup,cup,-0.24249,0.63779,0.75091,0.83641,0.77143,0.83234,0.76578,0.7714285643760478,0.9486533744732804,0.7714285643760478,0.7971296701462836,1,1,1.0
1527,stacking,stacking,['stacking'],stacking,Cup,cup,0.02303,0.9782,0.84594,0.9787,0.8878,1.04426,0.94698,0.8878019367614212,0.9486533744732804,0.8878019367614212,0.967676808071808,3,3,3.0
1527,collecting change,collecting change,"['collecting', 'change']",collecting change,Cup,cup,0.11501,0.97204,1.02489,1.03647,1.06563,1.18482,1.05677,1.0656282915459239,0.9486533744732804,0.9826691179908335,0.973572109107983,2,3,2.5
1527,putting flowers in,putting flowers,"['putting', 'flower']",putting flower,Cup,cup,0.09698,1.05694,0.91553,0.93884,0.96859,1.1827,1.01252,0.9159304941102502,0.9700093010967525,1.0454407488573236,1.0229588160667353,3,4,3.5
1372,Hold pens,hold pens,"['hold', 'pen']",hold pen,Cup,cup,0.11707,0.9994,1.09616,1.00049,0.92514,1.15134,1.03451,0.990333908379635,0.966213840465286,1.057718722586591,1.0482149775015999,2,3,2.5
1372,trap a spider,trap spider,"['trap', 'spider']",trap spider,Cup,cup,0.09052,0.99476,1.01168,1.01076,0.94683,1.04457,1.00172,0.9468330990686055,0.9904269718261044,1.0470619183708683,0.9880796417209846,3,3,3.0
1372,scoop dog food,scoop dog food,"['scoop', 'dog', 'food']",scoop dog food,Cup,cup,0.04592,0.93068,0.9944,0.97319,1.02769,0.88282,0.96176,1.0276876321953885,0.9901347286703638,1.027583188763456,0.9845886952373296,2,3,2.5
1525,hold drinks,hold drinks,"['hold', 'drink']",hold drink,Cup,cup,0.04932,0.90734,1.08168,0.95261,0.87158,1.18613,0.99987,0.8819349105762835,0.8819349105762835,0.9656921804847949,0.7405854048695588,1,1,1.0
1525,make a cup snake thing,make cup snake thing,"['cup', 'snake']",cup snake,Cup,cup,0.09498,1.05042,1.03916,0.93704,0.97367,0.73103,0.94626,0.9973524565257769,0.9486533744732804,1.124880609523692,0.9832250973770025,4,4,4.0
1525,use for drinking games,use drinking games,"['drinking', 'game']",drinking game,Cup,cup,0.01034,0.89803,0.9943,0.94641,0.9676,0.82842,0.92695,1.0173698815398562,0.9486533744732804,0.9370535307957297,0.7971296701462836,2,3,2.5
