id,novelty_1,novelty_2,response,response_nofill,item,item_nofill,SemDis_cbowukwacsubtitle_nf_m,SemDis_cbowsubtitle_nf_m,SemDis_cbowBNCwikiukwac_nf_m,SemDis_TASA_nf_m,SemDis_glove_nf_m,SemDis_MEAN,SemDis_factor
1094,1,1,to climb with,climb,Rope,rope,0.56943,0.68518,0.66247,0.66394,0.64988,0.64618,-0.28333
1094,2,3,to hang things,hang things,Rope,rope,1.06316,1.04354,0.97047,0.98586,1.10792,1.03419,0.17006
1094,3,3,as a decoration,decoration,Rope,rope,0.88733,0.95334,0.88736,1.00763,0.88772,0.92468,0.0207
1094,4,3,to make unique designs with,make unique designs,Rope,rope,0.974,0.90674,1.04841,1.0386,0.88666,0.97088,0.08675
1094,1,2,to tie different knots,tie different knots,Rope,rope,0.88316,0.94245,1.00882,0.91205,0.96189,0.94167,0.06728
1093,1,2,tying,tying,Rope,rope,0.55332,0.60753,0.70139,0.88345,0.68301,0.68574,-0.26046
1093,3,2,strangling,strangling,Rope,rope,0.75183,0.68607,0.74526,1.04881,0.85181,0.81676,-0.11668
1093,2,2,dangling,dangling,Rope,rope,0.53652,0.6413,0.64232,0.73285,0.50062,0.61072,-0.34252
1093,2,2,loosening,loosening,Rope,rope,0.75619,0.7826,0.7344,0.77427,0.84373,0.77824,-0.12828
1093,2,3,jumping,jumping,Rope,rope,0.64873,0.72521,0.68915,0.56684,0.55123,0.63623,-0.28383
1093,2,3,shaking,shaking,Rope,rope,0.79124,0.89778,0.84147,0.93716,0.80317,0.85416,-0.05986
1093,2,1,pulling,pulling,Rope,rope,0.69754,0.81565,0.72677,0.64199,0.60127,0.69664,-0.22071
1159,1,1,climb,climb,Rope,rope,0.56943,0.68518,0.66247,0.66394,0.64988,0.64618,-0.28333
1159,3,4,travel,travel,Rope,rope,0.96111,1.04832,0.9802,1.04357,0.94342,0.99532,0.10625
1159,2,1,use to jump off something with,use jump something,Rope,rope,0.75353,0.87618,0.96853,0.99522,0.87414,0.89352,-0.0088
1159,2,1,connect things,connect things,Rope,rope,1.02112,1.04459,0.98037,0.92661,1.07248,1.00903,0.1468
1159,3,3,use for a workout,use workout,Rope,rope,1.02538,1.05244,1.00655,1.04674,1.10157,1.04654,0.17709
1159,3,3,use to wrap presents,use wrap presents,Rope,rope,0.98597,0.93423,0.94061,1.03032,0.90467,0.95916,0.06606
1159,3,3,decorative,decorative,Rope,rope,0.87709,0.92443,0.88069,1.04079,0.78079,0.90076,-0.01687
1159,1,2,tie knots,tie knots,Rope,rope,0.91629,1.04631,0.9431,0.96013,1.06317,0.9858,0.10887
1159,1,3,hold things together,hold things together,Rope,rope,0.76367,0.97092,0.88031,0.99267,0.86263,0.89404,-0.01869
1195,1,2,tie a boat to a dock,tie boat dock,Rope,rope,0.76683,0.84691,0.87332,0.84501,0.81383,0.82918,-0.07179
1195,3,3,use it for working out,use working,Rope,rope,0.96186,1.02152,0.96677,0.96107,1.11669,1.00558,0.13852
1195,1,2,for tying a knot,tying knot,Rope,rope,0.90409,0.96919,0.96315,1.01425,1.02672,0.97548,0.09172
1195,2,1,to swing,swing,Rope,rope,0.62637,0.83023,0.75626,0.65175,0.74018,0.72096,-0.18685
1141,3,2,to exercise,exercise,Rope,rope,0.83136,0.8672,0.93012,0.79905,0.83269,0.85208,-0.03245
1141,1,2,to tie objects together,tie objects together,Rope,rope,0.8158,0.93669,0.92769,0.91513,0.85407,0.88988,-0.00681
1141,2,1,to hang objects,hang objects,Rope,rope,0.97055,0.95467,1.0179,0.86422,1.1931,1.00009,0.15628
1141,2,2,to use in a pulley,use pulley,Rope,rope,0.83912,0.98747,1.06356,0.9406,0.90289,0.94673,0.0675
1141,2,2,to drag objects,drag objects,Rope,rope,1.03802,1.06089,0.97784,1.03192,1.12895,1.04752,0.17948
1141,2,2,to secure objects to a surface,secure objects surface,Rope,rope,0.97751,0.89536,0.94738,1.05172,0.89987,0.95437,0.05908
1141,3,4,to attack someone/use as weapon,attack someone use weapon,Rope,rope,0.90308,1.06735,1.07225,0.96424,1.12018,1.02542,0.16617
1104,1,2,tying things together,tying things together,Rope,rope,0.81603,0.94763,0.92242,0.94501,0.84277,0.89477,-0.00667
1104,3,3,working out,working,Rope,rope,0.86003,0.96613,0.96403,1.0032,0.88616,0.93591,0.03903
1104,2,1,swinging,swinging,Rope,rope,0.61194,0.77606,0.71817,0.7712,0.63209,0.70189,-0.23238
1104,3,3,acting as a barrier,acting barrier,Rope,rope,0.92537,1.05449,0.96561,1.07849,1.01429,1.00765,0.11704
1286,1,1,to climb,climb,Rope,rope,0.56943,0.68518,0.66247,0.66394,0.64988,0.64618,-0.28333
1286,1,2,to tie something up,tie something,Rope,rope,1.04944,1.06148,0.90772,0.90557,0.99484,0.98381,0.11087
1286,3,4,a belt,belt,Rope,rope,0.64283,0.76162,0.79092,0.83192,0.68721,0.7429,-0.18324
1286,3,2,use it as a boarder,use boarder,Rope,rope,0.97607,1.07136,0.97996,0.99496,0.9728,0.99903,0.1183
1205,2,3,JUMP ROPE,jump rope,Rope,rope,1.0028,0.874,0.9195,0.98699,1.0154,0.95974,0.07957
1163,1,1,to climb,climb,Rope,rope,0.56943,0.68518,0.66247,0.66394,0.64988,0.64618,-0.28333
1163,1,2,to tie,tie,Rope,rope,0.464,0.56852,0.72827,0.66092,0.67869,0.62008,-0.30498
1163,2,3,to fasten,fasten,Rope,rope,0.71443,0.7594,0.65215,0.83561,0.65782,0.72388,-0.21615
1192,2,1,swing,swing,Rope,rope,0.62637,0.83023,0.75626,0.65175,0.74018,0.72096,-0.18685
1192,2,2,secure a boat,secure boat,Rope,rope,0.78567,0.99872,0.93926,0.92401,1.07814,0.94516,0.06542
1192,2,2,hang items,hang items,Rope,rope,1.11934,1.04438,0.92389,0.94441,1.13717,1.03384,0.17476
1192,1,2,tie bundles of paper,tie bundles paper,Rope,rope,0.84334,0.92212,0.92775,1.02353,0.73616,0.89058,-0.02576
1087,1,2,tie something,tie something,Rope,rope,1.04944,1.06148,0.90772,0.90557,0.99484,0.98381,0.11087
1087,2,2,to hang something,hang something,Rope,rope,1.02873,1.04852,0.98272,0.93708,1.11396,1.0222,0.16303
1087,3,4,to decorate a vase,decorate vase,Rope,rope,1.02468,1.01065,0.88718,0.9836,1.11651,1.00452,0.13008
1087,3,3,to mark a perimeter,mark perimeter,Rope,rope,1.06042,0.95051,1.0155,0.84762,1.00287,0.97538,0.1225
1087,2,3,to jump rope,jump rope,Rope,rope,1.0028,0.874,0.9195,0.98699,1.0154,0.95974,0.07957
1087,3,3,a weapon,weapon,Rope,rope,0.7995,0.91831,0.80382,0.98982,0.82305,0.8669,-0.05483
1176,1,2,tie things,tie things,Rope,rope,1.10548,1.01218,0.96438,0.94549,1.01919,1.00934,0.1441
1176,2,2,swing from things,swing things,Rope,rope,1.11485,1.08237,0.95915,1.09388,1.01284,1.05262,0.17064
1176,2,2,hold things together,hold things together,Rope,rope,0.76367,0.97092,0.88031,0.99267,0.86263,0.89404,-0.01869
1176,1,1,climb up,climb,Rope,rope,0.56943,0.68518,0.66247,0.66394,0.64988,0.64618,-0.28333
1258,2,2,jump rope,jump rope,Rope,rope,1.0028,0.874,0.9195,0.98699,1.0154,0.95974,0.07957
1258,1,2,rope that is used to tie knots,rope used tie knots,Rope,rope,0.90706,1.14837,1.17423,0.72315,1.03269,0.9971,0.16708
1258,1,2,rope are used to keep things in place,rope used keep things place,Rope,rope,0.68246,1.09226,1.00094,0.97449,0.88094,0.92622,0.02467
1258,3,4,obstacle course ropes,obstacle course ropes,Rope,rope,0.713,1.07628,0.90684,0.9651,0.77583,0.88741,-0.03042
1258,2,1,the rope that is climbed during gym class to see how high you can get,rope climbed gym class see high can get,Rope,rope,1.16366,1.08788,1.06534,0.92257,1.09645,1.06718,0.22497
1186,1,2,tie,tie,Rope,rope,0.464,0.56852,0.72827,0.66092,0.67869,0.62008,-0.30498
1186,1,2,knot,knot,Rope,rope,0.49399,0.46781,0.58381,0.57315,0.58655,0.54106,-0.39594
1186,2,3,jump rope,jump rope,Rope,rope,1.0028,0.874,0.9195,0.98699,1.0154,0.95974,0.07957
1186,3,3,noose,noose,Rope,rope,0.47311,0.4442,0.50288,0.69059,0.62784,0.54772,-0.4083
1186,5,3,lasso,lasso,Rope,rope,0.74051,0.54632,0.70432,0.93442,0.79369,0.74385,-0.18664
1186,1,1,climbing,climbing,Rope,rope,0.57978,0.73835,0.62076,0.77709,0.57054,0.6573,-0.29518
1186,2,2,hold down,hold,Rope,rope,0.62473,0.72462,0.85483,0.61598,0.79405,0.72284,-0.16522
1186,3,2,hit with,hit,Rope,rope,0.78061,0.94894,0.94096,0.89703,0.87858,0.88922,-0.00419
1186,3,4,sailing,sailing,Rope,rope,0.79687,0.83584,0.81251,0.9864,0.81823,0.84997,-0.07049
1186,3,3,tug o war,tug war,Rope,rope,0.84866,0.94268,0.96198,1.0247,1.00944,0.95749,0.06791
1186,4,4,jewelry,jewelry,Rope,rope,0.7756,0.91521,0.95776,0.98229,0.86519,0.89921,-0.00261
1174,4,3,pull someone out of a well,pull someone well,Rope,rope,0.74659,0.9584,0.97097,1.15569,0.85143,0.93662,0.01471
1174,1,1,climb up,climb,Rope,rope,0.56943,0.68518,0.66247,0.66394,0.64988,0.64618,-0.28333
1133,1,2,tie a knot,tie knot,Rope,rope,0.9812,1.06538,0.94694,0.96285,1.01446,0.99417,0.11703
1133,3,4,wear as a belt,wear belt,Rope,rope,1.0826,0.93466,0.97059,1.02612,1.06221,1.01524,0.14485
1133,3,4,shoe lace,shoe lace,Rope,rope,1.08635,0.96125,1.00962,0.96951,0.93165,0.99168,0.12071
1133,1,1,use it to climb something,use climb something,Rope,rope,0.72379,0.91085,0.94547,0.96654,0.87863,0.88506,-0.01837
1133,3,2,measure something's length,measure something length,Rope,rope,0.84515,0.90978,0.95682,1.02271,0.88323,0.92354,0.02301
1133,3,3,create boundaries for a,create boundaries,Rope,rope,1.00041,1.07425,1.00257,1.09615,1.1435,1.06338,0.19014
1138,1,2,tying something up,tying something,Rope,rope,1.0171,1.09887,0.94842,0.86906,0.99132,0.98495,0.11792
1138,1,2,rock climbing,rock climbing,Rope,rope,1.02689,0.89149,0.93672,1.06411,0.9647,0.97678,0.0874
1138,5,3,lasso,lasso,Rope,rope,0.74051,0.54632,0.70432,0.93442,0.79369,0.74385,-0.18664
1138,3,3,storing things like a lanyard,storing things like lanyard,Rope,rope,1.00442,0.96604,0.98562,1.0845,0.86102,0.98032,0.08368
1138,4,4,jewelry,jewelry,Rope,rope,0.7756,0.91521,0.95776,0.98229,0.86519,0.89921,-0.00261
1221,1,2,tie things,tie things,Rope,rope,1.10548,1.01218,0.96438,0.94549,1.01919,1.00934,0.1441
1221,1,1,climb trees,climb trees,Rope,rope,1.09228,0.82344,1.04195,1.02476,0.984,0.99329,0.12562
1221,2,3,harness,harness,Rope,rope,0.58887,0.65381,0.63969,0.80778,0.60716,0.65946,-0.29005
1221,5,3,lasso,lasso,Rope,rope,0.74051,0.54632,0.70432,0.93442,0.79369,0.74385,-0.18664
1221,4,4,bridge,bridge,Rope,rope,0.69006,0.75968,0.78566,0.71584,0.68838,0.72792,-0.18356
1221,5,4,costume,costume,Rope,rope,0.77851,0.88392,0.8239,0.97791,0.85082,0.86301,-0.05395
1221,4,4,satchel,satchel,Rope,rope,0.81754,0.85733,0.7973,0.94662,0.91645,0.86705,-0.04154
1221,3,3,tightrope to walk on,tightrope walk,Rope,rope,0.96749,0.9386,0.93128,1.15506,0.86756,0.972,0.06039
1221,4,4,reel people in out in the water,reel people water,Rope,rope,0.95666,0.96007,0.93952,1.08195,0.92033,0.97171,0.07242
1194,1,2,tie things up,tie things,Rope,rope,1.10548,1.01218,0.96438,0.94549,1.01919,1.00934,0.1441
1194,1,2,make a knot,make knot,Rope,rope,1.01912,0.99331,0.92142,1.01069,0.81453,0.95181,0.05273
1194,1,3,go rock climbing,go rock climbing,Rope,rope,0.77056,0.97321,0.87137,1.0509,0.8367,0.90055,-0.02113
1194,5,3,lasso something,lasso something,Rope,rope,1.06379,1.0772,0.93966,0.9779,0.94794,1.0013,0.12103
1147,3,2,walking on a tightrope,walking tightrope,Rope,rope,0.97197,1.01676,0.88702,1.0812,0.85175,0.96174,0.05154
1147,5,3,lasso,lasso,Rope,rope,0.74051,0.54632,0.70432,0.93442,0.79369,0.74385,-0.18664
1147,4,4,painting,painting,Rope,rope,0.80609,0.94624,0.85356,1.03315,0.86774,0.90136,-0.01552
1147,2,1,climbing a rope in a gym,climbing rope gym,Rope,rope,0.7231,0.80869,0.67182,1.06073,0.71373,0.79561,-0.16124
1147,2,2,swinging from a tree,swinging tree,Rope,rope,0.99737,0.93851,0.993,1.10839,1.013,1.01005,0.12419
1147,3,3,tug of war,tug war,Rope,rope,0.84866,0.94268,0.96198,1.0247,1.00944,0.95749,0.06791
1147,3,2,pulling a tree out of the ground,pulling tree ground,Rope,rope,0.78795,0.99619,0.9869,0.90418,0.83081,0.90121,0.00824
1147,2,3,making a harness,making harness,Rope,rope,1.04794,0.98769,0.92555,0.98333,1.10899,1.0107,0.14141
1147,3,4,fishing net,fishing net,Rope,rope,1.05849,0.99756,0.96934,1.03992,1.04332,1.02173,0.14632
1162,2,3,hang something,hang something,Rope,rope,1.02873,1.04852,0.98272,0.93708,1.11396,1.0222,0.16303
1162,4,4,save someone like in the ocean,save someone like ocean,Rope,rope,1.03311,0.93584,1.08105,0.97264,1.09339,1.02321,0.17034
1162,1,2,tie someone up,tie someone,Rope,rope,1.00301,0.98398,0.91457,0.89539,0.99339,0.95807,0.08456
1162,2,1,pull something,pull something,Rope,rope,1.01317,1.07471,1.07119,1.03028,1.0697,1.05181,0.18771
1162,3,3,play tug of war,play tug war,Rope,rope,0.75822,0.98587,0.9969,1.10678,0.8312,0.93579,0.02076
1162,3,4,play toy for dogs,play toy dogs,Rope,rope,0.95739,0.92306,0.94804,0.95967,0.88266,0.93416,0.0459
1102,1,2,knots,knots,Rope,rope,0.60723,0.55981,0.6793,0.77627,0.63828,0.65218,-0.28534
1102,1,2,tying things,tying things,Rope,rope,1.03774,1.12972,0.98713,0.91161,1.01406,1.01605,0.15172
1102,3,4,arm exercising,arm exercising,Rope,rope,1.05412,0.91925,0.89531,0.90315,1.01804,0.95797,0.08702
1102,1,1,climbing,climbing,Rope,rope,0.57978,0.73835,0.62076,0.77709,0.57054,0.6573,-0.29518
1102,2,1,pulling,pulling,Rope,rope,0.69754,0.81565,0.72677,0.64199,0.60127,0.69664,-0.22071
1102,2,3,jump rope,jump rope,Rope,rope,1.0028,0.874,0.9195,0.98699,1.0154,0.95974,0.07957
1230,1,2,tie something up,tie something,Rope,rope,1.04944,1.06148,0.90772,0.90557,0.99484,0.98381,0.11087
1230,2,2,make a swing with it,make swing,Rope,rope,1.13654,1.01509,0.94959,1.05506,1.04536,1.04033,0.16585
1230,3,4,catch a fish,catch fish,Rope,rope,0.97187,0.97504,0.97733,1.00721,1.07923,1.00214,0.12909
1230,1,1,use it to climb something,use climb something,Rope,rope,0.72379,0.91085,0.94547,0.96654,0.87863,0.88506,-0.01837
1230,2,4,use it to tow something,use tow something,Rope,rope,0.88461,0.93895,0.96162,1.00454,0.88668,0.93528,0.03967
1230,2,2,use it to hang something,use hang something,Rope,rope,0.7829,0.85488,0.94663,0.95633,0.8779,0.88373,-0.01469
1123,3,3,burn,burn,Rope,rope,0.75408,0.89802,0.86729,1.0483,0.76095,0.86573,-0.06299
1123,1,2,knot,knot,Rope,rope,0.49399,0.46781,0.58381,0.57315,0.58655,0.54106,-0.39594
1123,1,2,tie,tie,Rope,rope,0.464,0.56852,0.72827,0.66092,0.67869,0.62008,-0.30498
1129,1,2,tie something,tie something,Rope,rope,1.04944,1.06148,0.90772,0.90557,0.99484,0.98381,0.11087
1129,5,3,use as a lasso,use lasso,Rope,rope,0.96391,0.95857,0.95901,0.99318,0.92146,0.95923,0.07204
1129,3,3,use for workout battle ropes,use workout battle ropes,Rope,rope,0.85098,0.99943,1.00532,1.06918,1.1093,1.00684,0.12548
1228,2,2,hang from,hang,Rope,rope,0.55621,0.64688,0.72533,0.66363,0.71735,0.66188,-0.25555
1228,2,1,swing on,swing,Rope,rope,0.62637,0.83023,0.75626,0.65175,0.74018,0.72096,-0.18685
1228,3,2,connect to others,connect others,Rope,rope,0.96751,0.94098,1.07732,0.95129,1.10255,1.00793,0.15375
1228,1,2,tie things together,tie things together,Rope,rope,0.76037,0.89525,0.89059,1.01402,0.83809,0.87966,-0.03599
1228,2,3,leash,leash,Rope,rope,0.60057,0.70713,0.58918,0.88894,0.60708,0.67858,-0.28476
1228,3,3,weapon,weapon,Rope,rope,0.7995,0.91831,0.80382,0.98982,0.82305,0.8669,-0.05483
1193,1,2,tie up,tie,Rope,rope,0.464,0.56852,0.72827,0.66092,0.67869,0.62008,-0.30498
1193,2,1,hang from/belay down,hang belay,Rope,rope,1.07374,1.01455,0.82822,1.00221,1.04965,0.99367,0.10804
1193,4,2,whip,whip,Rope,rope,0.73459,0.79077,0.76201,0.8453,0.8432,0.79517,-0.11722
1193,4,2,choke,choke,Rope,rope,0.6528,0.76491,0.69966,1.04936,0.74652,0.78265,-0.17108
1193,1,1,climb with,climb,Rope,rope,0.56943,0.68518,0.66247,0.66394,0.64988,0.64618,-0.28333
1193,2,2,bundle up,bundle,Rope,rope,0.7527,0.82863,0.79961,0.95315,0.73899,0.81462,-0.11297
1193,5,3,lasso,lasso,Rope,rope,0.74051,0.54632,0.70432,0.93442,0.79369,0.74385,-0.18664
1180,1,2,tie a knot,tie knot,Rope,rope,0.9812,1.06538,0.94694,0.96285,1.01446,0.99417,0.11703
1180,3,4,sailboat,sailboat,Rope,rope,0.78264,0.84183,0.73381,0.81032,0.79302,0.79232,-0.12113
1180,2,2,pull something,pull something,Rope,rope,1.01317,1.07471,1.07119,1.03028,1.0697,1.05181,0.18771
1180,4,4,stage lights,stage lights,Rope,rope,1.00109,1.04838,0.98861,0.9242,1.06932,1.00632,0.14377
1180,3,3,noose,noose,Rope,rope,0.47311,0.4442,0.50288,0.69059,0.62784,0.54772,-0.4083
1180,3,4,life preserver,life preserver,Rope,rope,0.93716,0.94224,0.97483,0.92398,0.9431,0.94426,0.06649
1180,3,3,fraying to start a fire,fraying start fire,Rope,rope,0.95278,1.01505,0.99677,1.08619,1.12421,1.035,0.1581
1180,2,2,hold things up,hold things,Rope,rope,0.99435,1.0198,1.05042,1.03974,1.10257,1.04138,0.17596
1180,3,4,tent,tent,Rope,rope,0.64632,0.86769,0.73032,1.02458,0.75678,0.80514,-0.14275
1209,2,3,jumping over,jumping,Rope,rope,0.64873,0.72521,0.68915,0.56684,0.55123,0.63623,-0.28383
1209,2,2,tying nots,tying nots,Rope,rope,0.82857,0.87707,1.06669,0.99016,0.88031,0.92856,0.04258
1209,2,1,rope swings,rope swings,Rope,rope,0.95632,0.9076,0.81862,1.08901,1.12736,0.97978,0.08407
1226,2,2,to tie a leash for a dog,tie leash dog,Rope,rope,0.64844,0.68298,0.73491,0.81649,0.79895,0.73635,-0.18413
1226,2,2,to pull furniture,pull furniture,Rope,rope,1.06739,1.06423,1.03992,1.01527,1.09873,1.05711,0.19687
1226,1,2,to tie up a tent,tie tent,Rope,rope,0.9759,1.06899,0.94094,0.9339,0.99083,0.98211,0.10507
1226,3,3,to fish with,fish,Rope,rope,0.81417,0.83514,0.86141,1.02953,0.83779,0.87561,-0.04136
1226,4,3,to set and anchor,set anchor,Rope,rope,1.00373,0.94701,0.95509,1.0683,1.02436,0.9997,0.11518
1226,4,3,to kill someone,kill someone,Rope,rope,0.96525,1.0512,0.99141,1.0222,1.04872,1.01576,0.13924
1226,4,4,to harness a horse,harness horse,Rope,rope,1.00569,1.04157,0.86488,1.02911,1.0208,0.99241,0.10133
1121,1,1,climb,climb,Rope,rope,0.56943,0.68518,0.66247,0.66394,0.64988,0.64618,-0.28333
1121,3,2,restrain,restrain,Rope,rope,0.78719,0.87531,0.8271,1.00075,0.90928,0.87993,-0.03363
1121,2,2,lift as a pulley,lift pulley,Rope,rope,1.07854,1.01558,0.93217,0.94874,0.98556,0.99212,0.11853
1121,2,2,attach two objects,attach two objects,Rope,rope,0.92074,1.00177,0.9537,1.12049,0.87368,0.97408,0.06595
1118,2,1,in a tree for a swing,tree swing,Rope,rope,1.0742,0.90282,1.02368,0.95187,0.96952,0.98442,0.11969
1118,3,3,to dock a boat,dock boat,Rope,rope,1.0235,0.97543,1.01373,1.01777,0.98283,1.00265,0.12748
1118,3,4,to strap someone in while hang gliding,strap someone hang gliding,Rope,rope,0.88742,1.06816,0.92728,0.99096,0.98326,0.97142,0.08092
1118,1,1,for rock climbing,rock climbing,Rope,rope,1.02689,0.89149,0.93672,1.06411,0.9647,0.97678,0.0874
1460,1,1,climbing,climbing,Rope,rope,0.57978,0.73835,0.62076,0.77709,0.57054,0.6573,-0.29518
1460,1,2,tying,tying,Rope,rope,0.55332,0.60753,0.70139,0.88345,0.68301,0.68574,-0.26046
1460,5,3,lasso,lasso,Rope,rope,0.74051,0.54632,0.70432,0.93442,0.79369,0.74385,-0.18664
1460,2,2,hanging,hanging,Rope,rope,0.5799,0.75245,0.6605,0.82941,0.54475,0.6734,-0.28249
1460,4,3,whipping,whipping,Rope,rope,0.7951,0.82005,0.78461,0.88339,0.80686,0.818,-0.09557
1460,4,4,clothing styling,clothing styling,Rope,rope,1.0781,0.96984,1.06626,0.99186,1.05115,1.03144,0.17383
1460,4,4,sport,sport,Rope,rope,0.88659,0.91358,0.95427,0.90681,0.86316,0.90488,0.01713
1460,3,4,art,art,Rope,rope,0.89834,0.95993,0.94374,1.03389,0.97981,0.96314,0.07094
1488,2,2,dangle object,dangle object,Rope,rope,1.02072,0.97291,1.01268,1.09359,0.89683,0.99935,0.10865
1488,2,2,hoist objects up,hoist objects,Rope,rope,1.07121,0.99547,0.94298,0.97966,1.08194,1.01425,0.14634
1488,2,2,fasten objects in place,fasten objects place,Rope,rope,0.95255,0.91154,0.93107,1.02784,1.08604,0.98181,0.10128
1488,1,1,climbing goes with hoisting/lowering objects,climbing goes hoisting lowering objects,Rope,rope,0.92204,0.95114,0.90078,1.03085,0.98719,0.9584,0.06386
1488,1,2,tying knots,tying knots,Rope,rope,0.91035,0.98753,0.94277,1.03082,1.0796,0.99021,0.10714
1533,3,3,securing a boat in dock,securing boat dock,Rope,rope,0.97476,0.84931,0.91663,1.08095,0.83897,0.93212,0.02536
1533,2,2,pulling something very heavy on a sled,pulling something heavy sled,Rope,rope,1.00346,1.1019,0.93605,1.0261,1.0836,1.03022,0.15207
1373,2,3,jumping robe,jumping robe,Rope,rope,1.08348,1.08536,0.93895,1.08894,0.99561,1.03847,0.15145
1373,1,2,tie a knot,tie knot,Rope,rope,0.9812,1.06538,0.94694,0.96285,1.01446,0.99417,0.11703
1373,2,1,swing from a tree,swing tree,Rope,rope,1.0742,0.90282,1.02368,0.95187,0.96952,0.98442,0.11969
1373,3,4,zip line,zip line,Rope,rope,0.98111,1.00079,0.96817,0.94848,0.94772,0.96925,0.09079
1373,1,2,tight rope,tight rope,Rope,rope,0.93334,0.9894,0.89362,1.01052,1.09623,0.98462,0.10103
1373,1,1,aid in rock climbing,aid rock climbing,Rope,rope,0.89308,0.94533,0.89794,0.98033,0.83863,0.91106,0.00743
1373,1,2,tie something up,tie something,Rope,rope,1.04944,1.06148,0.90772,0.90557,0.99484,0.98381,0.11087
1373,5,3,lasso,lasso,Rope,rope,0.74051,0.54632,0.70432,0.93442,0.79369,0.74385,-0.18664
1603,2,2,swing,swing,Rope,rope,0.62637,0.83023,0.75626,0.65175,0.74018,0.72096,-0.18685
1603,2,2,ladder,ladder,Rope,rope,0.49674,0.58964,0.53639,0.727,0.47566,0.56509,-0.40337
1603,1,2,knot,knot,Rope,rope,0.49399,0.46781,0.58381,0.57315,0.58655,0.54106,-0.39594
1603,3,4,belt,belt,Rope,rope,0.64283,0.76162,0.79092,0.83192,0.68721,0.7429,-0.18324
1599,4,3,to kill yourself,kill,Rope,rope,0.67556,0.89021,0.86912,1.00144,0.89411,0.86609,-0.05091
1599,1,2,to tie something,tie something,Rope,rope,1.04944,1.06148,0.90772,0.90557,0.99484,0.98381,0.11087
1599,1,1,to climb,climb,Rope,rope,0.56943,0.68518,0.66247,0.66394,0.64988,0.64618,-0.28333
1599,1,2,to knot,knot,Rope,rope,0.49399,0.46781,0.58381,0.57315,0.58655,0.54106,-0.39594
1599,3,3,to play tug of war,play tug war,Rope,rope,0.75822,0.98587,0.9969,1.10678,0.8312,0.93579,0.02076
1599,5,4,to use during sex,use sex,Rope,rope,0.95746,1.04406,0.99615,1.00431,1.11767,1.02393,0.1552
1528,1,2,to tie things,tie things,Rope,rope,1.10548,1.01218,0.96438,0.94549,1.01919,1.00934,0.1441
1528,1,1,to help someone climb,help someone climb,Rope,rope,0.68376,0.86969,0.87323,0.9034,0.83163,0.83234,-0.07843
1528,1,2,rock climbing,rock climbing,Rope,rope,1.02689,0.89149,0.93672,1.06411,0.9647,0.97678,0.0874
1442,1,2,to climb on,climb,Rope,rope,0.56943,0.68518,0.66247,0.66394,0.64988,0.64618,-0.28333
1442,1,2,to tie to the ceiling,tie ceiling,Rope,rope,1.03563,0.97673,1.07321,0.93375,1.00664,1.00519,0.14821
1442,2,2,to hang stuff with,hang stuff,Rope,rope,1.08025,1.01149,1.03868,0.99636,1.06637,1.03863,0.17864
1442,2,2,to wrap around something,wrap around something,Rope,rope,0.78114,0.92606,0.95263,0.98417,0.8586,0.90052,-0.00235
1442,2,2,to swing on,swing,Rope,rope,0.62637,0.83023,0.75626,0.65175,0.74018,0.72096,-0.18685
1442,2,3,to play jump rope with,play jump rope,Rope,rope,0.70184,0.90398,0.81609,0.78961,0.83062,0.80843,-0.09579
1442,3,2,to use as a tightrope,use tightrope,Rope,rope,1.0931,1.04671,1.05106,0.99694,0.97943,1.03345,0.16802
1442,2,3,to attach to a vehicle and a skateboard or wagon or something,attach vehicle skateboard wagon something,Rope,rope,0.90499,0.93404,1.03291,1.01545,1.10771,0.99902,0.12989
1614,1,2,tying knots,tying knots,Rope,rope,0.91035,0.98753,0.94277,1.03082,1.0796,0.99021,0.10714
1614,1,1,climbing things,climbing things,Rope,rope,1.08889,1.00026,0.94171,1.17499,1.11956,1.06508,0.18048
1614,4,2,hanging yourself,hanging,Rope,rope,0.5799,0.75245,0.6605,0.82941,0.54475,0.6734,-0.28249
1503,2,2,connect to heavy things,connect heavy things,Rope,rope,0.84885,0.91148,0.98313,1.04702,0.87368,0.93283,0.03204
1503,2,2,hang something,hang something,Rope,rope,1.02873,1.04852,0.98272,0.93708,1.11396,1.0222,0.16303
1503,5,3,use as a lasso,use lasso,Rope,rope,0.96391,0.95857,0.95901,0.99318,0.92146,0.95923,0.07204
1503,3,4,make a trap,make trap,Rope,rope,1.04059,1.03293,0.96073,0.98206,1.06622,1.01651,0.14693
1503,3,3,use in tug of war,use tug war,Rope,rope,0.82357,0.92975,1.07187,1.07074,0.9212,0.96343,0.07227
1328,2,4,to tie your shoes together,tie shoes together,Rope,rope,0.78351,0.91337,0.88967,0.82751,0.83048,0.84891,-0.04643
1328,2,2,to swing off of something,swing something,Rope,rope,1.10932,1.0731,0.9498,0.91638,0.99914,1.00955,0.14395
1328,5,3,to use as a lasso,use lasso,Rope,rope,0.96391,0.95857,0.95901,0.99318,0.92146,0.95923,0.07204
1472,2,2,to hang,hang,Rope,rope,0.55621,0.64688,0.72533,0.66363,0.71735,0.66188,-0.25555
1472,4,3,to whip,whip,Rope,rope,0.73459,0.79077,0.76201,0.8453,0.8432,0.79517,-0.11722
1472,1,2,to tie,tie,Rope,rope,0.464,0.56852,0.72827,0.66092,0.67869,0.62008,-0.30498
1472,2,1,to climb,climb,Rope,rope,0.56943,0.68518,0.66247,0.66394,0.64988,0.64618,-0.28333
1472,3,3,to walk on,walk,Rope,rope,0.73963,0.90461,0.80442,0.98026,0.71421,0.82863,-0.10463
1472,4,3,to shred,shred,Rope,rope,0.85974,0.94314,0.90335,1.03868,0.91347,0.93168,0.02675
1472,2,3,to unwind,unwind,Rope,rope,0.78716,0.88788,0.87081,1.00092,0.83591,0.87654,-0.03845
1472,2,3,to squeeze,squeeze,Rope,rope,0.73244,0.89098,0.80444,0.88869,0.8309,0.82949,-0.0846
1463,1,2,tying,tying,Rope,rope,0.55332,0.60753,0.70139,0.88345,0.68301,0.68574,-0.26046
1463,2,3,twisting,twisting,Rope,rope,0.69491,0.88648,0.7051,0.8599,0.65016,0.75931,-0.18005
1463,2,2,holding,holding,Rope,rope,0.74712,0.85624,0.88007,0.77916,0.74122,0.80076,-0.0998
1463,2,2,lining,lining,Rope,rope,0.89377,1.07569,0.87781,1.02465,0.77389,0.92916,0.0124
1463,3,3,weapon,weapon,Rope,rope,0.7995,0.91831,0.80382,0.98982,0.82305,0.8669,-0.05483
1463,1,2,knotting,knotting,Rope,rope,0.53129,0.72939,0.54415,0.99634,0.79278,0.71879,-0.2496
1463,2,2,lifting,lifting,Rope,rope,0.70212,0.82438,0.72337,0.77739,0.7314,0.75173,-0.16923
1463,2,2,connecting,connecting,Rope,rope,0.86687,0.86863,0.90424,0.97331,0.75615,0.87384,-0.03636
1463,2,3,weaving,weaving,Rope,rope,0.65864,0.82591,0.71831,0.93898,0.64608,0.75758,-0.19083
1531,1,1,climbing up a tree,climbing tree,Rope,rope,1.07151,0.90511,1.02903,1.08898,0.96819,1.01256,0.13359
1531,3,3,working out,working,Rope,rope,0.86003,0.96613,0.96403,1.0032,0.88616,0.93591,0.03903
1531,2,2,pulling freight,pulling freight,Rope,rope,1.05274,1.035,0.99413,1.05586,1.12447,1.05244,0.18431
1531,2,2,keeping a box closed,keeping box closed,Rope,rope,0.91002,1.0548,0.96233,0.98958,0.85455,0.95426,0.05841
1531,4,4,rounding up cattle,rounding cattle,Rope,rope,1.02447,0.93721,1.05855,0.97663,1.05458,1.01029,0.15074
1402,1,2,Tie something up,tie something,Rope,rope,1.04944,1.06148,0.90772,0.90557,0.99484,0.98381,0.11087
1402,3,2,hang someone,hang someone,Rope,rope,1.01113,1.0251,0.96746,0.88877,1.13591,1.00567,0.15088
1402,3,3,tie off a boat,tie boat,Rope,rope,0.9474,1.03345,0.97887,0.95917,0.98125,0.98003,0.10221
1526,1,2,tie a knot,tie knot,Rope,rope,0.9812,1.06538,0.94694,0.96285,1.01446,0.99417,0.11703
1526,2,3,make a net,make net,Rope,rope,1.05026,0.95055,0.97182,0.99971,1.09342,1.01315,0.14629
1526,3,2,tug of war,tug war,Rope,rope,0.84866,0.94268,0.96198,1.0247,1.00944,0.95749,0.06791
1526,1,1,climbing,climbing,Rope,rope,0.57978,0.73835,0.62076,0.77709,0.57054,0.6573,-0.29518
1526,2,2,hold things together,hold things together,Rope,rope,0.76367,0.97092,0.88031,0.99267,0.86263,0.89404,-0.01869
1526,4,3,use as a straight line,use straight line,Rope,rope,0.79531,0.91896,0.96974,1.01262,0.87294,0.91391,0.012
1440,2,3,jump rope,jump rope,Rope,rope,1.0028,0.874,0.9195,0.98699,1.0154,0.95974,0.07957
1440,1,2,tying knots,tying knots,Rope,rope,0.91035,0.98753,0.94277,1.03082,1.0796,0.99021,0.10714
1440,3,4,sailing,sailing,Rope,rope,0.79687,0.83584,0.81251,0.9864,0.81823,0.84997,-0.07049
1440,2,2,lifting things,lifting things,Rope,rope,1.1777,1.01106,1.00923,0.98871,1.09074,1.05549,0.20091
1610,2,1,use to pull someone up from something,use pull someone something,Rope,rope,0.91055,0.97836,1.06099,0.97757,1.1226,1.01001,0.14931
1610,1,2,tie something,tie something,Rope,rope,1.04944,1.06148,0.90772,0.90557,0.99484,0.98381,0.11087
1610,1,1,climb it,climb,Rope,rope,0.56943,0.68518,0.66247,0.66394,0.64988,0.64618,-0.28333
1610,2,2,propel down from a higher place with it,propel higher place,Rope,rope,0.91578,0.93919,0.98985,0.90726,0.9719,0.9448,0.07162
1320,1,2,tie things together,tie things together,Rope,rope,0.76037,0.89525,0.89059,1.01402,0.83809,0.87966,-0.03599
1320,3,4,bracelet/necklace,bracelet necklace,Rope,rope,1.00742,0.91871,0.99786,0.94265,1.02573,0.97847,0.11252
1320,2,2,hang something up,hang something,Rope,rope,1.02873,1.04852,0.98272,0.93708,1.11396,1.0222,0.16303
1320,4,3,whip,whip,Rope,rope,0.73459,0.79077,0.76201,0.8453,0.8432,0.79517,-0.11722
1382,1,2,tie things,tie things,Rope,rope,1.10548,1.01218,0.96438,0.94549,1.01919,1.00934,0.1441
1382,1,1,climb a mountain,climb mountain,Rope,rope,1.01999,0.97795,0.97504,0.9764,0.99089,0.98805,0.11346
1382,1,4,tie hair up,tie hair,Rope,rope,1.01793,1.08475,1.04676,1.02792,1.0521,1.04589,0.17809
1382,3,4,belt,belt,Rope,rope,0.64283,0.76162,0.79092,0.83192,0.68721,0.7429,-0.18324
1382,3,4,headband,headband,Rope,rope,0.72339,0.79312,0.76103,1.00572,0.80498,0.81765,-0.11576
1382,5,3,lasso,lasso,Rope,rope,0.74051,0.54632,0.70432,0.93442,0.79369,0.74385,-0.18664
1382,5,3,handcuffs,handcuffs,Rope,rope,0.69214,0.7933,0.68753,0.90013,0.65667,0.74595,-0.19866
1382,2,3,jump rope,jump rope,Rope,rope,1.0028,0.874,0.9195,0.98699,1.0154,0.95974,0.07957
1458,2,2,tie things up,tie things,Rope,rope,1.10548,1.01218,0.96438,0.94549,1.01919,1.00934,0.1441
1458,4,1,mark a distance,mark distance,Rope,rope,1.01547,1.04551,0.98277,1.09413,1.08181,1.04394,0.16464
1458,3,4,measure things,measure things,Rope,rope,0.90735,1.0333,1.01248,1.05242,1.12622,1.02635,0.15213
1559,2,2,to pull a canoe,pull canoe,Rope,rope,0.96775,1.07674,0.97372,1.10147,0.98245,1.02043,0.12798
1559,2,4,to make a swing,make swing,Rope,rope,1.13654,1.01509,0.94959,1.05506,1.04536,1.04033,0.16585
1559,1,2,to tie something,tie something,Rope,rope,1.04944,1.06148,0.90772,0.90557,0.99484,0.98381,0.11087
1559,2,3,to close a door,close door,Rope,rope,1.02455,0.97342,1.09837,1.05028,1.07096,1.04352,0.1817
1559,2,2,to pull someone out of something out of a hole,pull someone something hole,Rope,rope,1.00823,0.94221,0.98864,0.92398,1.06497,0.98561,0.12381
1559,2,2,to  to hang something up eg laundry,hang something eg laundry,Rope,rope,1.05649,1.05655,1.08175,0.97626,0.88576,1.01136,0.14142
1347,1,1,Climbing,climbing,Rope,rope,0.57978,0.73835,0.62076,0.77709,0.57054,0.6573,-0.29518
1347,2,2,hold something up,hold something,Rope,rope,0.9684,1.06173,1.07784,0.89693,1.09947,1.02087,0.17157
1347,3,2,tightrope,tightrope,Rope,rope,0.72181,0.71005,0.69463,0.91689,0.75475,0.75963,-0.17547
1347,2,1,swinging on something,swinging something,Rope,rope,1.01896,1.10552,0.95235,0.95819,1.01643,1.01029,0.13641
1347,2,2,hanging from something,hanging something,Rope,rope,1.14431,0.98733,0.9585,0.93203,1.03698,1.01183,0.15132
1347,2,2,hanging upside down,hanging upside,Rope,rope,1.06699,0.98248,0.95769,1.01177,1.09165,1.02212,0.15307
1347,2,3,leash,leash,Rope,rope,0.60057,0.70713,0.58918,0.88894,0.60708,0.67858,-0.28476
1417,1,2,tie things,tie things,Rope,rope,1.10548,1.01218,0.96438,0.94549,1.01919,1.00934,0.1441
1417,3,4,chew toy,chew toy,Rope,rope,1.04036,0.92765,0.99379,1.00754,1.0779,1.00945,0.14244
1417,3,4,belt,belt,Rope,rope,0.64283,0.76162,0.79092,0.83192,0.68721,0.7429,-0.18324
1417,4,4,jewelry,jewelry,Rope,rope,0.7756,0.91521,0.95776,0.98229,0.86519,0.89921,-0.00261
1547,2,2,tie something to another thing,tie something another thing,Rope,rope,0.94257,0.92777,0.93659,0.9949,1.0438,0.96913,0.08847
1547,2,2,pull something,pull something,Rope,rope,1.01317,1.07471,1.07119,1.03028,1.0697,1.05181,0.18771
1547,3,3,tug of war,tug war,Rope,rope,0.84866,0.94268,0.96198,1.0247,1.00944,0.95749,0.06791
1547,2,2,secure something,secure something,Rope,rope,0.88733,0.93839,0.96645,0.90762,1.08375,0.95671,0.0886
1547,2,2,drag something,drag something,Rope,rope,1.03489,1.12751,1.01752,1.01834,1.06808,1.05327,0.18534
1563,1,2,to tie a knot,tie knot,Rope,rope,0.9812,1.06538,0.94694,0.96285,1.01446,0.99417,0.11703
1563,2,3,to hold a door open,hold door open,Rope,rope,0.79193,0.92123,0.92469,0.78555,0.84672,0.85402,-0.03118
1507,3,3,sailing,sailing,Rope,rope,0.79687,0.83584,0.81251,0.9864,0.81823,0.84997,-0.07049
1507,1,4,tying one's hair back,tying one hair back,Rope,rope,1.11343,0.92405,1.03825,0.98131,1.01011,1.01343,0.15279
1507,3,3,strangling someone,strangling someone,Rope,rope,0.89246,1.02014,1.02397,0.92935,0.93659,0.9605,0.08389
1507,1,1,rock climbing,rock climbing,Rope,rope,1.02689,0.89149,0.93672,1.06411,0.9647,0.97678,0.0874
1507,3,3,raising a flag,raising flag,Rope,rope,0.91933,0.97371,1.02984,1.0468,1.10875,1.01569,0.14359
1507,2,3,tying your trunk closed,tying trunk closed,Rope,rope,0.79937,1.12966,0.94574,1.05874,0.95748,0.9782,0.07476
1622,1,2,tying,tying,Rope,rope,0.55332,0.60753,0.70139,0.88345,0.68301,0.68574,-0.26046
1622,3,2,tug of war,tug war,Rope,rope,0.84866,0.94268,0.96198,1.0247,1.00944,0.95749,0.06791
1622,2,4,shoelaces,shoelaces,Rope,rope,0.51213,0.57882,0.58591,0.9119,0.66508,0.65077,-0.31497
1622,1,1,mountain climbing,mountain climbing,Rope,rope,1.09328,0.95906,0.96559,0.96253,1.01437,0.99897,0.13124
1622,4,3,whips,whips,Rope,rope,0.77147,0.71045,0.73899,0.96332,0.70333,0.77751,-0.15898
1622,2,2,hanging,hanging,Rope,rope,0.5799,0.75245,0.6605,0.82941,0.54475,0.6734,-0.28249
1622,4,4,bridges,bridges,Rope,rope,0.82078,0.84352,0.81344,0.83579,0.75723,0.81415,-0.09396
1622,4,4,jewelry,jewelry,Rope,rope,0.7756,0.91521,0.95776,0.98229,0.86519,0.89921,-0.00261
1366,1,2,to tie,tie,Rope,rope,0.464,0.56852,0.72827,0.66092,0.67869,0.62008,-0.30498
1366,1,1,to climb with,climb,Rope,rope,0.56943,0.68518,0.66247,0.66394,0.64988,0.64618,-0.28333
1366,2,2,to secure things together,secure things together,Rope,rope,0.92196,0.91749,0.93139,1.05767,0.86587,0.93888,0.0349
1366,2,2,to hang,hang,Rope,rope,0.55621,0.64688,0.72533,0.66363,0.71735,0.66188,-0.25555
1366,3,3,a noose,noose,Rope,rope,0.47311,0.4442,0.50288,0.69059,0.62784,0.54772,-0.4083
1366,3,3,tug of,tug,Rope,rope,0.62043,0.70355,0.69641,0.65553,0.71258,0.6777,-0.23899
1413,2,2,jump rope,jump rope,Rope,rope,1.0028,0.874,0.9195,0.98699,1.0154,0.95974,0.07957
1413,5,3,lasso,lasso,Rope,rope,0.74051,0.54632,0.70432,0.93442,0.79369,0.74385,-0.18664
1413,2,2,hold objects together,hold objects together,Rope,rope,0.82589,1.03633,0.89103,0.91635,0.87467,0.90885,0.00971
1413,3,2,tightrope,tightrope,Rope,rope,0.72181,0.71005,0.69463,0.91689,0.75475,0.75963,-0.17547
1413,1,2,hold someone while rock climbing,hold someone rock climbing,Rope,rope,1.04537,0.99422,1.03027,0.89891,1.07853,1.00946,0.15794
1413,3,3,mast on a boat,mast boat,Rope,rope,0.95813,1.00922,0.96148,0.95274,0.94096,0.96451,0.08286
1413,3,4,tether ball rope,tether ball rope,Rope,rope,0.65067,0.70879,0.7243,1.27788,0.8209,0.83651,-0.1323
1500,2,3,jump rope,jump rope,Rope,rope,1.0028,0.874,0.9195,0.98699,1.0154,0.95974,0.07957
1500,2,3,hang pinata,hang pinata,Rope,rope,1.03136,1.04681,0.94641,0.95626,0.97478,0.99112,0.1144
1500,3,4,measurement,measurement,Rope,rope,0.92014,0.88714,0.87926,1.00429,0.85359,0.90888,0.00387
1500,3,2,lower a person,lower person,Rope,rope,1.09998,1.02268,0.93704,1.0131,1.11777,1.03811,0.17055
1453,2,2,to hang things up,hang things,Rope,rope,1.06316,1.04354,0.97047,0.98586,1.10792,1.03419,0.17006
1453,1,1,to climb somewhere,climb somewhere,Rope,rope,0.95629,0.99303,1.04238,1.09041,0.96698,1.00982,0.12466
1453,1,2,to tie things together,tie things together,Rope,rope,0.76037,0.89525,0.89059,1.01402,0.83809,0.87966,-0.03599
1453,3,3,a measuring tool,measuring tool,Rope,rope,0.98055,1.04364,0.98445,1.08437,1.14263,1.04713,0.17208
1453,3,3,a weapon,weapon,Rope,rope,0.7995,0.91831,0.80382,0.98982,0.82305,0.8669,-0.05483
1514,2,2,jump,jump,Rope,rope,0.58337,0.61139,0.76074,0.51169,0.64956,0.62335,-0.2779
1514,2,3,pulley,pulley,Rope,rope,0.55265,0.58814,0.54953,0.7347,0.56266,0.59754,-0.35965
1514,3,2,tight rope,tight rope,Rope,rope,0.93334,0.9894,0.89362,1.01052,1.09623,0.98462,0.10103
1514,2,2,secure something,secure something,Rope,rope,0.88733,0.93839,0.96645,0.90762,1.08375,0.95671,0.0886
1514,1,1,climb,climb,Rope,rope,0.56943,0.68518,0.66247,0.66394,0.64988,0.64618,-0.28333
1514,3,3,marking,marking,Rope,rope,0.90329,0.90836,0.91685,1.04013,0.92279,0.93828,0.03828
1449,2,2,swing,swing,Rope,rope,0.62637,0.83023,0.75626,0.65175,0.74018,0.72096,-0.18685
1449,2,3,jumping rope,jumping rope,Rope,rope,1.03253,0.88112,0.79235,0.95477,1.00216,0.93259,0.04242
1449,3,3,working out rope swings,working rope swings,Rope,rope,0.76771,0.77896,0.99254,1.16649,1.06129,0.9534,0.05269
1449,2,2,pull car out of mud,pull car mud,Rope,rope,0.80502,1.08869,0.90885,0.9068,0.86417,0.91471,0.01609
1449,5,3,lasso,lasso,Rope,rope,0.74051,0.54632,0.70432,0.93442,0.79369,0.74385,-0.18664
1449,3,3,resistance band,resistance band,Rope,rope,1.00469,1.01331,0.98326,0.98613,1.06736,1.01095,0.14151
1449,4,2,to trip people,trip people,Rope,rope,0.9568,1.0907,0.96488,0.9914,1.09824,1.0204,0.14764
1506,1,2,tie things together,tie things together,Rope,rope,0.76037,0.89525,0.89059,1.01402,0.83809,0.87966,-0.03599
1506,3,3,tug of war,tug war,Rope,rope,0.84866,0.94268,0.96198,1.0247,1.00944,0.95749,0.06791
1506,5,3,lasso,lasso,Rope,rope,0.74051,0.54632,0.70432,0.93442,0.79369,0.74385,-0.18664
1506,4,4,pendulum for swinging on,pendulum swinging,Rope,rope,0.88835,0.98256,0.90805,1.01407,0.97751,0.95411,0.05914
1551,4,3,to make a bridge,make bridge,Rope,rope,1.0008,0.92624,0.99714,0.92337,1.03522,0.97655,0.11292
1551,3,3,to tow a car,tow car,Rope,rope,1.0503,1.08809,1.10731,0.97343,0.91871,1.02757,0.16295
1551,1,2,tie a knot,tie knot,Rope,rope,0.9812,1.06538,0.94694,0.96285,1.01446,0.99417,0.11703
1551,2,2,use as a pulley to lift something,use pulley lift something,Rope,rope,1.017,1.06525,1.00599,0.90661,0.88113,0.9752,0.10149
1551,5,3,use as a lasso,use lasso,Rope,rope,0.96391,0.95857,0.95901,0.99318,0.92146,0.95923,0.07204
1511,1,2,climbing,climbing,Rope,rope,0.57978,0.73835,0.62076,0.77709,0.57054,0.6573,-0.29518
1511,2,4,unraveling for materials,unraveling materials,Rope,rope,1.02598,0.92009,1.00208,0.95734,1.00429,0.98196,0.1142
1511,3,4,creating a decorative piece,creating decorative piece,Rope,rope,0.88096,1.06482,0.94973,1.06909,0.8695,0.96682,0.06061
1511,4,3,hanging oneself,hanging oneself,Rope,rope,0.97322,1.01358,0.85515,1.15386,1.00167,0.9995,0.09074
1511,1,2,tying something together,tying something together,Rope,rope,0.83483,0.89817,0.93923,0.85971,0.84631,0.87565,-0.01316
1511,3,4,fixing something,fixing something,Rope,rope,1.11802,1.04204,1.02935,1.09287,1.13013,1.08248,0.21863
1513,1,2,knots,knots,Rope,rope,0.60723,0.55981,0.6793,0.77627,0.63828,0.65218,-0.28534
1513,1,2,tie down ships,tie ships,Rope,rope,0.85138,0.92733,1.01741,0.98718,1.03088,0.96284,0.08541
1513,2,3,make a pulley,make pulley,Rope,rope,1.06433,0.92196,0.91638,0.93955,0.8642,0.94128,0.05649
1513,1,1,rock climbers,rock climbers,Rope,rope,0.9952,0.83918,0.93955,1.06447,1.04093,0.97587,0.09159
1513,1,2,tie things together,tie things together,Rope,rope,0.76037,0.89525,0.89059,1.01402,0.83809,0.87966,-0.03599
1513,2,2,hold things down in truck,hold things truck,Rope,rope,0.6758,0.97996,1.02186,0.98887,0.86993,0.90728,0.0059
1518,1,1,climb,climb,Rope,rope,0.56943,0.68518,0.66247,0.66394,0.64988,0.64618,-0.28333
1518,3,3,hit someone,hit someone,Rope,rope,1.02216,1.0451,0.9628,0.9221,1.04626,0.99968,0.13385
1518,1,2,tie something together,tie something together,Rope,rope,0.73631,0.84952,0.88837,0.95865,0.83577,0.85372,-0.05764
1518,3,4,use as a bow on a gift,use bow gift,Rope,rope,0.99987,0.87992,0.94995,0.99683,0.86337,0.93799,0.04717
1518,3,4,working out,working,Rope,rope,0.86003,0.96613,0.96403,1.0032,0.88616,0.93591,0.03903
1450,2,1,pull things,pull things,Rope,rope,1.07054,1.04189,1.03473,1.05404,1.08369,1.05698,0.19112
1450,1,2,tie knots,tie knots,Rope,rope,0.91629,1.04631,0.9431,0.96013,1.06317,0.9858,0.10887
1461,1,2,tie things,tie things,Rope,rope,1.10548,1.01218,0.96438,0.94549,1.01919,1.00934,0.1441
1461,2,4,shoe laces,shoe laces,Rope,rope,1.06723,0.95493,0.86008,1.08729,0.94631,0.98317,0.08333
1461,1,1,climbing,climbing,Rope,rope,0.57978,0.73835,0.62076,0.77709,0.57054,0.6573,-0.29518
1461,5,3,lasso,lasso,Rope,rope,0.74051,0.54632,0.70432,0.93442,0.79369,0.74385,-0.18664
1461,5,5,used to soak up water,used soak water,Rope,rope,0.89677,0.9584,0.97501,0.96511,0.876,0.93426,0.04401
1461,3,3,noose,noose,Rope,rope,0.47311,0.4442,0.50288,0.69059,0.62784,0.54772,-0.4083
1461,1,2,tying thins together,tying thins together,Rope,rope,0.79933,0.92721,1.03355,0.8218,1.11491,0.93936,0.08521
1461,3,2,to restrain people,restrain people,Rope,rope,0.97639,1.09551,0.99205,0.96785,1.09573,1.02551,0.15916
1461,3,4,used to help light a fire,used help light fire,Rope,rope,0.91632,0.90243,1.07146,0.93213,1.12071,0.98861,0.13454
1461,4,3,used as whip,used whip,Rope,rope,1.08682,1.01614,1.03171,0.9816,1.07858,1.03897,0.18117
1461,3,4,cut up for arts and craft,cut arts craft,Rope,rope,0.89238,1.0019,0.89925,1.01077,0.85716,0.93229,0.02673
1330,1,2,tying up a boat,tying boat,Rope,rope,0.97925,0.97831,0.99976,1.03268,1.00886,0.99977,0.12101
1330,1,2,tying knots,tying knots,Rope,rope,0.91035,0.98753,0.94277,1.03082,1.0796,0.99021,0.10714
1330,3,4,decoration,decoration,Rope,rope,0.88733,0.95334,0.88736,1.00763,0.88772,0.92468,0.0207
1330,2,3,leash for animal,leash animal,Rope,rope,0.87948,0.97968,0.94453,1.02675,0.93552,0.95319,0.05687
1330,2,4,hold a swing up,hold swing,Rope,rope,1.04861,0.99762,1.04103,1.04978,1.07231,1.04187,0.17518
1330,1,1,climbing,climbing,Rope,rope,0.57978,0.73835,0.62076,0.77709,0.57054,0.6573,-0.29518
1497,1,1,climb something,climb something,Rope,rope,1.0249,1.06271,0.99311,0.90538,1.05057,1.00733,0.14704
1497,1,2,tie two things together,tie two things together,Rope,rope,1.03153,0.92133,1.0347,0.91042,1.09389,0.99837,0.14704
1497,4,3,perform an execution,perform execution,Rope,rope,0.97701,0.9111,1.02273,0.97127,1.11333,0.99909,0.13842
1497,2,3,play jump rope,play jump rope,Rope,rope,0.70184,0.90398,0.81609,0.78961,0.83062,0.80843,-0.09579
1407,3,4,can be used to decorate a house,can used decorate house,Rope,rope,0.93997,1.02269,1.03305,1.00721,1.10584,1.02175,0.15489
1407,3,3,used as a dog toy,used dog toy,Rope,rope,0.81777,1.00856,1.07693,0.93799,0.88052,0.94435,0.0636
1407,3,4,used as an accessory,used accessory,Rope,rope,1.0511,1.0355,1.0366,0.88057,1.05745,1.01224,0.16168
1425,2,2,to swing,swing,Rope,rope,0.62637,0.83023,0.75626,0.65175,0.74018,0.72096,-0.18685
1425,1,1,to climb,climb,Rope,rope,0.56943,0.68518,0.66247,0.66394,0.64988,0.64618,-0.28333
1425,1,2,to tie things together,tie things together,Rope,rope,0.76037,0.89525,0.89059,1.01402,0.83809,0.87966,-0.03599
1425,3,3,to strangle,strangle,Rope,rope,0.57742,0.65191,0.73949,0.76766,0.75397,0.69809,-0.22452
1425,3,4,to close off an area,close area,Rope,rope,0.96792,0.91192,1.0711,1.14111,1.12797,1.044,0.17134
1425,2,2,to hang something,hang something,Rope,rope,1.02873,1.04852,0.98272,0.93708,1.11396,1.0222,0.16303
1425,5,3,to lasso something,lasso something,Rope,rope,1.06379,1.0772,0.93966,0.9779,0.94794,1.0013,0.12103
1464,2,3,Jumping rope,jumping rope,Rope,rope,1.03253,0.88112,0.79235,0.95477,1.00216,0.93259,0.04242
1464,1,2,tie a knot,tie knot,Rope,rope,0.9812,1.06538,0.94694,0.96285,1.01446,0.99417,0.11703
1464,3,3,tug of war,tug war,Rope,rope,0.84866,0.94268,0.96198,1.0247,1.00944,0.95749,0.06791
1464,1,1,climbing,climbing,Rope,rope,0.57978,0.73835,0.62076,0.77709,0.57054,0.6573,-0.29518
1464,3,3,safety harness,safety harness,Rope,rope,1.00049,1.01521,0.88141,1.01706,1.10048,1.00293,0.12149
1464,3,3,drop an anchor,drop anchor,Rope,rope,0.93027,0.99286,0.84455,1.01956,1.00732,0.95891,0.06129
1543,1,2,Tie stuff up,tie stuff,Rope,rope,1.12154,1.00114,1.03821,1.04474,0.99256,1.03964,0.1708
1543,2,2,hang decorations,hang decorations,Rope,rope,1.11032,0.94896,0.92386,1.08174,1.09069,1.03111,0.15361
1543,4,5,pull out a tooth,pull tooth,Rope,rope,0.99127,1.09974,1.13188,1.02827,0.93603,1.03744,0.16758
1543,3,4,burn/use for fire starter,burn use fire starter,Rope,rope,1.08994,1.01258,1.05668,1.06282,1.09799,1.064,0.20217
1543,2,3,make a leash,make leash,Rope,rope,1.13879,0.98042,0.96503,1.07143,0.98117,1.02737,0.14782
1543,4,3,use as a whip,use whip,Rope,rope,1.01328,0.94519,1.05686,0.89043,1.03519,0.98819,0.13526
1598,3,4,sailing,sailing,Rope,rope,0.79687,0.83584,0.81251,0.9864,0.81823,0.84997,-0.07049
1598,3,3,noose,noose,Rope,rope,0.47311,0.4442,0.50288,0.69059,0.62784,0.54772,-0.4083
1598,3,4,gym workouts,gym workouts,Rope,rope,1.01416,0.96799,0.94707,1.02404,1.05169,1.00099,0.12307
1334,1,2,tie,tie,Rope,rope,0.464,0.56852,0.72827,0.66092,0.67869,0.62008,-0.30498
1334,3,3,capture,capture,Rope,rope,0.85317,0.8963,0.90338,1.00259,0.9187,0.91483,0.01408
1334,2,2,hang,hang,Rope,rope,0.55621,0.64688,0.72533,0.66363,0.71735,0.66188,-0.25555
1334,1,1,climb,climb,Rope,rope,0.56943,0.68518,0.66247,0.66394,0.64988,0.64618,-0.28333
1334,1,1,knot,knot,Rope,rope,0.49399,0.46781,0.58381,0.57315,0.58655,0.54106,-0.39594
1362,2,1,tie knots,tie knots,Rope,rope,0.91629,1.04631,0.9431,0.96013,1.06317,0.9858,0.10887
1362,4,3,save lives,save lives,Rope,rope,1.02078,0.97227,0.97303,1.04324,1.05777,1.01342,0.1372
1362,1,1,climb mountains,climb mountains,Rope,rope,0.9879,0.98676,0.95706,1.04027,1.01712,0.99782,0.1147
1362,2,2,hoist supplies,hoist supplies,Rope,rope,1.04371,0.8985,0.99835,1.07563,1.02601,1.00844,0.13073
1352,2,1,tie a swing on a tree,tie swing tree,Rope,rope,0.68683,0.79528,0.85279,0.82613,0.8155,0.79531,-0.11023
1352,2,3,tie around a box,tie around box,Rope,rope,0.74105,0.90693,0.97567,1.07688,0.83099,0.9063,-0.00845
1352,3,3,tug of war,tug war,Rope,rope,0.84866,0.94268,0.96198,1.0247,1.00944,0.95749,0.06791
1367,2,2,to pull something,pull something,Rope,rope,1.01317,1.07471,1.07119,1.03028,1.0697,1.05181,0.18771
1367,2,2,to tighten around something,tighten around something,Rope,rope,0.71293,0.96429,0.91545,1.05543,0.88396,0.90641,-0.01029
1367,3,3,to lock a door,lock door,Rope,rope,0.99261,0.93902,1.02568,1.00406,1.07585,1.00744,0.14124
1367,2,3,to hang up something,hang something,Rope,rope,1.02873,1.04852,0.98272,0.93708,1.11396,1.0222,0.16303
1367,2,2,to swing around,swing around,Rope,rope,1.03345,0.94157,1.02488,1.03359,0.99108,1.00491,0.13079
1621,1,2,tie it,tie,Rope,rope,0.464,0.56852,0.72827,0.66092,0.67869,0.62008,-0.30498
1621,2,2,tow something with it,tow something,Rope,rope,1.05334,1.02426,0.98839,0.90846,0.90809,0.97651,0.10535
1621,1,1,climb it,climb,Rope,rope,0.56943,0.68518,0.66247,0.66394,0.64988,0.64618,-0.28333
1621,4,1,throw it down a hole,throw hole,Rope,rope,1.03352,1.02305,0.99233,0.88238,0.98008,0.98227,0.11918
1621,3,4,use it to repel,use repel,Rope,rope,0.94264,0.91126,0.94832,0.99114,1.08263,0.9752,0.09959
1621,3,2,use it to hit something,use hit something,Rope,rope,0.83329,0.92478,1.01199,1.0763,0.87964,0.9452,0.04397
1621,3,3,play tug of war,play tug war,Rope,rope,0.75822,0.98587,0.9969,1.10678,0.8312,0.93579,0.02076
1466,1,2,climb,climb,Rope,rope,0.56943,0.68518,0.66247,0.66394,0.64988,0.64618,-0.28333
1466,1,2,tie a knot,tie knot,Rope,rope,0.9812,1.06538,0.94694,0.96285,1.01446,0.99417,0.11703
1466,3,3,dock a boat,dock boat,Rope,rope,1.0235,0.97543,1.01373,1.01777,0.98283,1.00265,0.12748
1466,3,3,tug of war,tug war,Rope,rope,0.84866,0.94268,0.96198,1.0247,1.00944,0.95749,0.06791
1587,2,3,jump rope,jump rope,Rope,rope,1.0028,0.874,0.9195,0.98699,1.0154,0.95974,0.07957
1587,2,2,tie up a dog,tie dog,Rope,rope,1.05519,1.16774,0.99726,1.06243,0.95635,1.04779,0.16454
1587,5,3,lasso yourself to a cliff,lasso cliff,Rope,rope,0.9982,0.9185,1.06615,1.07197,0.90608,0.99218,0.10945
1587,4,4,build a bridge,build bridge,Rope,rope,0.86958,0.89101,1.21391,1.06243,1.00802,1.00899,0.14465
1587,3,4,use as a belt,use belt,Rope,rope,0.89516,1.00639,0.97856,0.9346,1.09918,0.98278,0.11448
1587,5,5,make a string instrument,make string instrument,Rope,rope,0.90975,0.92239,0.90813,0.97372,0.88222,0.91924,0.02222
1527,1,2,Tie Knots,tie knots,Rope,rope,0.91629,1.04631,0.9431,0.96013,1.06317,0.9858,0.10887
1527,5,3,lasso things,lasso things,Rope,rope,1.0313,1.15914,0.94758,1.02189,0.93879,1.01974,0.13246
1527,2,2,fasten things together,fasten things together,Rope,rope,0.82569,0.94466,0.85413,1.0149,1.03753,0.93538,0.03592
1527,2,2,pull something,pull something,Rope,rope,1.01317,1.07471,1.07119,1.03028,1.0697,1.05181,0.18771
1527,4,4,use as a guard rail,use guard rail,Rope,rope,0.94037,1.07692,0.9577,1.02595,0.89213,0.97861,0.08321
1372,1,2,Tie things together,tie things together,Rope,rope,0.76037,0.89525,0.89059,1.01402,0.83809,0.87966,-0.03599
1372,1,2,practice knotting,practice knotting,Rope,rope,1.01962,1.01318,1.08271,0.98486,0.98484,1.01704,0.15268
1372,2,3,play jump rope,play jump rope,Rope,rope,0.70184,0.90398,0.81609,0.78961,0.83062,0.80843,-0.09579
1525,1,2,tie things,tie things,Rope,rope,1.10548,1.01218,0.96438,0.94549,1.01919,1.00934,0.1441
1525,2,2,hold things up,hold things,Rope,rope,0.99435,1.0198,1.05042,1.03974,1.10257,1.04138,0.17596
1525,2,2,used to help carry things,used help carry things,Rope,rope,1.14003,1.02099,0.97093,0.96233,1.12134,1.04312,0.18738
1525,2,2,secure things,secure things,Rope,rope,0.93955,0.96474,1.05072,0.99313,1.09036,1.0077,0.14332
1525,2,3,hang someone,hang someone,Rope,rope,1.01113,1.0251,0.96746,0.88877,1.13591,1.00567,0.15088
1525,2,4,make a swing,make swing,Rope,rope,1.13654,1.01509,0.94959,1.05506,1.04536,1.04033,0.16585
1525,2,2,tow things,tow things,Rope,rope,1.02577,1.03756,0.99858,0.98443,0.9145,0.99217,0.11288
