id,rating,creativity,response,response_nofill,item,item_nofill,SemDis_cbowukwacsubtitle_nf_m,SemDis_cbowsubtitle_nf_m,SemDis_cbowBNCwikiukwac_nf_m,SemDis_TASA_nf_m,SemDis_glove_nf_m,SemDis_MEAN,SemDis_factor
1094,1,1,to store things,store things,Box,box,1.01635,1.07313,0.90745,0.94789,1.25812,1.04059,0.10492
1094,3,4,to build a fort,build fort,Box,box,1.02406,0.9625,0.99679,1.0124,1.12745,1.02464,0.09326
1094,3,4,as an umbrella,umbrella,Box,box,0.79271,0.84168,0.86173,0.8421,0.95703,0.85905,-0.10172
1094,3,4,to catch a bunny,catch bunny,Box,box,0.9845,1.05335,1.00394,1.056,1.0594999999999999,1.03146,0.08421
1093,2,2,standing on,standing,Box,box,0.7635000000000001,0.90615,0.94337,1.1616,0.79047,0.91302,-0.09459
1093,1,1,putting items in,putting items,Box,box,1.05612,1.02841,0.93182,0.9257299999999999,1.27109,1.04263,0.12255
1093,1,1,opening,opening,Box,box,0.81137,0.85193,0.89674,0.84175,0.69811,0.81998,-0.1147
1093,1,1,closing,closing,Box,box,0.89919,0.91007,0.95747,1.0403,0.87446,0.9363,-0.01685
1093,1,2,cutting,cutting,Box,box,0.84921,0.8765000000000001,0.90192,1.09557,0.84783,0.91421,-0.05938
1093,3,4,make a dollhouse,make dollhouse,Box,box,1.02649,0.98441,1.10588,1.06289,0.74656,0.98525,0.07547
1093,1,1,fill,fill,Box,box,0.81187,0.86604,0.8681099999999999,0.86095,0.7223999999999999,0.82587,-0.11334
1093,3,4,sleep in,sleep,Box,box,0.87143,1.01029,1.00564,1.11986,0.85834,0.97311,-0.00265
1159,1,1,Put things in,put things,Box,box,1.0546,0.97162,0.96526,0.98013,1.25037,1.0444,0.11802
1159,2,4,sit in,sit,Box,box,0.77194,1.0229,0.93361,1.02038,0.79483,0.90873,-0.07772
1159,3,3,play with,play,Box,box,0.79447,0.87274,0.93887,0.91243,0.74368,0.85244,-0.10313
1159,3,3,break apart for other uses,break apart uses,Box,box,0.9796,1.00293,1.01131,0.95192,0.74954,0.93906,0.03197
1159,2,3,delivery things in,delivery things,Box,box,1.05462,1.05488,0.9451,1.0314,1.21741,1.06068,0.12771
1159,2,2,wrap,wrap,Box,box,0.7534,0.87279,0.7395,0.85222,0.77885,0.79935,-0.15975
1195,1,1,store something,store something,Box,box,0.95527,1.10554,0.97859,0.87688,1.25167,1.03359,0.08774
1195,2,2,stand on top of,stand top,Box,box,1.03912,0.9195,1.03007,1.08418,1.07801,1.03018,0.09719
1195,2,2,sit on,sit,Box,box,0.77194,1.0229,0.93361,1.02038,0.79483,0.90873,-0.07772
1195,2,2,sit in,sit,Box,box,0.77194,1.0229,0.93361,1.02038,0.79483,0.90873,-0.07772
1195,3,3,use it to make art,use make art,Box,box,0.96702,0.94606,1.06751,1.00175,0.74758,0.94598,0.02787
1141,1,1,to store items,store items,Box,box,1.07515,1.00278,0.91871,0.99853,1.22275,1.04358,0.1233
1141,2,2,to prop something up,prop something,Box,box,1.11904,1.04664,1.0526200000000001,0.85917,1.0842,1.03233,0.155
1141,2,3,to stand on,stand,Box,box,0.7968500000000001,0.98897,0.86826,1.00779,0.80322,0.89302,-0.08241
1141,4,5,to live in,live,Box,box,0.85302,0.99304,0.8684000000000001,1.03876,0.76763,0.90417,-0.05523
1141,3,4,to use for boxcars,use boxcars,Box,box,0.90063,0.93665,1.03892,0.80514,0.77809,0.89189,-0.01955
1104,5,1,storing,storing,Box,box,0.85544,0.77247,0.93283,0.9896,0.855,0.88107,-0.07331
1104,2,2,building,building,Box,box,0.80545,0.85632,0.84048,1.03969,0.78273,0.86493,-0.10745
1286,3,5,can live in it,can live,Box,box,0.98262,0.97588,0.90234,1.07773,1.22399,1.03251,0.07155
1286,1,1,can store stuff in it,can store stuff,Box,box,0.7697499999999999,0.90111,0.86443,0.99311,0.7166600000000001,0.84901,-0.12382
1286,2,2,can use it as a trash,can use trash,Box,box,0.75497,0.96311,0.9764,0.94355,0.76726,0.88106,-0.09637
1205,5,5,SPACE SHIP,space ship,Box,box,1.06811,1.02636,1.05265,0.9541,1.13991,1.04823,0.1363
1205,3,4,HIDING SPOT,hiding spot,Box,box,0.98411,1.014,1.06986,1.00127,1.05721,1.02529,0.08613
1205,4,4,FIRE STARTER,fire starter,Box,box,1.01115,1.02874,0.9964,0.98577,1.11486,1.02738,0.09543
1205,3,3,WRITE STUFF ON,write stuff on,Box,box,0.7197100000000001,1.01502,1.01489,0.98395,0.69506,0.88573,-0.10503
1205,5,4,PUNCHING BAG,punching bag,Box,box,0.99313,1.05893,1.03955,1.07506,1.09217,1.05177,0.10104
1205,3,4,DRUM,drum,Box,box,0.82837,0.89804,0.91015,0.96106,0.7309300000000001,0.86571,-0.08544
1163,1,2,to store,store,Box,box,0.7075,0.75577,0.8360799999999999,0.99341,0.6559900000000001,0.78975,-0.19433
1163,4,4,to hide,hide,Box,box,0.69337,0.84987,0.90478,0.90869,0.84697,0.84074,-0.15377
1163,1,2,to organize,organize,Box,box,0.92984,0.92601,1.02684,0.99779,1.01061,0.97822,0.02874
1163,2,1,to ship,ship,Box,box,0.84154,0.91359,0.90789,0.97052,0.8307100000000001,0.89285,-0.06389
1192,1,1,store items,store items,Box,box,1.07515,1.00278,0.91871,0.99853,1.22275,1.04358,0.1233
1192,2,3,stand on it,stand,Box,box,0.7968500000000001,0.98897,0.86826,1.00779,0.80322,0.89302,-0.08241
1192,3,3,can be decorative,can decorative,Box,box,1.02271,0.92611,0.96012,0.98552,1.15034,1.00896,0.08079
1087,1,1,storage,storage,Box,box,0.77012,0.73776,0.89035,1.01653,0.71,0.82495,-0.1475
1087,4,4,home for ducks,home ducks,Box,box,0.97222,1.03294,1.04651,0.9913,1.09601,1.0278,0.08318
1087,5,4,piggy bank,piggy bank,Box,box,1.01924,1.01237,0.93842,0.94968,0.99132,0.98221,0.06958
1087,4,3,playpen for children,playpen children,Box,box,1.00409,0.93617,0.99713,0.92766,0.88126,0.94926,0.04475
1176,1,1,storage,storage,Box,box,0.77012,0.73776,0.89035,1.01653,0.71,0.82495,-0.1475
1176,3,3,make a decoration,make decoration,Box,box,1.00652,0.94297,1.02117,0.94121,1.1345,1.00927,0.08249
1176,4,4,make a costume,make costume,Box,box,1.02364,0.8902,0.98424,0.92732,1.15069,0.99522,0.07649
1176,2,2,trash bin,trash bin,Box,box,0.99766,1.0890900000000001,0.97084,0.92893,1.03891,1.00509,0.08259
1258,1,1,To hold stuff,to hold stuff,Box,box,0.77423,0.98218,0.98872,0.98079,0.71184,0.88755,-0.08551
1258,1,1,cardboard,cardboard,Box,box,0.5146,0.49183,0.70034,0.5997399999999999,0.58188,0.57768,-0.3944
1258,2,1,to package,package,Box,box,0.6279699999999999,0.6089,0.76042,0.66534,0.68245,0.66902,-0.28855
1258,2,2,to stand on to reach something,stand reach something,Box,box,0.84914,0.94614,0.94174,0.79696,0.6837,0.84354,-0.07406
1258,2,1,something new comes in it,something new comes,Box,box,0.87571,0.96567,1.05319,1.00171,0.71275,0.92181,-0.02282
1258,2,2,shape of,shape,Box,box,0.8354900000000001,0.91843,0.87802,0.98362,0.75867,0.87485,-0.07959
1186,1,2,container,container,Box,box,0.6589700000000001,0.7753,0.71334,0.92802,0.72097,0.75932,-0.23402
1186,1,2,cardboard,cardboard,Box,box,0.5146,0.49183,0.70034,0.5997399999999999,0.58188,0.57768,-0.3944
1186,3,3,fort,fort,Box,box,0.91954,0.95528,0.93495,0.995,0.72951,0.90686,-0.02192
1186,4,3,carrying case for cat,carrying case cat,Box,box,0.93268,0.96495,0.98832,1.05181,0.75479,0.93851,0.00222
1186,4,3,timeout place,timeout place,Box,box,0.96365,0.97634,0.9658,1.00347,1.17279,1.01641,0.06365
1186,3,3,bed,bed,Box,box,0.74756,0.89961,0.858,1.01096,0.75585,0.8544,-0.13122
1186,3,3,conceal something underneath,conceal something underneath,Box,box,0.90555,0.8479,0.95221,0.98854,0.87463,0.91377,-0.02808
1186,4,5,jail,jail,Box,box,0.7749,0.91838,0.92578,1.01736,0.90602,0.90849,-0.08305
1174,1,1,put something inside it,put something inside,Box,box,0.61355,0.82258,0.86666,0.9653,0.7196199999999999,0.79754,-0.21942
1174,3,3,put over someones head,put someones head,Box,box,0.7765,1.04606,0.95145,0.99627,1.27045,1.00815,-0.01244
1133,1,1,Put stuff inside,put stuff inside,Box,box,0.65498,0.88426,0.9315599999999999,0.83009,0.71665,0.80351,-0.1821
1133,3,3,make a fort,make fort,Box,box,0.99723,0.92117,0.97699,1.02346,1.12345,1.00846,0.06844
1133,2,2,put stuff on top,put stuff top,Box,box,0.68733,0.96617,1.00683,0.99763,0.6559200000000001,0.86278,-0.13597
1133,4,3,hide inside the box,hide inside box,Box,box,0.49314,0.78148,0.66893,0.7594,0.67571,0.67573,-0.34084
1133,3,3,let your cat use it,let cat use,Box,box,0.80413,0.97141,0.96383,1.01796,0.75685,0.90284,-0.06926
1133,1,1,carry stuff,carry stuff,Box,box,0.95115,0.9085,0.99584,1.03944,1.20994,1.02097,0.05684
1133,3,4,bowl,bowl,Box,box,0.70824,0.87993,0.86571,0.96353,0.79791,0.84306,-0.15103
1133,2,4,present,present,Box,box,0.81703,0.91343,1.00402,0.97016,0.8544700000000001,0.91182,-0.0562
1138,1,1,storing items,storing items,Box,box,1.02186,0.99975,0.92918,0.94493,1.1059,1.00032,0.08044
1138,2,3,bed for a pet,bed pet,Box,box,0.87755,0.92942,1.00959,1.02823,1.15591,1.00014,0.01788
1138,3,4,to be worn as a hat,worn hat,Box,box,1.08286,0.98231,0.9388,1.0098799999999999,1.01056,1.00488,0.1026
1138,1,1,container for selling something,container selling something,Box,box,0.83631,1.0556,0.96906,1.0497,0.80682,0.9435,-0.02914
1138,3,3,school project,school project,Box,box,1.04665,1.02161,0.89874,1.03126,1.21498,1.04265,0.10887
1221,2,1,things are packaged in it,things packaged,Box,box,1.00642,1.05481,0.95292,0.88263,1.21037,1.02143,0.09594
1221,3,3,childhood playtime with boxes,childhood playtime boxes,Box,box,0.8276399999999999,1.03502,0.9129700000000001,0.88511,1.10977,0.9541,-0.01955
1221,1,1,functional permanent storage,functional permanent storage,Box,box,0.97794,0.93042,0.99432,1.01351,0.7522,0.93368,0.01848
1221,3,2,hide things,hide things,Box,box,1.08912,1.01971,1.00531,0.95624,1.17619,1.04931,0.14178
1221,2,2,build things,build things,Box,box,1.11185,0.98336,0.9588,0.99415,1.23499,1.05663,0.14749
1194,1,1,hold items,hold items,Box,box,1.11487,0.873,1.00596,0.92237,1.26532,1.0363,0.1382
1194,3,3,weigh something down,weigh something,Box,box,1.00708,0.97115,1.03147,1.04216,1.16432,1.04324,0.09821
1194,3,3,a toy for kids,toy kids,Box,box,1.07827,1.00344,0.93794,0.99023,1.20258,1.04249,0.12574
1194,3,3,tear it up and create something,tear create something,Box,box,0.93936,0.98274,0.96094,1.01867,0.7564299999999999,0.93163,0.00238
1147,2,1,carrying books,carrying books,Box,box,1.00542,0.98345,1.0039,0.95525,1.22001,1.03361,0.09683
1147,3,2,making a play house,making play house,Box,box,0.7478400000000001,1.0104899999999999,0.92363,0.86612,0.7139599999999999,0.85241,-0.11151
1147,4,4,halloween costume,halloween costume,Box,box,1.01033,0.94406,0.95296,1.01779,1.03585,0.9922,0.06417
1147,3,3,making a die,making die,Box,box,0.92041,1.09503,0.92209,1.02689,1.19793,1.03247,0.05842
1147,2,2,standing on top of it,standing top,Box,box,1.01921,0.89429,1.05259,0.98892,1.08241,1.00748,0.08234
1162,4,3,hide in,hide,Box,box,0.69337,0.84987,0.90478,0.90869,0.84697,0.84074,-0.15377
1162,1,1,store something,store something,Box,box,0.95527,1.10554,0.97859,0.87688,1.25167,1.03359,0.08774
1162,2,2,use it as a stool,use stool,Box,box,0.89716,0.9698,1.0702,1.0382,1.09507,1.01409,0.03956
1102,1,1,storage,storage,Box,box,0.77012,0.73776,0.89035,1.01653,0.71,0.82495,-0.1475
1102,1,1,packing,packing,Box,box,0.6456500000000001,0.80275,0.75846,0.94832,0.76323,0.78368,-0.22175
1102,4,4,cardboard robots,cardboard robots,Box,box,1.00212,0.92828,0.98221,1.04664,1.00688,0.99323,0.06044
1102,3,3,decorating,decorating,Box,box,0.8924300000000001,0.86695,0.9786,0.99867,0.85015,0.91736,-0.02909
1102,2,3,recycling,recycling,Box,box,0.85733,0.78294,0.85597,0.97738,0.85673,0.86607,-0.08495
1102,5,4,thinking outside of it,thinking outside,Box,box,1.06435,1.03825,0.96924,1.03864,1.21755,1.06561,0.1346
1102,2,2,presents,presents,Box,box,0.75188,0.83611,0.89494,1.04976,0.78555,0.86365,-0.12802
1230,2,1,ship something,ship something,Box,box,0.92682,1.05077,1.05258,0.93125,1.19574,1.03143,0.07283
1230,1,1,store something,store something,Box,box,0.95527,1.10554,0.97859,0.87688,1.25167,1.03359,0.08774
1230,2,2,use it as a step stool,use step stool,Box,box,0.8811599999999999,0.99095,0.99761,1.04122,0.78225,0.93864,-0.01545
1230,4,4,dance on it,dance,Box,box,0.90935,1.00687,0.98521,1.08362,0.81892,0.96079,0.00619
1230,3,3,use it as a table,use table,Box,box,1.03051,0.99704,0.92176,0.85518,1.2521900000000001,1.01134,0.09611
1123,1,1,cardboard,cardboard,Box,box,0.5146,0.49183,0.70034,0.5997399999999999,0.58188,0.57768,-0.3944
1123,2,1,shipping,shipping,Box,box,0.8074,0.83596,0.8789,0.95129,0.79266,0.85324,-0.10618
1123,2,1,mail,mail,Box,box,0.7361500000000001,0.71155,0.82408,0.8371999999999999,0.6075699999999999,0.74331,-0.20298
1123,3,3,ring,ring,Box,box,0.75307,0.85014,0.80327,0.90839,0.81583,0.82614,-0.14508
1123,2,1,brown,brown,Box,box,0.7853600000000001,0.96395,0.88105,0.99276,0.76396,0.87742,-0.0959
1123,3,2,cable,cable,Box,box,0.7444,0.79298,0.857,0.7859700000000001,0.74228,0.78453,-0.16468
1129,1,1,hold things,hold things,Box,box,1.02107,0.97186,0.92004,1.07278,1.24234,1.04562,0.09598
1129,2,1,use as a stool,use stool,Box,box,0.89716,0.9698,1.0702,1.0382,1.09507,1.01409,0.03956
1228,3,3,build a fort,build fort,Box,box,1.02406,0.9625,0.99679,1.0124,1.12745,1.02464,0.09326
1228,1,1,store things,store things,Box,box,1.01635,1.07313,0.90745,0.94789,1.25812,1.04059,0.10492
1228,2,1,stack things,stack things,Box,box,1.01918,0.94469,0.95846,0.99769,1.19014,1.02203,0.0873
1228,3,3,burn,burn,Box,box,0.7782,0.93282,0.96636,1.07514,0.84946,0.9204,-0.07524
1228,4,3,hide in,hide,Box,box,0.69337,0.84987,0.90478,0.90869,0.84697,0.84074,-0.15377
1228,3,3,make an animal bed,make animal bed,Box,box,0.90418,0.94904,0.86162,0.94978,0.7418,0.88128,-0.0452
1193,1,1,To hold items,to hold items,Box,box,0.87812,0.99311,0.89362,1.03383,0.7446699999999999,0.90867,-0.04055
1193,3,3,to build a fort,build fort,Box,box,1.02406,0.9625,0.99679,1.0124,1.12745,1.02464,0.09326
1193,4,4,to use as a sail,use sail,Box,box,1.08991,1.01143,0.99914,1.06709,1.25623,1.08476,0.15461
1193,3,3,to capture someone/something,capture someone something,Box,box,0.93302,0.97199,1.00857,1.00528,0.71993,0.92776,9e-4
1193,4,3,to hide in,hide,Box,box,0.69337,0.84987,0.90478,0.90869,0.84697,0.84074,-0.15377
1193,3,3,to rip up and burn,rip burn,Box,box,1.05834,1.09176,0.97697,1.02851,0.96859,1.02483,0.1122
1193,3,4,to break your fall,break fall,Box,box,1.09778,1.06898,0.94367,1.13935,1.2386,1.09768,0.16019
1180,1,1,storage,storage,Box,box,0.77012,0.73776,0.89035,1.01653,0.71,0.82495,-0.1475
1180,2,2,stool,stool,Box,box,0.82323,0.87113,0.8385400000000001,0.96709,0.79081,0.85816,-0.09857
1180,2,2,chair,chair,Box,box,0.75413,0.84501,0.93172,1.0471,0.8210500000000001,0.8798,-0.11443
1180,2,1,send,send,Box,box,0.67159,0.89627,0.85239,0.95514,0.70783,0.81664,-0.18075
1180,3,3,hold an animal,hold animal,Box,box,0.95158,1.07437,1.00115,1.01303,1.22583,1.05319,0.08806
1209,3,3,building a fort,building fort,Box,box,0.93962,0.99462,0.81377,1.01299,1.16898,0.986,0.02658
1209,2,1,shipping packages,shipping packages,Box,box,1.01781,0.99807,1.08392,1.06092,1.0882,1.04978,0.11001
1209,1,1,storage,storage,Box,box,0.77012,0.73776,0.89035,1.01653,0.71,0.82495,-0.1475
1209,4,4,halloween costume,halloween costume,Box,box,1.01033,0.94406,0.95296,1.01779,1.03585,0.9922,0.06417
1209,2,1,presents,presents,Box,box,0.75188,0.83611,0.89494,1.04976,0.78555,0.86365,-0.12802
1209,3,3,arts and crafts,arts crafts,Box,box,1.12282,1.01864,0.94272,1.00592,1.11705,1.04143,0.14301
1209,2,1,packaging food and other items,packaging food items,Box,box,0.85394,0.8117,0.87555,1.01852,0.79958,0.87186,-0.08281
1226,2,1,holding groceries,holding groceries,Box,box,0.9881,0.9598,1.05375,0.93981,1.19995,1.02828,0.08963
1226,3,3,a fort,fort,Box,box,0.91954,0.95528,0.93495,0.995,0.72951,0.90686,-0.02192
1226,2,3,for lighting a fire,lighting fire,Box,box,1.03555,1.05589,1.07418,0.9274,1.19723,1.05805,0.13411
1226,3,3,as a hat,hat,Box,box,0.7218,0.85716,0.77508,0.89029,0.69479,0.78782,-0.18055
1226,1,1,as a storage device,storage device,Box,box,0.90459,0.89085,0.98261,1.10071,1.19386,1.01452,0.02822
1226,3,3,as a kennel for a pet,kennel pet,Box,box,0.9235,0.95077,1.09154,1.0633,0.97255,1.00033,0.04039
1226,4,4,as a projector,projector,Box,box,0.78095,0.84309,0.82602,0.95812,0.77308,0.83625,-0.13034
1121,1,1,store,store,Box,box,0.7075,0.75577,0.8360799999999999,0.99341,0.6559900000000001,0.78975,-0.19433
1121,2,2,stepping stool,stepping stool,Box,box,1.00611,1.1289,0.9554,0.93621,1.07505,1.02033,0.09588
1121,5,4,making three dimensional model or character,making three dimensional model character,Box,box,0.93155,0.95368,0.97895,0.94751,0.84627,0.93159,0.00368
1121,2,1,packaging to ship,packaging ship,Box,box,0.98691,0.97392,1.03194,1.04659,1.15005,1.03788,0.08683
1121,3,3,hide something,hide something,Box,box,0.9881,1.05765,1.00316,0.9068,1.16799,1.02474,0.09228
1118,2,4,for shoes,shoes,Box,box,0.69365,0.8400799999999999,0.83757,0.88376999999999994,0.7273000000000001,0.79647,-0.18319
1118,2,1,to pack stuff,pack stuff,Box,box,0.93977,0.96584,1.00114,1.00651,1.16826,1.0163,0.05548
1118,1,1,to store things,store things,Box,box,1.01635,1.07313,0.90745,0.94789,1.25812,1.04059,0.10492
1118,2,1,for presents,presents,Box,box,0.75188,0.83611,0.89494,1.04976,0.78555,0.86365,-0.12802
1460,1,1,storage,storage,Box,box,0.77012,0.73776,0.89035,1.01653,0.71,0.82495,-0.1475
1460,3,3,cat play thing,cat play thing,Box,box,0.72966,0.97782,0.96751,1.11232,0.70503,0.89847,-0.10763
1460,3,3,kid play thing,kid play thing,Box,box,0.73105,1.06548,0.93235,1.09731,0.6896599999999999,0.90317,-0.10037
1460,3,3,hat,hat,Box,box,0.7218,0.85716,0.77508,0.89029,0.69479,0.78782,-0.18055
1460,3,2,science fair poster,science fair poster,Box,box,0.99142,0.93942,0.96715,1.09253,0.76329,0.95076,0.02731
1460,4,3,Halloween costume,halloween costume,Box,box,1.01033,0.94406,0.95296,1.01779,1.03585,0.9922,0.06417
1488,1,1,Contain objects,contain objects,Box,box,1.01453,0.96392,0.95808,0.92487,1.26373,1.02503,0.093410000000000007
1488,3,3,trap animals,trap animals,Box,box,0.97552,1.00735,0.94211,0.96335,1.16646,1.01096,0.06824
1488,3,3,as a hat in a costume,hat costume,Box,box,1.06662,0.95247,1.01174,1.07706,1.04766,1.03111,0.10998
1488,4,3,could be folded and flattened to be used as a support device,folded flattened used support device,Box,box,0.95135,1.07217,1.02693,0.94594,1.21849,1.04298,0.08809
1488,2,2,turned upside down and be used to sit on,turned upside used sit,Box,box,1.05552,0.95975,0.93434,0.97861,1.24173,1.03399,0.10962
1488,4,4,as an instrument,instrument,Box,box,0.85449,0.92995,0.94795,0.99664,0.82915,0.91164,-0.04582
1533,1,1,storage,storage,Box,box,0.77012,0.73776,0.89035,1.01653,0.71,0.82495,-0.1475
1533,2,3,arts and crafts,arts crafts,Box,box,1.12282,1.01864,0.94272,1.00592,1.11705,1.04143,0.14301
1533,3,3,cover from rain,cover rain,Box,box,0.92352,0.97116,0.97038,0.96358,1.15091,0.99591,0.03817
1533,2,3,material for design,material design,Box,box,1.14636,1.04788,1.00203,1.10554,1.2068699999999999,1.10174,0.18691
1533,2,2,step stool,step stool,Box,box,1.05614,1.01799,0.88201,0.95999,1.06759,0.99674,0.089
1373,3,1,build a fort storage,build fort storage,Box,box,1.00807,1.02161,0.96591,0.99872,0.77225,0.95331,0.04675
1373,1,1,carry something,carry something,Box,box,0.98722,0.997,1.0186,1.08559,1.24607,1.0669,0.10202
1373,2,4,sled,sled,Box,box,0.9005,0.87295,0.94127,1.07967,0.86408,0.93169,-0.02502
1373,2,2,line the floor of something,line floor something,Box,box,0.84364,0.94562,1.00504,0.99446,0.69657,0.89707,-0.05413
1603,1,1,cardboard,cardboard,Box,box,0.5146,0.49183,0.70034,0.5997399999999999,0.58188,0.57768,-0.3944
1603,3,3,house,house,Box,box,0.67362,0.81725,0.7679,0.98658,0.75598,0.80027,-0.20191
1603,2,1,gift,gift,Box,box,0.66974,0.80648,0.75024,0.9756,0.65056,0.77052,-0.22219
1603,1,1,packing,packing,Box,box,0.6456500000000001,0.80275,0.75846,0.94832,0.76323,0.78368,-0.22175
1603,1,1,storage,storage,Box,box,0.77012,0.73776,0.89035,1.01653,0.71,0.82495,-0.1475
1599,1,1,storage,storage,Box,box,0.77012,0.73776,0.89035,1.01653,0.71,0.82495,-0.1475
1599,2,1,shipping,shipping,Box,box,0.8074,0.83596,0.8789,0.95129,0.79266,0.85324,-0.10618
1599,5,3,hide a body,hide body,Box,box,0.97398,1.10508,0.97234,0.93419,1.2037,1.03786,0.09333
1528,1,1,to hold things,hold things,Box,box,1.02107,0.97186,0.92004,1.07278,1.24234,1.04562,0.09598
1528,2,1,ship things,ship things,Box,box,0.97826,1.02185,1.06609,0.87218,1.1968,1.02704,0.09408
1528,2,2,stack,stack,Box,box,0.81029,0.75991,0.80983,0.74868,0.76441,0.77862,-0.1442
1528,2,2,support,support,Box,box,0.98455,0.98454,1.01243,0.98741,0.88452,0.97069,0.04933
1528,4,3,a sport,sport,Box,box,0.9172,0.94007,0.99083,1.02158,0.89846,0.95363,0.00587
1442,2,1,to ship things with,ship things,Box,box,0.97826,1.02185,1.06609,0.87218,1.1968,1.02704,0.09408
1442,2,4,to go sledding,go sledding,Box,box,1.00461,0.94573,0.98881,0.99069,0.9370499999999999,0.97338,0.05495
1442,2,3,to draw on,draw,Box,box,0.87578,0.88009,0.91954,0.989,0.82816,0.89851,-0.04932
1442,3,3,to play a drinking game where you write on it,play drinking game write,Box,box,1.01574,0.92242,0.97788,0.96378,1.25245,1.02645,0.09088
1442,2,3,to cut up,cut,Box,box,0.85074,0.92754,0.96805,1.03637,0.79593,0.91573,-0.04652
1442,3,3,to make a hat out of,make hat,Box,box,1.06184,0.91857,0.93096,0.96621,1.15511,1.00654,0.09403
1442,4,3,to hide,hide,Box,box,0.69337,0.84987,0.90478,0.90869,0.84697,0.84074,-0.15377
1442,4,3,to bury,bury,Box,box,0.84242,0.8784,0.88358,0.95173,0.95228,0.90168,-0.06056
1442,2,1,to use to move things,use move things,Box,box,0.7871,1.00913,1.05567,1.00252,0.7559899999999999,0.92208,-0.05544
1442,2,2,to buy groceries in,buy groceries,Box,box,0.99127,0.98856,1.04082,0.94741,1.18208,1.03003,0.09225
1442,2,2,to sit in,sit,Box,box,0.77194,1.0229,0.93361,1.02038,0.79483,0.90873,-0.07772
1442,2,2,to shred,shred,Box,box,0.8216600000000001,0.82596,0.9937,1.0238,0.95831,0.92469,-0.05618
1442,2,4,to use as wallpaper,use wallpaper,Box,box,0.98997,0.99415,1.10456,1.05643,0.90082,1.00919,0.07608
1614,2,2,put a gift inside,put gift inside,Box,box,0.72942,0.88207,0.97435,0.8809899999999999,0.73339,0.84004,-0.13151
1614,3,3,use it as a shelter,use shelter,Box,box,1.02692,0.98817,1.1456,0.99984,1.22022,1.07615,0.13702
1614,1,1,use it for storage,use storage,Box,box,0.96903,0.92424,1.03464,0.96373,1.20362,1.01905,0.07154
1503,1,1,contain things,contain things,Box,box,0.94527,1.07187,1.01326,0.96243,1.2665600000000001,1.05188,0.08893
1503,4,4,soak up water,soak water,Box,box,0.99689,1.11299,0.9785,0.95488,1.05649,1.01995,0.09121
1503,3,3,build a fort,build fort,Box,box,1.02406,0.9625,0.99679,1.0124,1.12745,1.02464,0.09326
1328,1,1,to be used as storage,used storage,Box,box,0.99802,0.97657,0.9906,0.98172,1.21887,1.03316,0.0905
1328,2,1,to transport things from place to place,transport things place place,Box,box,1.11036,0.9702500000000001,1.11108,0.8440300000000001,1.24044,1.05523,0.16555
1328,2,3,to burn to make a fire,burn make fire,Box,box,0.97596,1.00403,0.9836,1.01794,0.75966,0.94824,0.02966
1328,2,2,to stand on top of to reach something tall,stand top reach something tall,Box,box,0.81847,0.97042,0.99018,0.93669,0.69275,0.8817,-0.06882
1328,2,1,to mail someone a package,mail someone package,Box,box,0.84434,0.88076,1.02436,0.94362,0.72698,0.88401,-0.06061
1472,2,1,storage,storage,Box,box,0.77012,0.73776,0.89035,1.01653,0.71,0.82495,-0.1475
1472,3,3,hat,hat,Box,box,0.7218,0.85716,0.77508,0.89029,0.69479,0.78782,-0.18055
1472,2,3,shoes,shoes,Box,box,0.69365,0.8400799999999999,0.83757,0.88376999999999994,0.7273000000000001,0.79647,-0.18319
1472,2,2,letter box,letter box,Box,box,0.93975,1.15947,1.11615,0.96054,1.31922,1.09903,0.12665
1472,2,2,litter box,litter box,Box,box,0.86911,1.14557,0.96748,1.05988,1.06305,1.02102,0.03462
1472,2,3,ball,ball,Box,box,0.75052,0.89877,0.76739,0.98265,0.62732,0.80533,-0.16317
1463,2,3,lining,lining,Box,box,0.87661,0.90053,0.93812,0.9784,0.8481799999999999,0.90837,-0.03999
1463,2,2,stacking,stacking,Box,box,0.82649,0.74962,0.90692,1.04849,0.93131,0.89257,-0.08513
1463,1,1,storage,storage,Box,box,0.77012,0.73776,0.89035,1.01653,0.71,0.82495,-0.1475
1463,4,3,covering the floor for paint,covering floor paint,Box,box,0.86065,0.95835,1.07469,0.97926,0.72585,0.91976,-0.02753
1463,3,3,crafts,crafts,Box,box,0.9307799999999999,0.92219,0.93252,0.9561,0.96932,0.94218,0.00428
1531,1,1,to keep things inside of,keep things inside,Box,box,0.7012499999999999,1.03009,0.90132,0.91721,0.72919,0.85581,-0.13197
1531,3,3,for arts and crafts,arts crafts,Box,box,1.12282,1.01864,0.94272,1.00592,1.11705,1.04143,0.14301
1531,2,2,to keep things on top of,keep things top,Box,box,0.7931900000000001,0.95076,0.9445,1.04606,0.68496,0.88389,-0.08934
1531,4,3,to hide inside of,hide inside,Box,box,0.96292,0.95636,1.05897,0.90263,1.1402,1.00422,0.06795
1402,1,1,Store something,store something,Box,box,0.95527,1.10554,0.97859,0.87688,1.25167,1.03359,0.08774
1402,2,3,hide something,hide something,Box,box,0.9881,1.05765,1.00316,0.9068,1.16799,1.02474,0.09228
1402,2,2,use it as a stand,use stand,Box,box,0.92916,1.01222,1.01068,1.10437,1.2396099999999999,1.05921,0.07329
1402,2,1,ship something,ship something,Box,box,0.92682,1.05077,1.05258,0.93125,1.19574,1.03143,0.07283
1526,1,1,pack,pack,Box,box,0.6858,0.85243,0.73231,1.01005,0.6935899999999999,0.79484,-0.20215
1526,2,2,stepping box,stepping box,Box,box,1.01135,1.04978,1.14179,1.0051,1.08751,1.05911,0.12361
1526,3,2,cat house,cat house,Box,box,0.9751,1.03125,1.09637,1.02201,1.14685,1.05432,0.10109
1526,4,4,hide and seek,hide seek,Box,box,1.00549,0.97914,1.0425200000000001,1.04013,1.25207,1.06387,0.11119
1526,2,2,chair,chair,Box,box,0.75413,0.84501,0.93172,1.0471,0.8210500000000001,0.8798,-0.11443
1440,1,2,hold things,hold things,Box,box,1.02107,0.97186,0.92004,1.07278,1.24234,1.04562,0.09598
1440,2,1,help move houses,help move houses,Box,box,0.87282,0.9074,1.08701,0.98859,0.75129,0.92142,-0.02451
1440,3,2,build a fort,build fort,Box,box,1.02406,0.9625,0.99679,1.0124,1.12745,1.02464,0.09326
1440,2,2,collection box,collection box,Box,box,1.14024,1.05822,1.09812,1.00017,1.2315800000000001,1.10567,0.20093
1440,2,2,shoe box,shoe box,Box,box,1.00893,1.0235,0.94053,0.87821,1.11025,0.99228,0.07725
1610,2,2,hide something,hide something,Box,box,0.9881,1.05765,1.00316,0.9068,1.16799,1.02474,0.09228
1610,2,1,ship something,ship something,Box,box,0.92682,1.05077,1.05258,0.93125,1.19574,1.03143,0.07283
1610,1,2,carry something,carry something,Box,box,0.98722,0.997,1.0186,1.08559,1.24607,1.0669,0.10202
1610,1,1,store something,store something,Box,box,0.95527,1.10554,0.97859,0.87688,1.25167,1.03359,0.08774
1610,2,3,fold it up and recycle it,fold recycle,Box,box,1.10026,1.00953,0.86604,1.07329,1.06405,1.02263,0.11263
1610,3,3,decorate it and use it to put a gift in,decorate use put gift,Box,box,1.10357,0.8668,1.03984,0.98016,1.21423,1.04092,0.1342
1610,2,2,step on it to reach something,step reach something,Box,box,0.76972,0.95558,0.99466,0.95765,0.70738,0.877,-0.09315
1320,1,1,store items,store items,Box,box,1.07515,1.00278,0.91871,0.99853,1.22275,1.04358,0.1233
1320,3,3,wear as a hat,wear hat,Box,box,1.07712,0.91101,0.96991,1.03383,1.06056,1.01049,0.09981
1320,2,2,nightstand/table,nightstand table,Box,box,1.05281,1.00036,0.98212,1.06656,0.91528,1.00343,0.08958
1320,2,2,chair,chair,Box,box,0.75413,0.84501,0.93172,1.0471,0.8210500000000001,0.8798,-0.11443
1320,4,1,clothes,clothes,Box,box,0.75148,0.95066,0.89766,0.9902,0.84099,0.8862,-0.10373
1320,3,4,shoes,shoes,Box,box,0.69365,0.8400799999999999,0.83757,0.88376999999999994,0.7273000000000001,0.79647,-0.18319
1382,1,1,store things,store things,Box,box,1.01635,1.07313,0.90745,0.94789,1.25812,1.04059,0.10492
1382,1,1,carry things,carry things,Box,box,1.01179,0.98853,1.00015,0.92697,1.24546,1.03458,0.10199
1382,3,3,house for a cat,house cat,Box,box,0.9751,1.03125,1.09637,1.02201,1.14685,1.05432,0.10109
1382,3,3,fort,fort,Box,box,0.91954,0.95528,0.93495,0.995,0.72951,0.90686,-0.02192
1382,4,3,cardboard robot,cardboard robot,Box,box,0.95731,0.95791,0.9645900000000001,1.04588,1.06636,0.99841,0.04627
1382,4,3,halloween costume,halloween costume,Box,box,1.01033,0.94406,0.95296,1.01779,1.03585,0.9922,0.06417
1382,3,2,shoe,shoe,Box,box,0.6607799999999999,0.79194,0.80305,0.66162,0.6954899999999999,0.72258,-0.22986
1458,1,1,store objects,store objects,Box,box,1.03303,0.95439,0.98245,0.95236,1.27256,1.03896,0.1082
1458,3,2,use as shelter,use shelter,Box,box,1.02692,0.98817,1.1456,0.99984,1.22022,1.07615,0.13702
1458,3,3,create artwork,create artwork,Box,box,1.04842,0.99416,1.01621,1.05016,1.23933,1.06966,0.13029
1458,3,3,cover floor for protection,cover floor protection,Box,box,1.00779,0.99305,0.96496,0.93523,0.75674,0.93155,0.03639
1559,2,2,stepping stool,stepping stool,Box,box,1.00611,1.1289,0.9554,0.93621,1.07505,1.02033,0.09588
1559,1,1,store supplies,store supplies,Box,box,0.93854,0.90462,0.92201,1.14074,1.17083,1.01535,0.03641
1559,2,3,prop open a door,prop open door,Box,box,0.94104,0.85048,0.88383,1.02303,0.8284400000000001,0.90536,-0.02554
1559,2,3,to prop a phone up,prop phone,Box,box,1.09801,0.88391,0.94609,1.02558,1.04877,1.00047,0.09967
1559,3,3,to make a table,make table,Box,box,1.04317,1.00767,0.99801,0.85287,1.21715,1.02377,0.11425
1559,2,2,to stack,stack,Box,box,0.81029,0.75991,0.80983,0.74868,0.76441,0.77862,-0.1442
1559,2,2,to reach something higher,reach something higher,Box,box,0.91951,0.87051,0.97287,0.94193,0.73748,0.88846,-0.03169
1559,1,1,to organize things,organize things,Box,box,1.02688,0.99201,0.92184,0.86834,1.29742,1.0213,0.09939
1347,2,1,To ship an object,to ship object,Box,box,0.85227,0.98173,0.93744,0.96291,0.7699,0.90085,-0.04844
1347,2,4,to sled down a hill,sled hill,Box,box,1.08889,1.07381,1.00592,0.97639,1.03091,1.03518,0.13504
1347,2,2,to build a house,build house,Box,box,0.97219,0.94953,1.02762,1.00275,1.20378,1.03117,0.07832
1347,3,3,to play pretend,play pretend,Box,box,0.87583,0.94321,0.99029,0.98824,1.09322,0.97816,0.00645
1347,2,3,to sit inside,sit inside,Box,box,1.02929,1.02,0.95281,1.07123,1.16084,1.04683,0.105
1347,3,3,to decorate,decorate,Box,box,0.8638,0.83692,0.98709,0.90822,0.88481,0.89617,-0.04805
1417,1,1,Store clothes,store clothes,Box,box,1.00339,0.9951,0.94398,0.87983,1.22957,1.01037,0.08428
1417,3,2,table,table,Box,box,0.7476400000000001,0.88459,0.74925,1.03621,0.70747,0.82503,-0.1583
1417,3,3,house,house,Box,box,0.67362,0.81725,0.7679,0.98658,0.75598,0.80027,-0.20191
1417,3,3,toy for dogs,toy dogs,Box,box,1.0756000000000001,0.97366,1.10643,0.99724,1.14951,1.06049,0.14397
1547,1,3,holding something,holding something,Box,box,1.00371,0.96488,0.92198,0.89471,1.21447,0.99995,0.07399
1547,2,1,mailing something,mailing something,Box,box,0.96976,1.01769,1.01239,1.16788,1.2381199999999999,1.08117,0.0986
1547,2,2,dragging something,dragging something,Box,box,0.99185,1.02154,0.97687,1.08549,1.13748,1.04265,0.08817
1547,1,1,storage,storage,Box,box,0.77012,0.73776,0.89035,1.01653,0.71,0.82495,-0.1475
1547,2,2,shelter,shelter,Box,box,0.86495,0.93466,0.91978,1.02954,0.86665,0.92312,-0.03863
1547,3,2,height,height,Box,box,0.93183,1.03683,0.95449,0.97898,0.85898,0.95222,0.01716
1547,3,3,protecting something,protecting something,Box,box,0.86247,1.04673,0.96791,1.20244,1.20098,1.05611,0.03719
1563,1,1,to put stuff in,put stuff,Box,box,0.94658,1.01603,0.9786,0.93365,1.24277,1.02353,0.06909
1563,2,3,to cut into small pieces,cut small pieces,Box,box,0.8542,0.96695,0.96674,0.99409,0.73588,0.90357,-0.04721
1563,2,1,to ship things to other people,ship things people,Box,box,0.8747,0.98803,0.95381,1.25203,0.76129,0.96597,-0.01946
1507,1,2,holding stuff,holding stuff,Box,box,0.9563,0.97845,0.92931,0.95,1.19542,1.0019,0.05359
1507,2,3,sitting on it,sitting,Box,box,0.754,0.86175,0.94892,1.1553499999999999,0.72643,0.88929,-0.11432
1507,2,2,covering up something,covering something,Box,box,0.91333,1.02126,0.95485,1.06753,1.2659799999999999,1.04459,0.05778
1507,2,1,mailing something,mailing something,Box,box,0.96976,1.01769,1.01239,1.16788,1.2381199999999999,1.08117,0.0986
1507,4,2,hiding,hiding,Box,box,0.71062,0.88105,0.95024,0.93039,0.87341,0.86914,-0.12673
1366,1,2,to store things,store things,Box,box,1.01635,1.07313,0.90745,0.94789,1.25812,1.04059,0.10492
1366,2,4,to throw away,throw away,Box,box,0.98598,1.08216,0.97352,1.02268,1.1746,1.04779,0.0966
1366,3,2,to transport a pet,transport pet,Box,box,0.9279,1.08247,0.98603,1.05594,1.22576,1.05562,0.07654
1366,2,2,to carry food,carry food,Box,box,1.0017,0.98848,0.98905,0.92771,1.20755,1.0229,0.09023
1366,2,2,to use as a stepping stool,use stepping stool,Box,box,0.9463,0.92676,0.96856,1.10149,0.7881400000000001,0.94625,0.00531
1413,1,1,store items,store items,Box,box,1.07515,1.00278,0.91871,0.99853,1.22275,1.04358,0.1233
1413,2,1,transport items,transport items,Box,box,0.95382,0.94691,0.97594,1.01923,1.18159,1.0155,0.05702
1413,3,3,squash bug,squash bug,Box,box,1.08852,1.05351,0.97941,1.09967,0.91691,1.0276,0.11887
1413,2,2,prop up item,prop item,Box,box,1.01198,0.96814,1.07486,0.98714,1.07728,1.02388,0.09507
1500,5,4,spaceship,spaceship,Box,box,0.81025,0.85886,0.85101,1.01079,0.86825,0.87983,-0.0938
1500,2,1,package,package,Box,box,0.6279699999999999,0.6089,0.76042,0.66534,0.68245,0.66902,-0.28855
1500,3,3,use cardboard to make sign,use cardboard make sign,Box,box,0.93222,0.95306,0.9953,0.92621,1.20617,1.00259,0.04879
1500,4,4,blanket,blanket,Box,box,0.79912,0.88256,0.9336,0.85563,0.9232,0.87882,-0.08133
1500,3,4,mat to sleep on,mat sleep,Box,box,0.96002,0.97953,1.05128,1.06557,1.04305,1.01989,0.06559
1500,1,2,to carry things,carry things,Box,box,1.01179,0.98853,1.00015,0.92697,1.24546,1.03458,0.10199
1453,1,1,hold things,hold things,Box,box,1.02107,0.97186,0.92004,1.07278,1.24234,1.04562,0.09598
1453,2,2,hide things,hide things,Box,box,1.08912,1.01971,1.00531,0.95624,1.17619,1.04931,0.14178
1453,3,4,ramp,ramp,Box,box,0.96185,0.91221,0.89999,0.92365,0.89604,0.91875,0.00234
1514,1,1,storage,storage,Box,box,0.77012,0.73776,0.89035,1.01653,0.71,0.82495,-0.1475
1514,4,3,play car,play car,Box,box,0.88891,1.00778,0.93532,1.0181,1.16024,1.00207,0.02408
1514,5,4,shield,shield,Box,box,0.85979,0.97223,0.89285,1.01298,0.95872,0.93931,-0.02941
1514,4,2,hiding spot,hiding spot,Box,box,0.98411,1.014,1.06986,1.00127,1.05721,1.02529,0.08613
1514,2,1,shipping package,shipping package,Box,box,0.99165,1.02084,1.08074,1.02995,1.05442,1.03552,0.09434
1514,2,3,garbage bin,garbage bin,Box,box,1.02501,1.09036,1.04255,0.94956,1.10556,1.04261,0.11912
1449,3,3,build forts,build forts,Box,box,1.02677,0.9944,0.99735,1.00055,1.01379,1.00657,0.08629
1449,1,1,store things,store things,Box,box,1.01635,1.07313,0.90745,0.94789,1.25812,1.04059,0.10492
1449,3,4,box jump for working out,box jump working,Box,box,0.8282700000000001,1.12635,1.0962,1.13313,0.6876599999999999,0.97432,-0.00756
1449,3,5,steps,steps,Box,box,0.89195,0.92132,0.93951,1.04847,0.85265,0.93078,-0.0241
1449,3,3,lift for weights,lift weights,Box,box,0.97309,1.04376,0.9846,1.03991,1.1756199999999999,1.0434,0.0861
1449,3,3,table,table,Box,box,0.7476400000000001,0.88459,0.74925,1.03621,0.70747,0.82503,-0.1583
1449,3,3,chair,chair,Box,box,0.75413,0.84501,0.93172,1.0471,0.8210500000000001,0.8798,-0.11443
1449,3,3,plate,plate,Box,box,0.7761899999999999,0.93488,0.81447,0.96589,0.72255,0.8428,-0.12428
1506,3,2,cat home,cat home,Box,box,0.98468,0.95408,1.07968,1.05879,1.13958,1.04336,0.09026
1506,5,3,space ship,space ship,Box,box,1.06811,1.02636,1.05265,0.9541,1.13991,1.04823,0.1363
1506,2,1,use to send things in,use send things,Box,box,0.82948,0.87983,0.96201,1.01966,0.75783,0.88976,-0.07249
1506,2,2,wrap gifts in it,wrap gifts,Box,box,1.08515,0.95126,1.07501,0.98022,1.1311499999999999,1.04456,0.13616
1506,4,3,pretend its a train,pretend train,Box,box,0.92213,1.02932,0.96316,0.93984,1.17144,1.00518,0.04772
1551,1,2,to store items in,store items,Box,box,1.07515,1.00278,0.91871,0.99853,1.22275,1.04358,0.1233
1551,2,2,to stack in order to make a play fort,stack order make play fort,Box,box,1.0545,1.07263,0.96296,0.93514,0.78653,0.96235,0.07793
1551,2,2,to disassemble and put in the recycling,disassemble put recycling,Box,box,0.82023,0.92195,0.96823,0.99026,1.13604,0.96734,-0.02502
1511,2,1,packaging something to ship,packaging something ship,Box,box,0.8656,1.08896,1.07223,1.0555,0.90106,0.99667,0.02241
1511,1,1,storing something,storing something,Box,box,0.99598,1.05593,0.99334,0.97956,1.20115,1.04519,0.10181
1511,3,3,as a plaything for a cat,plaything cat,Box,box,0.96533,1.07858,1.02202,0.9544,0.92194,0.98845,0.06063
1511,3,3,held over the head as protection from rain,held head protection rain,Box,box,0.957,0.93573,0.95882,1.03928,1.23561,1.02529,0.06098
1511,3,2,broken down for spare cardboard,broken spare cardboard,Box,box,0.77545,0.8754,1.00028,1.08224,0.77901,0.90248,-0.08869
1511,3,3,drawn on with markers for a fun activity,drawn markers fun activity,Box,box,0.96222,0.9829,1.04009,0.95778,1.23459,1.03552,0.08281
1513,1,2,store items,store items,Box,box,1.07515,1.00278,0.91871,0.99853,1.22275,1.04358,0.1233
1513,3,3,cardboard can be used to make other things,cardboard can used make things,Box,box,0.81959,0.86743,0.86329,0.99232,0.80769,0.87005999999999994,-0.09332
1513,2,1,transport items,transport items,Box,box,0.95382,0.94691,0.97594,1.01923,1.18159,1.0155,0.05702
1513,2,2,can be used for large or small items,can used large small items,Box,box,0.88463,1.07066,0.98652,0.88752,0.76059,0.91798,-0.0117
1513,1,2,keeps things organized,keeps things organized,Box,box,0.87588,0.93124,0.96498,1.06232,0.76662,0.92021,-0.03559
1513,2,1,allows for mass shipping of,allows mass shipping,Box,box,0.95147,0.91165,1.08644,0.9576,0.7647200000000001,0.93438,0.01703
1518,1,2,hold something,hold something,Box,box,0.96875,0.99939,0.89955,0.93075,1.23288,1.00626,0.06183
1518,2,3,stand on it,stand,Box,box,0.7968500000000001,0.98897,0.86826,1.00779,0.80322,0.89302,-0.08241
1518,3,3,make a fort,make fort,Box,box,0.99723,0.92117,0.97699,1.02346,1.12345,1.00846,0.06844
1518,3,2,cover something,cover something,Box,box,0.82214,1.01348,0.96994,1.06564,1.25583,1.02541,0.01053
1518,3,3,trap something,trap something,Box,box,0.88809,1.01161,1.00337,0.94541,1.11508,0.99271,0.02784
1450,1,1,storage,storage,Box,box,0.77012,0.73776,0.89035,1.01653,0.71,0.82495,-0.1475
1450,2,1,mail,mail,Box,box,0.7361500000000001,0.71155,0.82408,0.8371999999999999,0.6075699999999999,0.74331,-0.20298
1450,2,1,moving,moving,Box,box,0.8287100000000001,0.91864,0.99317,0.90147,0.7715,0.8827,-0.06449
1461,2,1,put things inside,put things inside,Box,box,0.69556,0.93886,0.8406899999999999,0.98947,0.72534,0.83798,-0.15912
1461,2,3,you physically enter it,physically enter,Box,box,1.02999,0.91782,0.96099,0.95404,1.23321,1.01921,0.09159
1461,2,3,used to cover things,used cover things,Box,box,0.90256,1.02695,0.96349,1.02369,0.7557,0.93448,-0.00824
1461,2,2,used as stepping stool,used stepping stool,Box,box,1.03497,0.8858,1.06287,0.98077,0.7978000000000001,0.95244,0.05655
1461,3,3,used as canvas fro art,used canvas fro art,Box,box,0.9944,1.03869,1.02869,0.97849,0.80234,0.96852,0.05679
1461,4,4,cut up and use as clothing,cut use clothing,Box,box,0.89124,0.94717,0.96532,0.9528,0.75483,0.90227,-0.03154
1461,3,3,make it a hat,make hat,Box,box,1.06184,0.91857,0.93096,0.96621,1.15511,1.00654,0.09403
1461,3,3,make pet bed out of it,make pet bed,Box,box,0.92465,0.92318,0.94924,1.06266,0.73465,0.91888,-0.01839
1461,1,1,storage,storage,Box,box,0.77012,0.73776,0.89035,1.01653,0.71,0.82495,-0.1475
1330,3,3,table,table,Box,box,0.7476400000000001,0.88459,0.74925,1.03621,0.70747,0.82503,-0.1583
1330,3,3,chair,chair,Box,box,0.75413,0.84501,0.93172,1.0471,0.8210500000000001,0.8798,-0.11443
1330,1,1,hold things,hold things,Box,box,1.02107,0.97186,0.92004,1.07278,1.24234,1.04562,0.09598
1330,2,1,mail things,mail things,Box,box,1.08935,0.96715,0.94253,0.97862,1.271,1.04973,0.13348
1330,3,4,bird house,bird house,Box,box,0.9074,0.9937,1.03638,1.00838,1.18736,1.02664,0.05246
1330,3,4,valentine's collector,valentine collector,Box,box,1.01379,0.99976,1.05335,0.88526,1.05605,1.00164,0.09013
1497,1,1,store things,store things,Box,box,1.01635,1.07313,0.90745,0.94789,1.25812,1.04059,0.10492
1497,2,2,prop things up,prop things,Box,box,1.05152,0.96017,1.01644,0.8145,1.0867499999999999,0.98588,0.09609
1497,4,3,make a costume,make costume,Box,box,1.02364,0.8902,0.98424,0.92732,1.15069,0.99522,0.07649
1407,3,3,can be used as a toy,can used toy,Box,box,0.80677,0.85898,0.99029,0.89867,0.75073,0.86109,-0.0896
1407,3,3,can be used to make something,can used make something,Box,box,0.96884,0.90222,0.9516,1.00395,1.24481,1.01428,0.05921
1407,2,2,can be used as a stool,can used stool,Box,box,0.89302,0.93565,0.96856,0.99827,0.77451,0.914,-0.02747
1425,1,1,keep things in,keep things,Box,box,1.02959,0.95035,1.02029,0.94016,1.23205,1.03449,0.1072
1425,3,4,block off an area,block area,Box,box,0.99795,0.98987,0.97611,1.0897000000000001,1.23032,1.05679,0.09686
1425,3,3,trap an animal under,trap animal,Box,box,1.02075,0.99296,0.96976,0.9177,1.1572,1.01167,0.09087
1425,2,2,stand on if full,stand full,Box,box,0.90891,0.98264,1.00406,1.01499,1.20515,1.02315,0.0478
1464,2,2,Moving,moving,Box,box,0.8287100000000001,0.91864,0.99317,0.90147,0.7715,0.8827,-0.06449
1464,2,2,packing food,packing food,Box,box,0.96263,1.15424,1.00353,0.90188,1.09384,1.02322,0.08718
1464,2,1,delivering goods by mail,delivering goods mail,Box,box,0.82021,0.911,0.99166,0.99012,0.748,0.8922,-0.06896
1464,1,2,storing goods,storing goods,Box,box,1.0027,1.04611,0.98158,1.02248,1.13853,1.03828,0.09604
1543,3,3,make a fort,make fort,Box,box,0.99723,0.92117,0.97699,1.02346,1.12345,1.00846,0.06844
1543,4,3,make a costume,make costume,Box,box,1.02364,0.8902,0.98424,0.92732,1.15069,0.99522,0.07649
1543,4,3,use for fire starter,use fire starter,Box,box,1.05091,0.93169,0.97033,0.9789,0.80124,0.94661,0.05632
1543,5,4,use as target for target practice,use target target practice,Box,box,1.1224,1.07078,0.95101,1.02093,1.2447300000000001,1.08197,0.16953
1543,3,3,use to trap animals,use trap animals,Box,box,0.97489,1.06371,0.97557,1.00897,0.75154,0.95494,0.03681
1543,4,3,eat food off of it,eat food,Box,box,1.0183,1.07883,1.06016,1.0337,1.24525,1.08725,0.13763
1543,4,4,use as drum,use drum,Box,box,0.89715,1.00874,0.98686,1.09635,1.2463899999999999,1.0471,0.05211
1543,3,4,cover a broken window with it,cover broken window,Box,box,0.91712,0.99187,0.98124,0.81276,0.73645,0.88789,-0.01635
1543,2,3,use as sled,use sled,Box,box,1.13175,0.97368999999999994,0.9875,0.97857,1.1374900000000001,1.0418,0.14896
1598,2,2,transporting,transporting,Box,box,0.8694,0.8679399999999999,0.97617,0.9762,0.96511,0.93096,-0.02871
1598,2,3,collecting water,collecting water,Box,box,0.94935,0.9601,0.97998,0.99235,1.19697,1.01575,0.05829
1598,4,3,toy,toy,Box,box,0.70409,0.73648,0.85502,0.75149,0.6654100000000001,0.7425,-0.20685
1334,2,2,fold,fold,Box,box,0.84813,0.8927,0.89807,0.91111,0.79608,0.86922,-0.07304
1334,2,2,pack,pack,Box,box,0.6858,0.85243,0.73231,1.01005,0.6935899999999999,0.79484,-0.20215
1334,2,2,fit,fit,Box,box,0.76473,0.87425,0.9073599999999999,0.79495,0.76386,0.82103,-0.12746
1334,2,4,float,float,Box,box,0.82007,0.89942,0.94282,0.98811,0.87792,0.90567,-0.06465
1334,3,3,sleep,sleep,Box,box,0.87143,1.01029,1.00564,1.11986,0.85834,0.97311,-0.00265
1334,3,3,plate,plate,Box,box,0.7761899999999999,0.93488,0.81447,0.96589,0.72255,0.8428,-0.12428
1334,3,4,office,office,Box,box,0.6568700000000001,0.75608,0.77423,0.97778,0.6506000000000001,0.76311,-0.2333
1334,1,2,hold,hold,Box,box,0.78008,0.91877,0.95988,1.00265,0.80657,0.89359,-0.08663
1362,1,1,hold supplies,hold supplies,Box,box,0.98295,0.98674,1.04362,1.01255,1.20993,1.04716,0.09466
1362,2,2,use as a stepping stool,use stepping stool,Box,box,0.9463,0.92676,0.96856,1.10149,0.7881400000000001,0.94625,0.00531
1362,2,3,insulation,insulation,Box,box,0.94208,0.72526,0.9020900000000001,0.91987,0.87623,0.87311,-0.04326
1352,2,2,store things when moving,store things moving,Box,box,0.8618,0.92825,0.9283,0.99125,0.7242500000000001,0.88677,-0.05871
1352,2,2,to hold presents,hold presents,Box,box,0.96083,0.93763,0.99451,0.95538,1.21169,1.01201,0.06285
1367,1,1,to contain/store items,contain store items,Box,box,0.856,0.90909,0.90109,1.0342500000000001,0.7432799999999999,0.88874,-0.06572
1367,3,3,to use as a table,use table,Box,box,1.03051,0.99704,0.92176,0.85518,1.2521900000000001,1.01134,0.09611
1367,2,3,to use as a step,use step,Box,box,0.96996,1.00509,0.93621,1.08698,1.25343,1.05033,0.08034
1621,3,3,get it in,get,Box,box,0.70916,0.9152,0.93926,0.93272,0.72089,0.84345,-0.14152
1621,1,1,use it to store,use store,Box,box,0.92886,0.93658,0.96054,1.04532,1.21148,1.01656,0.04426
1621,2,1,use it for moving,use moving,Box,box,0.98966,1.04365,0.89013,1.03105,1.27236,1.04537,0.08846
1621,2,2,stand on it,stand,Box,box,0.7968500000000001,0.98897,0.86826,1.00779,0.80322,0.89302,-0.08241
1621,4,3,hide in it,hide,Box,box,0.69337,0.84987,0.90478,0.90869,0.84697,0.84074,-0.15377
1466,2,1,package something,package something,Box,box,1.01014,0.97432,0.97583,1.03623,1.2744,1.05418,0.103
1466,4,3,hide in,hide,Box,box,0.69337,0.84987,0.90478,0.90869,0.84697,0.84074,-0.15377
1466,2,2,give a present,give present,Box,box,0.94329,0.88008,0.96113,0.96162,1.21683,0.99259,0.03834
1466,5,4,draw straight lines,draw straight lines,Box,box,0.89719,0.97622,0.91605,1.04857,0.66615,0.90084,-0.03818
1466,1,1,storage,storage,Box,box,0.77012,0.73776,0.89035,1.01653,0.71,0.82495,-0.1475
1587,3,3,fort,fort,Box,box,0.91954,0.95528,0.93495,0.995,0.72951,0.90686,-0.02192
1587,2,1,ship something,ship something,Box,box,0.92682,1.05077,1.05258,0.93125,1.19574,1.03143,0.07283
1587,4,4,turn it into armor,turn armor,Box,box,0.95261,0.98413,1.00545,1.02196,1.09519,1.01187,0.05823
1587,1,1,hold things,hold things,Box,box,1.02107,0.97186,0.92004,1.07278,1.24234,1.04562,0.09598
1587,3,4,throw it back and forth with someone,throw back forth someone,Box,box,0.99874,1.03875,0.95341,1.03665,1.2361,1.05273,0.09985
1527,1,2,Store things,store things,Box,box,1.01635,1.07313,0.90745,0.94789,1.25812,1.04059,0.10492
1527,3,2,build a fort,build fort,Box,box,1.02406,0.9625,0.99679,1.0124,1.12745,1.02464,0.09326
1527,2,2,stand on,stand,Box,box,0.7968500000000001,0.98897,0.86826,1.00779,0.80322,0.89302,-0.08241
1372,3,2,Make a fort,make fort,Box,box,0.99723,0.92117,0.97699,1.02346,1.12345,1.00846,0.06844
1372,3,3,play with you cat in it,play cat,Box,box,0.8685499999999999,1.03422,0.95848,0.9673,1.02582,0.97087,0.00392
1372,3,3,trap unwanted bugs or animals,trap unwanted bugs animals,Box,box,1.00315,1.05407,1.04964,0.97182,1.24199,1.06413,0.12001
1525,1,1,put things in it,put things,Box,box,1.0546,0.97162,0.96526,0.98013,1.25037,1.0444,0.11802
1525,2,4,cut it open and use it as a floor mat,cut open use floor mat,Box,box,0.94551,0.99089,0.87926,1.11128,0.7459100000000001,0.93457,-0.00464
1525,2,3,use it as a support to put things on,use support put things,Box,box,1.01211,0.91506,0.95075,1.00304,1.24423,1.02504,0.08367
1525,3,3,let a cat play in it,let cat play,Box,box,0.77437,1.02424,0.99389,0.93596,0.69009,0.88371,-0.08183
1525,2,1,return things,return things,Box,box,1.02097,1.01087,1.02676,0.95718,1.24825,1.05281,0.11742
