id,rating,creativity,response,response_nofill,item,item_nofill,SemDis_cbowukwacsubtitle_nf_m,SemDis_cbowsubtitle_nf_m,SemDis_cbowBNCwikiukwac_nf_m,SemDis_TASA_nf_m,SemDis_glove_nf_m,SemDis_MEAN,SemDis_factor
1159,1,1,drink things out of,drink things,Cup,cup,1.00898,0.99312,0.92786,0.85844,1.22987,1.00365,0.07605
1159,2,3,to trap bugs in,trap bugs,Cup,cup,1.04465,0.92238,0.95697,0.95587,1.09579,0.99513,0.08788
1159,2,3,to stack with,stack,Cup,cup,0.93031,0.86421,0.96848,0.86841,0.99368,0.92502,-0.00602
1159,2,2,to put food in,put food,Cup,cup,1.00391,1.01563,0.94188,0.99839,1.23168,1.0383,0.10366
1159,3,3,to play games with,play games,Cup,cup,0.98729,1.03893,0.95548,0.97349,1.05904,1.00285,0.08786
1159,3,3,to transport things in,transport things,Cup,cup,1.00065,1.04934,0.96476,1.0187,1.1277,1.03223,0.11118
1159,3,3,to roll around,roll around,Cup,cup,1.02718,1.03193,1.02744,1.00841,1.14709,1.04841,0.13282
1159,3,3,to use as a decoration,use decoration,Cup,cup,0.97108,0.9131,1.07466,0.89458,1.14611,0.99991,0.06388
1104,2,2,measuring liquids,measuring liquids,Cup,cup,0.9985,1.09618,1.08006,1.00322,1.06103,1.0478,0.13808
1104,1,1,drinking from,drinking,Cup,cup,0.63779,0.75091,0.83641,0.77143,0.83234,0.76578,-0.24249
1104,4,3,creating a rhythm,creating rhythm,Cup,cup,1.00714,1.05018,0.99843,0.88567,1.13176,1.01464,0.10133
1104,4,3,drawing a circle,drawing circle,Cup,cup,0.99324,1.0549,0.98188,0.99182,1.11144,1.02666,0.10684
1104,2,3,holding pencils,holding pencils,Cup,cup,0.97107,1.00488,1.03839,1.01286,1.01773,1.00899,0.08997
1093,1,1,drinking,drinking,Cup,cup,0.63779,0.75091,0.83641,0.77143,0.83234,0.76578,-0.24249
1093,3,2,spilling,spilling,Cup,cup,0.71986,0.78312,0.82158,0.78678,0.94043,0.81035,-0.18377
1093,2,3,placing pens,placing pens,Cup,cup,0.98032,1.07036,0.9772,0.97174,1.09795,1.01951,0.09911
1093,3,2,breaking,breaking,Cup,cup,0.85278,1.0213,0.9001,0.93697,0.81056,0.90434,-0.02164
1093,2,3,measuring,measuring,Cup,cup,0.90758,0.85541,0.96927,0.89373,0.88898,0.90299,-0.02354
1141,1,1,to store a liquid,store liquid,Cup,cup,0.99878,0.94818,0.89086,0.99175,1.09096,0.98411,0.06247
1141,1,1,to drink from,drink,Cup,cup,0.51746,0.64113,0.83099,0.68732,0.74989,0.68536,-0.35451
1141,2,1,to pour a liquid onto something,pour liquid onto something,Cup,cup,0.84928,1.1007,1.01543,0.89437,1.15064,1.00208,0.03705
1141,3,3,to use as a weapon,use weapon,Cup,cup,0.85324,0.93931,1.01208,1.00587,1.16681,0.99546,0.01458
1141,3,4,to use as a stand/infrastructure,use stand infrastructure,Cup,cup,0.95266,0.97475,0.94992,0.98168,0.83498,0.9388,0.03743
1141,2,2,to mix liquids inside,mix liquids inside,Cup,cup,0.93339,0.87812,0.92478,1.03794,0.96298,0.94744,0.01453
1141,3,3,to trap a bug or mouse,trap bug mouse,Cup,cup,0.95592,1.05925,1.05821,1.02497,0.83837,0.98734,0.08952
1176,1,1,drinking,drinking,Cup,cup,0.63779,0.75091,0.83641,0.77143,0.83234,0.76578,-0.24249
1176,3,3,trapping things,trapping things,Cup,cup,1.03884,1.02708,0.98243,0.88594,1.07474,1.00181,0.10498
1176,2,3,holding items,holding items,Cup,cup,1.03252,0.95496,0.9588,1.07215,1.24667,1.05302,0.11865
1176,3,3,cup pyramid,cup pyramid,Cup,cup,1.13839,1.06401,1.03899,0.94059,0.83236,1.00287,0.17007
1286,1,1,drinking,drinking,Cup,cup,0.63779,0.75091,0.83641,0.77143,0.83234,0.76578,-0.24249
1286,4,2,pong,pong,Cup,cup,0.84876,0.90163,0.86371,0.96204,0.87942,0.89111,-0.0536
1286,3,2,cup stacking,cup stacking,Cup,cup,0.94631,0.9926,0.98579,1.19683,1.03157,1.03062,0.0925
1286,2,2,soup,soup,Cup,cup,0.68357,0.80695,0.88621,0.63814,0.796,0.76217,-0.2168
1286,2,2,store food,store food,Cup,cup,1.04371,1.0548,0.96256,1.04582,1.17034,1.05545,0.14207
1258,1,2,to drink out of,drink,Cup,cup,0.51746,0.64113,0.83099,0.68732,0.74989,0.68536,-0.35451
1258,2,2,put food in when out of bowls,put food bowls,Cup,cup,0.88664,1.00055,0.98362,0.93717,0.79885,0.92137,0.00658
1258,3,3,to play games with,play games,Cup,cup,0.98729,1.03893,0.95548,0.97349,1.05904,1.00285,0.08786
1221,1,1,drink,drink,Cup,cup,0.51746,0.64113,0.83099,0.68732,0.74989,0.68536,-0.35451
1221,2,2,mix inside,mix inside,Cup,cup,0.96862,1.03217,1.06176,0.91529,1.05099,1.00577,0.08773
1221,3,2,bake a mug cake,bake mug cake,Cup,cup,0.75156,0.81678,0.86462,0.78367,0.9949,0.84231,-0.14641
1221,3,4,build sand castles,build sand castles,Cup,cup,0.95411,0.91031,0.99351,1.00641,0.89587,0.95204,0.03799
1221,3,3,play different cup games,play different cup games,Cup,cup,1.05958,1.17896,0.87543,1.08586,1.11582,1.06313,0.16805
1205,3,4,plant holder,plant holder,Cup,cup,1.04229,1.05561,0.96028,1.06434,1.0572,1.03594,0.13609
1205,4,4,drum,drum,Cup,cup,0.83758,0.9412,0.86793,0.9387,0.9171,0.9005,-0.04932
1205,3,5,prism,prism,Cup,cup,0.89585,0.90607,0.90707,1.02842,0.99595,0.94667,-7.00E-04
1138,1,1,putting liquids in,putting liquids,Cup,cup,1.09321,1.00417,0.94085,0.97574,1.06972,1.01674,0.13299
1138,3,3,to trap a bug,trap bug,Cup,cup,0.99803,0.89921,0.97973,0.99226,1.06397,0.98664,0.06506
1138,3,1,to cook muffins or cupcakes in,cook muffins cupcakes,Cup,cup,0.77843,0.8351,0.80862,0.79244,0.97483,0.83788,-0.13852
1138,4,4,to put around your ears,put around ears,Cup,cup,0.83588,1.02538,1.04798,1.03167,0.74252,0.93669,0.00957
1138,3,3,to catch something,catch something,Cup,cup,0.97687,1.00471,0.97035,0.97339,1.13565,1.01219,0.08164
1186,1,1,drink holder,drink holder,Cup,cup,0.98984,1.13304,1.04124,0.88079,1.1249,1.03396,0.12106
1186,3,3,hide something under,hide something,Cup,cup,0.95523,0.99438,1.00146,1.11681,1.07461,1.0285,0.09147
1186,5,4,table for mice,table mice,Cup,cup,1.05674,0.9614,1.01904,1.06331,1.06603,1.0333,0.13119
1186,5,4,home for tiny kitten,home tiny kitten,Cup,cup,0.88392,0.97057,0.93179,0.99112,0.96754,0.94899,0.00703
1186,4,5,hat,hat,Cup,cup,0.78818,0.91783,0.92454,0.90017,0.7754,0.86122,-0.08609
1186,3,3,decoration,decoration,Cup,cup,0.90522,0.95958,0.91519,1.03347,0.95655,0.954,0.01789
1186,3,3,gift,gift,Cup,cup,0.82735,0.97415,0.97094,0.96591,0.93485,0.93464,-0.02035
1147,1,1,holding a drink,holding drink,Cup,cup,0.9349,1.04351,0.94563,0.84414,1.15658,0.98495,0.04628
1147,3,3,making music,making music,Cup,cup,1.04475,0.99628,0.96263,0.96008,1.15385,1.02352,0.11302
1147,4,2,playing cup pong,playing cup pong,Cup,cup,0.68033,0.82518,0.73268,0.86414,1.00142,0.82075,-0.19514
1147,3,2,stacking,stacking,Cup,cup,0.9782,0.84594,0.9787,0.8878,1.04426,0.94698,0.02303
1147,4,3,making a conveyor belt,making conveyor belt,Cup,cup,0.84514,0.8954,0.99447,0.97649,1.03367,0.94903,-0.01839
1147,4,5,a hat,hat,Cup,cup,0.78818,0.91783,0.92454,0.90017,0.7754,0.86122,-0.08609
1147,3,3,use for kids' arts and crafts,use kids arts crafts,Cup,cup,0.98003,0.9724,0.98771,0.9445,1.16117,1.00916,0.07563
1094,1,1,to store liquid,store liquid,Cup,cup,0.99878,0.94818,0.89086,0.99175,1.09096,0.98411,0.06247
1094,1,1,to drink from,drink,Cup,cup,0.51746,0.64113,0.83099,0.68732,0.74989,0.68536,-0.35451
1094,3,3,to trap a bug,trap bug,Cup,cup,0.99803,0.89921,0.97973,0.99226,1.06397,0.98664,0.06506
1094,2,3,to measure things,measure things,Cup,cup,1.00082,1.10635,1.10441,0.97008,1.19798,1.07593,0.15117
1094,3,2,to cook things in,cook things,Cup,cup,1.08248,0.90283,0.94829,0.95517,1.18416,1.01459,0.10707
1162,1,1,drink/eat from it,drink eat,Cup,cup,0.99564,1.08046,0.97321,1.10829,1.1701,1.06554,0.13504
1162,2,3,use it as storage,use storage,Cup,cup,0.92259,1.01151,0.88351,1.01239,1.156,0.9972,0.04495
1162,3,3,use it as decoration,use decoration,Cup,cup,0.97108,0.9131,1.07466,0.89458,1.14611,0.99991,0.06388
1162,4,4,baseball gear,baseball gear,Cup,cup,1.03132,0.98435,0.93911,1.013,1.1372,1.021,0.10514
1102,1,1,drinking,drinking,Cup,cup,0.63779,0.75091,0.83641,0.77143,0.83234,0.76578,-0.24249
1102,3,4,making music,making music,Cup,cup,1.04475,0.99628,0.96263,0.96008,1.15385,1.02352,0.11302
1102,2,2,eating cereal/snacks,eating cereal snacks,Cup,cup,0.80034,0.85931,0.99889,0.87172,0.93113,0.89228,-0.07384
1102,4,4,party hat,party hat,Cup,cup,1.04011,1.03731,0.98515,0.91329,1.11929,1.01903,0.11615
1102,4,4,telephone,telephone,Cup,cup,0.84052,0.96442,0.96629,0.97628,0.95171,0.93984,-0.01408
1174,1,1,drink from it,drink,Cup,cup,0.51746,0.64113,0.83099,0.68732,0.74989,0.68536,-0.35451
1174,3,3,stack them,stack,Cup,cup,0.93031,0.86421,0.96848,0.86841,0.99368,0.92502,-0.00602
1174,5,4,position them as bowling pins,position bowling pins,Cup,cup,1.0103,1.03556,0.96212,0.94272,0.62382,0.9149,0.0656
1180,1,1,drink,drink,Cup,cup,0.51746,0.64113,0.83099,0.68732,0.74989,0.68536,-0.35451
1180,2,2,hold,hold,Cup,cup,0.75278,0.93731,0.95552,0.96569,0.81009,0.88428,-0.08112
1180,2,2,put food in,put food,Cup,cup,1.00391,1.01563,0.94188,0.99839,1.23168,1.0383,0.10366
1180,2,2,scoop water,scoop water,Cup,cup,1.04575,0.95261,1.00395,0.97731,0.9751,0.99094,0.10058
1180,1,1,pour drink,pour drink,Cup,cup,0.92519,1.0704,0.99364,1.099,1.12425,1.0425,0.09459
1180,2,2,wash,wash,Cup,cup,0.74064,0.92952,0.88175,0.73476,0.95715,0.84876,-0.12947
1193,1,1,to hold liquid,hold liquid,Cup,cup,1.01889,0.96771,0.96935,1.03554,1.09494,1.01729,0.10073
1193,3,3,to use as a weight,use weight,Cup,cup,0.9546,1.13522,1.01555,1.01785,1.1487,1.05438,0.12063
1193,3,3,to capture a bug,capture bug,Cup,cup,1.01301,0.95679,0.94952,0.86134,1.09119,0.97437,0.06381
1193,4,4,to speak into and alter your voice,speak alter voice,Cup,cup,1.04212,1.0107,1.0462,0.99842,0.81119,0.98173,0.11409
1193,3,3,to suction,suction,Cup,cup,0.68846,0.75575,0.88558,0.8363,0.84305,0.80183,-0.194
1209,1,1,drinking,drinking,Cup,cup,0.63779,0.75091,0.83641,0.77143,0.83234,0.76578,-0.24249
1209,3,2,stacking,stacking,Cup,cup,0.9782,0.84594,0.9787,0.8878,1.04426,0.94698,0.02303
1209,4,3,beer pong,beer pong,Cup,cup,0.98034,1.04453,0.97471,1.05657,0.87205,0.98564,0.08927
1209,2,2,pencil holder,pencil holder,Cup,cup,0.99283,1.01997,0.9757,0.87681,0.98298,0.96966,0.06971
1209,2,2,water cup for painting,water cup painting,Cup,cup,0.82306,1.02606,0.89797,1.03497,0.73855,0.90412,-0.02646
1123,1,1,drinking,drinking,Cup,cup,0.63779,0.75091,0.83641,0.77143,0.83234,0.76578,-0.24249
1123,2,2,measuring,measuring,Cup,cup,0.90758,0.85541,0.96927,0.89373,0.88898,0.90299,-0.02354
1123,2,2,holding items/storage,holding items storage,Cup,cup,0.87357,0.96305,1.00785,0.91589,0.85616,0.9233,-0.00465
1123,4,4,bra cup,bra cup,Cup,cup,0.83065,1.05957,0.90101,0.87702,0.96305,0.92626,-0.02182
1123,3,3,gift,gift,Cup,cup,0.82735,0.97415,0.97094,0.96591,0.93485,0.93464,-0.02035
1123,3,3,decoration,decoration,Cup,cup,0.90522,0.95958,0.91519,1.03347,0.95655,0.954,0.01789
1228,1,1,drink water,drink water,Cup,cup,0.87218,1.01629,0.98076,1.07324,1.14125,1.01674,0.0471
1228,3,4,stand on,stand,Cup,cup,0.81464,0.90162,0.87099,0.8574,0.76389,0.84171,-0.09429
1228,3,3,dig a hole,dig hole,Cup,cup,0.98037,0.9818,0.91909,0.88092,1.03016,0.95847,0.04586
1228,2,2,scoop up a liquid,scoop liquid,Cup,cup,1.00038,0.995,0.985,0.96154,0.87289,0.96296,0.07442
1228,2,2,throw liquid,throw liquid,Cup,cup,0.99646,0.99236,0.91136,1.12182,0.99233,1.00287,0.09
1228,2,3,hold change,hold change,Cup,cup,0.95484,0.92268,1.0185,0.99547,1.15744,1.00979,0.06298
1195,1,1,drinking out of,drinking,Cup,cup,0.63779,0.75091,0.83641,0.77143,0.83234,0.76578,-0.24249
1195,3,4,stacking to make a pyramid,stacking make pyramid,Cup,cup,0.93316,1.0318,0.95474,1.02261,1.00047,0.98856,0.06072
1195,4,3,playing cup pong,playing cup pong,Cup,cup,0.68033,0.82518,0.73268,0.86414,1.00142,0.82075,-0.19514
1195,4,3,making a little hut for insects,making little hut insects,Cup,cup,1.06136,1.04062,0.89796,0.96671,1.17096,1.02752,0.12281
1192,1,2,fill,fill,Cup,cup,0.79434,0.79246,0.9334,0.74382,0.81474,0.81575,-0.13514
1192,1,1,drink,drink,Cup,cup,0.51746,0.64113,0.83099,0.68732,0.74989,0.68536,-0.35451
1192,3,3,capture insect,capture insect,Cup,cup,0.8886,0.94747,0.89192,0.97675,1.12316,0.96558,0.00416
1192,2,3,store pencils/pens,store pencils pens,Cup,cup,0.86567,0.96873,0.94114,0.89473,1.06107,0.94627,-0.00959
1192,4,5,magnify audio  if glass,magnify audio glass,Cup,cup,0.96535,0.93744,0.95625,0.97838,1.10319,0.98812,0.05371
1192,3,4,make music,make music,Cup,cup,1.07677,0.97285,0.97549,1.01711,1.16512,1.04147,0.13592
1087,1,1,drink something from it,drink something,Cup,cup,1.00563,1.07542,0.97907,0.9777,1.21339,1.05024,0.12309
1087,2,3,hold pennies in it,hold pennies,Cup,cup,1.01079,1.0247,0.97421,1.02555,1.1556,1.03817,0.11496
1087,3,3,play games with it,play games,Cup,cup,0.98729,1.03893,0.95548,0.97349,1.05904,1.00285,0.08786
1087,2,2,spit in it,spit,Cup,cup,0.75679,0.86333,0.96053,0.8812,0.96633,0.88564,-0.09951
1087,4,4,use it as a hat,use hat,Cup,cup,0.93325,0.96813,1.09841,1.03665,1.16748,1.04078,0.08626
1087,2,3,paint something on it,paint something,Cup,cup,1.03176,0.91559,0.98502,1.04071,1.10166,1.01495,0.09828
1133,1,1,hold liquid,hold liquid,Cup,cup,1.01889,0.96771,0.96935,1.03554,1.09494,1.01729,0.10073
1133,3,3,hide something under,hide something,Cup,cup,0.95523,0.99438,1.00146,1.11681,1.07461,1.0285,0.09147
1133,3,3,trap a bug,trap bug,Cup,cup,0.99803,0.89921,0.97973,0.99226,1.06397,0.98664,0.06506
1133,4,5,hear the ocean up to your ear,hear ocean ear,Cup,cup,0.87136,0.8828,0.92133,1.02187,0.77815,0.8951,-0.03299
1133,4,2,catch something thrown,catch something thrown,Cup,cup,0.89206,0.91588,0.97584,1.01402,0.73781,0.90712,-0.00663
1133,3,3,as a plate,plate,Cup,cup,0.72887,0.80581,0.78133,0.66884,0.73646,0.74426,-0.21328
1230,1,1,drink out of it,drink,Cup,cup,0.51746,0.64113,0.83099,0.68732,0.74989,0.68536,-0.35451
1230,3,2,use it as to bake mug cakes,use bake mug cakes,Cup,cup,0.88191,0.95078,1.0474,0.90054,1.06367,0.96886,0.01639
1230,3,4,projectile,projectile,Cup,cup,0.97762,0.95481,0.92258,1.09483,1.11795,1.01356,0.077
1230,3,4,musical instrument,musical instrument,Cup,cup,0.93459,1.08505,1.04143,1.01456,1.15923,1.04697,0.10228
1129,1,1,hold a beverage,hold beverage,Cup,cup,1.06849,1.01,0.9584,0.88127,1.24508,1.03265,0.12253
1129,3,3,catch an insect,catch insect,Cup,cup,1.01783,1.058,0.97527,0.94823,1.08117,1.0161,0.11056
1129,3,3,hold flowers,hold flowers,Cup,cup,1.03377,0.94853,0.97478,0.9498,1.17767,1.01691,0.09721
1129,4,3,trace a circle,trace circle,Cup,cup,1.01111,0.97599,0.95213,1.0803,0.95512,0.99493,0.09257
1129,2,2,hold snacks,hold snacks,Cup,cup,0.99881,0.9303,0.9805,1.0101,1.18071,1.02008,0.08457
1163,1,1,to drink out of,drink,Cup,cup,0.51746,0.64113,0.83099,0.68732,0.74989,0.68536,-0.35451
1163,2,3,to carry,carry,Cup,cup,0.85046,0.91976,1.02102,0.9546,0.90015,0.9292,-0.01658
1194,1,1,drink a liquid,drink liquid,Cup,cup,0.96052,1.02093,1.01045,0.99774,1.12323,1.02257,0.08804
1194,3,3,store a bug and bring it outside,store bug bring outside,Cup,cup,1.08519,0.96164,0.95353,0.94655,1.16019,1.02142,0.12192
1194,3,3,break for fun,break fun,Cup,cup,0.95636,1.03079,0.96762,1.01181,1.16126,1.02557,0.08475
1194,3,3,stack them,stack,Cup,cup,0.93031,0.86421,0.96848,0.86841,0.99368,0.92502,-0.00602
1194,3,4,use as a mold for a sand castle,use mold sand castle,Cup,cup,1.02905,0.97582,0.9416,0.93517,1.15287,1.0069,0.09132
1194,3,3,a game,game,Cup,cup,0.71179,0.85285,0.73421,0.93705,0.63393,0.77397,-0.18521
1194,2,3,to store things,store things,Cup,cup,1.04772,0.88774,0.98167,0.98553,1.19095,1.01872,0.09648
1226,1,1,to drink out of,drink,Cup,cup,0.51746,0.64113,0.83099,0.68732,0.74989,0.68536,-0.35451
1226,1,1,to carry liquids,carry liquids,Cup,cup,1.02719,0.94416,0.97534,0.93759,1.11068,0.99899,0.08619
1226,3,3,to take a spider out of the house,take spider house,Cup,cup,0.84399,0.95019,0.98087,0.91131,0.77252,0.89178,-0.03548
1226,3,3,to catch insects,catch insects,Cup,cup,1.04136,1.01928,0.93727,0.96148,1.15545,1.02297,0.11255
1226,4,3,to keep a pet in,keep pet,Cup,cup,1.00741,1.01959,0.94831,0.99667,1.15417,1.02523,0.10218
1226,1,3,to use for drinking games,use drinking games,Cup,cup,0.89803,0.9943,0.94641,0.9676,0.82842,0.92695,0.01034
1121,1,1,pour liquid into,pour liquid,Cup,cup,0.90716,1.04749,1.05796,1.07985,0.98892,1.01628,0.07948
1121,1,1,drink from,drink,Cup,cup,0.51746,0.64113,0.83099,0.68732,0.74989,0.68536,-0.35451
1121,3,3,trap insect,trap insect,Cup,cup,0.92231,0.91379,1.07921,0.97787,1.12041,1.00272,0.05019
1121,4,4,amplify sound of speaker,amplify sound speaker,Cup,cup,0.91538,0.95299,0.95313,1.01781,1.07565,0.98299,0.03488
1121,4,3,play cup pong,play cup pong,Cup,cup,0.56001,0.77181,0.81988,0.94223,1.01939,0.82266,-0.24223
1121,4,4,make cup phone connected by,make cup phone connected,Cup,cup,0.89051,0.94317,0.94848,0.93312,1.16727,0.97651,0.01157
1118,1,1,to hold a beverage,hold beverage,Cup,cup,1.06849,1.01,0.9584,0.88127,1.24508,1.03265,0.12253
1118,3,4,put a slogan on it,put slogan,Cup,cup,0.96581,1.00613,1.01625,1.05648,1.12232,1.0334,0.09708
1118,2,2,to collect rain water,collect rain water,Cup,cup,0.93347,1.04556,1.02015,1.00023,0.84568,0.96902,0.06325
1118,2,3,to hold money,hold money,Cup,cup,1.02394,0.9422,0.9736,0.99196,1.17786,1.02191,0.09662
1118,2,3,to hold pens and pencils,hold pens pencils,Cup,cup,0.90928,0.93681,0.99398,0.89974,0.9289,0.93374,0.0072
1373,1,1,drink,drink,Cup,cup,0.51746,0.64113,0.83099,0.68732,0.74989,0.68536,-0.35451
1373,3,3,capture an insect,capture insect,Cup,cup,0.8886,0.94747,0.89192,0.97675,1.12316,0.96558,0.00416
1373,4,4,make circles,make circles,Cup,cup,1.06713,0.91297,0.98664,1.01719,1.09529,1.01584,0.11256
1373,4,4,science experiment,science experiment,Cup,cup,0.99776,0.90585,1.05074,1.02763,1.1414,1.02468,0.09149
1373,4,3,games,games,Cup,cup,0.76019,0.95175,0.71715,0.98862,0.59124,0.80179,-0.13218
1373,2,2,eat from,eat,Cup,cup,0.74142,0.91542,0.90395,0.89761,0.90662,0.873,-0.10682
1373,2,3,storage,storage,Cup,cup,0.92339,1.00224,0.95996,1.054,0.9634,0.9806,0.05112
1533,2,4,to rink from,rink,Cup,cup,0.86529,0.91717,0.77742,1.01243,0.83414,0.88129,-0.05325
1533,2,3,to hold pens or pencils,hold pens pencils,Cup,cup,0.90928,0.93681,0.99398,0.89974,0.9289,0.93374,0.0072
1533,2,3,use as a paper weight,use paper weight,Cup,cup,0.97337,0.92644,0.98457,1.01709,0.84866,0.95003,0.049
1488,1,1,put beverages in,put beverages,Cup,cup,0.99732,1.08401,0.96897,0.89642,1.27625,1.04459,0.1108
1488,2,2,use as container for objects including other cups,use container objects including cups,Cup,cup,0.92168,0.91435,0.99696,1.00141,0.83598,0.93408,0.01767
1488,3,2,stacking like cup stacking,stacking like cup stacking,Cup,cup,0.91594,0.93495,0.89475,0.81446,0.78933,0.86989,-0.03216
1488,3,3,as decoration,decoration,Cup,cup,0.90522,0.95958,0.91519,1.03347,0.95655,0.954,0.01789
1488,3,3,part of an art project,part art project,Cup,cup,0.88984,0.95182,0.91748,1.06514,0.78587,0.92203,0.00123
1488,4,4,a mini hat,mini hat,Cup,cup,1.05908,1.00593,0.93821,0.96145,0.97953,0.98884,0.10643
1488,3,3,a weapon,weapon,Cup,cup,0.87881,0.98351,0.97818,1.00283,0.97933,0.96453,0.0195
1488,2,2,to spit,spit,Cup,cup,0.75679,0.86333,0.96053,0.8812,0.96633,0.88564,-0.09951
1460,2,3,holding pencils,holding pencils,Cup,cup,0.97107,1.00488,1.03839,1.01286,1.01773,1.00899,0.08997
1460,1,1,drinking,drinking,Cup,cup,0.63779,0.75091,0.83641,0.77143,0.83234,0.76578,-0.24249
1460,2,3,painting,painting,Cup,cup,0.91333,0.88666,0.8929,0.98981,0.97721,0.93198,-0.00656
1460,4,4,two string communication thing,two string communication thing,Cup,cup,1.00181,0.98544,0.98024,1.1353,1.16994,1.05455,0.11901
1503,1,1,contain a liquid,contain liquid,Cup,cup,0.98267,1.01901,1.0407,1.11911,1.1024,1.05278,0.12244
1503,3,4,make a song,make song,Cup,cup,1.05219,0.95657,1.08848,0.99972,1.11412,1.04222,0.1348
1503,4,4,use as an amplifier,use amplifier,Cup,cup,1.06087,1.06145,0.99943,1.02741,0.89458,1.00875,0.13824
1603,1,1,drink,drink,Cup,cup,0.51746,0.64113,0.83099,0.68732,0.74989,0.68536,-0.35451
1603,1,2,pour,pour,Cup,cup,0.66591,0.66402,0.86212,0.64501,0.75615,0.71864,-0.26994
1603,4,4,hat,hat,Cup,cup,0.78818,0.91783,0.92454,0.90017,0.7754,0.86122,-0.08609
1603,4,3,stencil,stencil,Cup,cup,1.00023,0.89012,0.97018,1.03806,1.0141,0.98254,0.06555
1328,1,1,to drink out of,drink,Cup,cup,0.51746,0.64113,0.83099,0.68732,0.74989,0.68536,-0.35451
1328,2,1,to scoop water,scoop water,Cup,cup,1.04575,0.95261,1.00395,0.97731,0.9751,0.99094,0.10058
1328,3,4,to bathe a baby,bathe baby,Cup,cup,0.94803,1.05566,0.96287,0.97924,1.07001,1.00316,0.07458
1328,3,4,to use in self defense,use self defense,Cup,cup,0.97439,0.97099,0.92563,1.00945,0.85877,0.94785,0.04905
1328,2,2,to heat milk up in the microwave,heat milk microwave,Cup,cup,0.82248,0.96659,0.88576,1.03345,0.87187,0.91603,-0.03572
1328,2,2,to eat food out of,eat food,Cup,cup,1.00291,1.10209,0.97619,1.06445,1.17052,1.06323,0.13842
1472,1,1,to drink,drink,Cup,cup,0.51746,0.64113,0.83099,0.68732,0.74989,0.68536,-0.35451
1472,2,1,to pour,pour,Cup,cup,0.66591,0.66402,0.86212,0.64501,0.75615,0.71864,-0.26994
1472,2,2,to scoop,scoop,Cup,cup,0.82055,0.91199,0.85436,0.95861,0.86364,0.88183,-0.06928
1472,2,1,to splash,splash,Cup,cup,0.85097,0.86798,0.91327,1.01549,0.82026,0.89359,-0.04731
1472,2,2,to break,break,Cup,cup,0.72183,0.89558,0.84541,1.06171,0.78283,0.86147,-0.11729
1472,3,3,to weapon,weapon,Cup,cup,0.87881,0.98351,0.97818,1.00283,0.97933,0.96453,0.0195
1472,3,4,to reflect,reflect,Cup,cup,0.9705,1.08138,0.99088,1.04738,0.9512,1.00827,0.10096
1614,1,1,drinking,drinking,Cup,cup,0.63779,0.75091,0.83641,0.77143,0.83234,0.76578,-0.24249
1614,2,2,mixing paint,mixing paint,Cup,cup,0.96491,1.01316,0.96753,1.05028,1.03295,1.00577,0.08167
1614,3,2,baking a cupcake,baking cupcake,Cup,cup,0.96827,1.11848,0.86013,1.13135,0.84821,0.98529,0.0894
1614,2,3,storing utensils,storing utensils,Cup,cup,1.03227,1.03607,1.04565,0.87961,0.94387,0.98749,0.10632
1614,3,4,making music with it,making music,Cup,cup,1.04475,0.99628,0.96263,0.96008,1.15385,1.02352,0.11302
1320,5,3,shoe,shoe,Cup,cup,0.7934,0.90615,0.94879,0.92093,0.95146,0.90415,-0.06621
1320,3,4,spoon,spoon,Cup,cup,0.63846,0.77183,0.6698,0.50417,0.73197,0.66325,-0.31763
1320,1,1,beverage holder,beverage holder,Cup,cup,1.08058,1.06052,0.99642,0.89897,1.15628,1.03855,0.14621
1320,2,3,pencil case,pencil case,Cup,cup,0.96293,0.91244,1.10282,1.06207,1.07131,1.02231,0.08553
1320,3,4,vase,vase,Cup,cup,0.62198,0.81791,0.64809,0.83031,0.76767,0.73719,-0.266
1320,3,4,cupping,cupping,Cup,cup,0.62572,0.85701,0.83099,0.75677,1.00865,0.81583,-0.21227
1320,3,3,art,art,Cup,cup,0.94072,0.96294,0.93073,0.99105,0.90621,0.94633,0.03061
1463,1,1,holding liquid,holding liquid,Cup,cup,0.98105,0.9979,0.92107,0.98188,1.07635,0.99165,0.06953
1463,2,2,holding solid,holding solid,Cup,cup,1.08462,1.02135,0.9543,1.061,1.11664,1.04758,0.15194
1463,2,3,heating,heating,Cup,cup,0.86886,0.89093,0.91202,1.06547,0.94051,0.93556,-0.01609
1463,2,3,cooling,cooling,Cup,cup,0.82826,0.86994,0.90055,0.98613,0.98901,0.91478,-0.05415
1463,1,1,drinking,drinking,Cup,cup,0.63779,0.75091,0.83641,0.77143,0.83234,0.76578,-0.24249
1463,2,2,eating,eating,Cup,cup,0.7851,0.91847,0.95558,0.86648,0.88437,0.882,-0.07905
1463,2,3,breaking,breaking,Cup,cup,0.85278,1.0213,0.9001,0.93697,0.81056,0.90434,-0.02164
1463,3,3,throwing/tossing,throwing tossing,Cup,cup,1.0334,1.00646,0.9726,1.04192,1.09403,1.02968,0.12009
1463,2,2,storage,storage,Cup,cup,0.92339,1.00224,0.95996,1.054,0.9634,0.9806,0.05112
1442,1,1,drink out of,drink,Cup,cup,0.51746,0.64113,0.83099,0.68732,0.74989,0.68536,-0.35451
1442,2,2,measure liquids,measure liquids,Cup,cup,0.95884,1.0074,1.07795,0.99797,1.09111,1.02665,0.09477
1442,2,2,store items,store items,Cup,cup,1.08233,0.97411,1.01008,0.91648,1.17027,1.03065,0.13092
1442,3,3,draw on,draw,Cup,cup,0.85064,0.98471,0.86633,1.04131,0.61051,0.8707,-0.03682
1442,3,3,scoop sand with to make a sand castle,scoop sand make sand castle,Cup,cup,0.9212,1.02256,0.94115,0.9611,0.75318,0.91984,0.02272
1442,1,2,microwave with a liquid inside,microwave liquid inside,Cup,cup,0.8795,0.98907,1.00614,1.01237,0.9298,0.96338,0.02488
1442,2,2,wash,wash,Cup,cup,0.74064,0.92952,0.88175,0.73476,0.95715,0.84876,-0.12947
1442,2,2,spit in,spit,Cup,cup,0.75679,0.86333,0.96053,0.8812,0.96633,0.88564,-0.09951
1442,4,3,use as an outline for a circle,use outline circle,Cup,cup,0.96567,0.97716,1.02947,1.00597,0.84508,0.96467,0.0651
1413,1,1,hold liquids,hold liquids,Cup,cup,1.04683,0.96274,0.97364,1.04622,1.06304,1.01849,0.11449
1413,2,3,hold household items toothbrush,hold household items toothbrush,Cup,cup,1.12255,0.97255,0.93799,1.04583,0.97927,1.01164,0.14418
1413,3,3,stack cups,stack cups,Cup,cup,1.03085,0.98303,0.96663,0.94433,1.04394,0.99376,0.09297
1413,3,3,throw at something,throw something,Cup,cup,0.98001,0.98795,1.07474,0.94815,1.08966,1.0161,0.09249
1507,2,3,holding things,holding things,Cup,cup,1.01083,0.91617,0.90446,0.92976,1.13047,0.97834,0.05638
1563,1,1,to drink something,drink something,Cup,cup,1.00563,1.07542,0.97907,0.9777,1.21339,1.05024,0.12309
1563,2,1,to pour liquid from one place to another,pour liquid one place another,Cup,cup,0.86816,0.92218,0.97358,0.91721,0.83254,0.90273,-0.02639
1563,3,3,to stack and make a pyramid,stack make pyramid,Cup,cup,0.79426,0.99997,0.91122,1.10433,0.84248,0.93045,-0.02803
1563,2,2,to make food in the microwave,make food microwave,Cup,cup,0.84047,0.89604,0.89604,0.8928,0.86089,0.87725,-0.06498
1622,1,1,drink,drink,Cup,cup,0.51746,0.64113,0.83099,0.68732,0.74989,0.68536,-0.35451
1622,2,3,pencil holder,pencil holder,Cup,cup,0.99283,1.01997,0.9757,0.87681,0.98298,0.96966,0.06971
1622,3,1,glasses,glasses,Cup,cup,0.75409,0.88609,0.91762,0.85702,0.90179,0.86332,-0.11166
1622,3,3,cup stacking game,cup stacking game,Cup,cup,0.90894,0.76243,1.00353,1.05507,1.26485,0.99896,0.01048
1622,4,4,magic trick,magic trick,Cup,cup,0.97698,1.11423,1.0554,0.93751,1.00827,1.01848,0.11279
1622,5,5,high heels,high heels,Cup,cup,1.02455,1.07522,0.94944,1.05098,1.05454,1.03095,0.12745
1547,1,1,drinking,drinking,Cup,cup,0.63779,0.75091,0.83641,0.77143,0.83234,0.76578,-0.24249
1547,2,2,heating up something,heating something,Cup,cup,1.05027,1.0084,1.025,1.05679,1.25004,1.0781,0.15296
1547,3,3,trapping something like an insect/bug,trapping something like insect bug,Cup,cup,0.89893,1.041,1.01219,1.08113,0.84244,0.97514,0.05443
1547,4,4,amplifies sound when you put your phone in it,amplifies sound put phone,Cup,cup,1.03537,1.07291,0.9046,1.00504,0.82257,0.9681,0.10058
1547,2,2,scoop,scoop,Cup,cup,0.82055,0.91199,0.85436,0.95861,0.86364,0.88183,-0.06928
1547,2,2,mixer,mixer,Cup,cup,0.88483,0.95601,0.89136,0.8633,0.90027,0.89915,-0.02859
1514,1,1,drinking,drinking,Cup,cup,0.63779,0.75091,0.83641,0.77143,0.83234,0.76578,-0.24249
1514,4,4,hat,hat,Cup,cup,0.78818,0.91783,0.92454,0.90017,0.7754,0.86122,-0.08609
1514,2,3,pen holder,pen holder,Cup,cup,1.04126,0.99242,1.01072,0.98678,1.14318,1.03487,0.12304
1514,3,3,stacking,stacking,Cup,cup,0.9782,0.84594,0.9787,0.8878,1.04426,0.94698,0.02303
1514,2,2,cleaning paint brushes,cleaning paint brushes,Cup,cup,0.96005,0.90634,0.97096,0.99523,1.07277,0.98107,0.04617
1514,3,3,hide something under it,hide something,Cup,cup,0.95523,0.99438,1.00146,1.11681,1.07461,1.0285,0.09147
1514,3,3,decoration,decoration,Cup,cup,0.90522,0.95958,0.91519,1.03347,0.95655,0.954,0.01789
1528,2,3,to hold things,hold things,Cup,cup,0.96529,0.98449,0.97054,0.95556,1.16216,1.00761,0.06937
1528,1,1,to drink from,drink,Cup,cup,0.51746,0.64113,0.83099,0.68732,0.74989,0.68536,-0.35451
1528,3,3,to play games,play games,Cup,cup,0.98729,1.03893,0.95548,0.97349,1.05904,1.00285,0.08786
1528,4,4,used in baseball for protection,used baseball protection,Cup,cup,0.93113,0.93902,1.04409,0.95942,0.8409,0.94291,0.03231
1551,1,2,to hold a liquid,hold liquid,Cup,cup,1.01889,0.96771,0.96935,1.03554,1.09494,1.01729,0.10073
1551,3,3,to trap a bug,trap bug,Cup,cup,0.99803,0.89921,0.97973,0.99226,1.06397,0.98664,0.06506
1551,1,1,to drink from,drink,Cup,cup,0.51746,0.64113,0.83099,0.68732,0.74989,0.68536,-0.35451
1366,1,1,drinking,drinking,Cup,cup,0.63779,0.75091,0.83641,0.77143,0.83234,0.76578,-0.24249
1366,1,1,holding liquid,holding liquid,Cup,cup,0.98105,0.9979,0.92107,0.98188,1.07635,0.99165,0.06953
1366,2,2,pouring,pouring,Cup,cup,0.67744,0.7596,0.84538,0.64964,0.84357,0.75513,-0.23542
1366,2,3,pencil holder,pencil holder,Cup,cup,0.99283,1.01997,0.9757,0.87681,0.98298,0.96966,0.06971
1366,3,3,throwing as a weapon,throwing weapon,Cup,cup,0.86739,0.92597,0.99678,1.01515,1.12552,0.98616,0.01412
1366,3,3,shovel,shovel,Cup,cup,0.83588,0.90143,0.93839,0.96886,1.0209,0.93309,-0.03486
1511,1,1,holding a liquid,holding liquid,Cup,cup,0.98105,0.9979,0.92107,0.98188,1.07635,0.99165,0.06953
1511,3,3,trapping a spider,trapping spider,Cup,cup,1.05123,1.00394,1.03106,1.02068,1.12505,1.04639,0.1393
1511,2,2,softening a stick of butter by microwave it first,softening stick butter microwave first,Cup,cup,1.03479,1.01013,0.96155,1.07743,0.98258,1.0133,0.11734
1511,3,3,stacking,stacking,Cup,cup,0.9782,0.84594,0.9787,0.8878,1.04426,0.94698,0.02303
1599,1,1,To drink out of,to drink,Cup,cup,0.90914,1.14885,1.06112,1.02343,1.20583,1.06967,0.11397
1599,2,2,to eat out of,eat,Cup,cup,0.74142,0.91542,0.90395,0.89761,0.90662,0.873,-0.10682
1599,3,3,to decorate,decorate,Cup,cup,0.81041,0.89282,0.90792,1.03207,0.97307,0.92326,-0.05019
1599,4,3,to collect,collect,Cup,cup,0.87036,0.96312,0.93888,0.8717,0.87192,0.9032,-0.02566
1599,3,3,to break,break,Cup,cup,0.72183,0.89558,0.84541,1.06171,0.78283,0.86147,-0.11729
1531,1,1,for drinking liquids,drinking liquids,Cup,cup,0.98607,0.9718,1.084,1.01436,1.0804,1.02733,0.10285
1531,2,2,for eating,eating,Cup,cup,0.7851,0.91847,0.95558,0.86648,0.88437,0.882,-0.07905
1531,1,2,for serving liquids,serving liquids,Cup,cup,1.04705,0.9797,0.93043,1.06968,1.09178,1.02373,0.11609
1531,3,3,for hidings things,hidings things,Cup,cup,0.82254,0.96478,0.94502,1.05774,0.83538,0.92509,-0.02324
1531,3,3,stacking,stacking,Cup,cup,0.9782,0.84594,0.9787,0.8878,1.04426,0.94698,0.02303
1531,3,3,for painting,painting,Cup,cup,0.91333,0.88666,0.8929,0.98981,0.97721,0.93198,-0.00656
1382,1,1,drink out of,drink,Cup,cup,0.51746,0.64113,0.83099,0.68732,0.74989,0.68536,-0.35451
1382,3,3,stacking game,stacking game,Cup,cup,1.07096,0.97291,1.01273,1.01667,1.05156,1.02497,0.1323
1382,4,3,build a tower,build tower,Cup,cup,0.92155,0.9316,0.96973,1.03642,1.04547,0.98095,0.03661
1382,4,3,pong,pong,Cup,cup,0.84876,0.90163,0.86371,0.96204,0.87942,0.89111,-0.0536
1382,2,3,hold things,hold things,Cup,cup,0.96529,0.98449,0.97054,0.95556,1.16216,1.00761,0.06937
1382,3,3,sand castle mold,sand castle mold,Cup,cup,1.0053,1.03541,0.98078,0.99357,0.84031,0.97107,0.08941
1382,3,4,ice tray,ice tray,Cup,cup,1.10016,0.99914,1.04561,0.9561,0.92831,1.00586,0.14325
1382,2,3,pencil holder,pencil holder,Cup,cup,0.99283,1.01997,0.9757,0.87681,0.98298,0.96966,0.06971
1382,3,3,decoration,decoration,Cup,cup,0.90522,0.95958,0.91519,1.03347,0.95655,0.954,0.01789
1417,1,1,drinking,drinking,Cup,cup,0.63779,0.75091,0.83641,0.77143,0.83234,0.76578,-0.24249
1417,3,3,weapon,weapon,Cup,cup,0.87881,0.98351,0.97818,1.00283,0.97933,0.96453,0.0195
1417,3,3,decor,decor,Cup,cup,0.9085,0.92483,0.94839,1.01021,0.97402,0.95319,0.01474
1417,2,3,hold things,hold things,Cup,cup,0.96529,0.98449,0.97054,0.95556,1.16216,1.00761,0.06937
1417,2,3,place phone against to prop it up,place phone prop,Cup,cup,1.01775,0.97411,1.02929,1.059,0.79399,0.97483,0.09642
1417,2,2,transfer liquid to something else,transfer liquid something else,Cup,cup,0.9102,1.02447,1.00182,0.97502,1.14042,1.01039,0.05835
1417,3,3,to trap a bug,trap bug,Cup,cup,0.99803,0.89921,0.97973,0.99226,1.06397,0.98664,0.06506
1453,2,3,to hold things,hold things,Cup,cup,0.96529,0.98449,0.97054,0.95556,1.16216,1.00761,0.06937
1453,2,2,to pour things,pour things,Cup,cup,1.0353,1.05874,0.95607,0.82632,1.11993,0.99927,0.10014
1453,2,3,to cover,cover,Cup,cup,0.95563,1.03444,0.99137,0.87668,0.88068,0.94776,0.04981
1440,1,2,mug for coffee,mug coffee,Cup,cup,0.93229,1.08602,1.07381,0.93743,1.0744,1.02079,0.08999
1440,1,2,wine glass,wine glass,Cup,cup,0.99255,0.99023,1.05213,1.00463,1.16676,1.04126,0.10927
1440,1,2,champagne glass,champagne glass,Cup,cup,1.01132,1.00022,1.00366,1.03078,1.03539,1.01627,0.10715
1440,1,1,drinking,drinking,Cup,cup,0.63779,0.75091,0.83641,0.77143,0.83234,0.76578,-0.24249
1440,2,3,use to hold things like pencils,use hold things like pencils,Cup,cup,0.80166,0.89105,0.93121,0.88312,1.12149,0.92571,-0.0633
1506,1,1,drink,drink,Cup,cup,0.51746,0.64113,0.83099,0.68732,0.74989,0.68536,-0.35451
1506,2,3,hold pens,hold pens,Cup,cup,0.9994,1.09616,1.00049,0.92514,1.15134,1.03451,0.11707
1506,2,2,hold snacks,hold snacks,Cup,cup,0.99881,0.9303,0.9805,1.0101,1.18071,1.02008,0.08457
1497,1,1,drink liquids from,drink liquids,Cup,cup,0.98557,0.98507,1.04608,1.01545,1.11274,1.02898,0.10096
1497,3,3,make a cup pyramid,make cup pyramid,Cup,cup,0.84813,1.064,0.96601,0.92087,0.73493,0.90679,-0.00762
1458,4,4,speaker,speaker,Cup,cup,0.94444,0.98439,0.89949,1.02591,1.03687,0.97822,0.04641
1458,1,1,fill with water,fill water,Cup,cup,0.82732,1.04877,0.97685,1.06972,1.11266,1.00706,0.02857
1458,2,2,measuring cup,measuring cup,Cup,cup,1.0034,1.11803,0.99916,0.90805,0.92277,0.99028,0.10619
1458,5,4,bail water out of boat,bail water boat,Cup,cup,0.83002,0.91683,0.96032,0.92211,0.8167,0.8892,-0.05092
1458,2,2,bowl,bowl,Cup,cup,0.57898,0.66293,0.66904,0.44932,0.57716,0.58749,-0.39684
1330,2,1,hold food/liquids,hold food liquids,Cup,cup,0.85748,0.99864,0.97818,0.9561,0.88835,0.93575,-0.00131
1330,3,3,mold for sand or concrete,mold sand concrete,Cup,cup,1.02671,0.93862,0.92059,1.00466,0.91344,0.9608,0.07031
1330,4,4,use the top for cookie cutters,use top cookie cutters,Cup,cup,0.91513,0.9236,0.96227,1.06121,1.08201,0.98884,0.03599
1330,4,3,stencil,stencil,Cup,cup,1.00023,0.89012,0.97018,1.03806,1.0141,0.98254,0.06555
1513,1,1,drink out of,drink,Cup,cup,0.51746,0.64113,0.83099,0.68732,0.74989,0.68536,-0.35451
1513,2,2,pour things in to,pour things,Cup,cup,1.0353,1.05874,0.95607,0.82632,1.11993,0.99927,0.10014
1513,2,2,store candy,store candy,Cup,cup,1.02064,1.12298,0.99525,0.97811,1.07795,1.03899,0.13734
1513,4,4,magic tricks,magic tricks,Cup,cup,0.90698,1.11245,1.01949,0.89814,1.06945,1.0013,0.06639
1559,1,1,hold a drink,hold drink,Cup,cup,0.92455,0.9862,0.97015,0.88193,1.15411,0.98339,0.03632
1559,3,4,place flowers,place flowers,Cup,cup,0.9396,0.98808,0.8925,1.01851,1.16678,1.00109,0.05129
1559,3,4,make a sand castle,make sand castle,Cup,cup,0.99056,0.99631,0.95655,0.92965,0.71822,0.91826,0.04833
1559,4,4,use as a hat,use hat,Cup,cup,0.93325,0.96813,1.09841,1.03665,1.16748,1.04078,0.08626
1559,3,3,throw at something,throw something,Cup,cup,0.98001,0.98795,1.07474,0.94815,1.08966,1.0161,0.09249
1559,3,4,upside down to put something on top,upside put something top,Cup,cup,1.11155,0.99828,1.04858,1.01904,1.08234,1.05196,0.16997
1559,2,3,prop phone up,prop phone,Cup,cup,1.0068,1.06416,0.99074,0.89839,1.11307,1.01463,0.10394
1559,2,2,to scoop measurements,scoop measurements,Cup,cup,1.04078,0.9822,1.03643,0.95399,0.88638,0.97996,0.10238
1425,1,1,hold drink,hold drink,Cup,cup,0.92455,0.9862,0.97015,0.88193,1.15411,0.98339,0.03632
1425,3,3,trap a bug inside it,trap bug inside,Cup,cup,0.91305,0.93982,0.95208,1.00897,0.82772,0.92833,0.01148
1449,1,1,hold water,hold water,Cup,cup,0.91717,0.91207,1.00519,0.97995,1.13038,0.98895,0.0334
1449,3,2,stack,stack,Cup,cup,0.93031,0.86421,0.96848,0.86841,0.99368,0.92502,-0.00602
1449,3,4,make beats out of it,make beats,Cup,cup,1.06632,1.11268,0.98064,1.12187,1.00818,1.05794,0.17318
1449,4,3,stand on for height,stand height,Cup,cup,0.98076,0.94533,0.99373,0.93798,1.0142,0.9744,0.05895
1449,4,4,hear water sounds from ear,hear water sounds ear,Cup,cup,0.99042,1.01528,1.00309,1.01145,1.15295,1.03464,0.10509
1347,1,1,To drink out of,to drink,Cup,cup,0.90914,1.14885,1.06112,1.02343,1.20583,1.06967,0.11397
1347,3,3,to trap a fly,trap fly,Cup,cup,1.00751,0.95691,1.05596,0.98251,1.05016,1.01061,0.09776
1347,3,3,to use for the cup song,use cup song,Cup,cup,0.88784,1.10095,1.0528,1.01178,0.82186,0.97505,0.06018
1347,4,3,to use as a target for ping pong balls or other small objects,use target ping pong balls small objects,Cup,cup,0.88493,0.94557,0.99733,0.87808,0.94268,0.92972,-0.00511
1347,3,3,to crush,crush,Cup,cup,0.80319,0.90374,0.94134,1.00279,0.86701,0.90361,-0.0564
1347,4,3,to flip,flip,Cup,cup,0.85702,0.97453,0.89687,1.03237,0.99843,0.95184,-0.00458
1347,3,3,to spin around,spin around,Cup,cup,1.02013,1.0155,1.02574,0.96388,1.03213,1.01148,0.10966
1347,4,3,to flip coins into,flip coins,Cup,cup,0.89555,1.01917,1.00315,1.01616,0.94049,0.9749,0.04196
1347,3,4,to use as a makeshift music instrument,use makeshift music instrument,Cup,cup,0.91552,0.95856,1.00009,0.96473,1.15883,0.99955,0.04329
1518,1,1,hold liquid,hold liquid,Cup,cup,1.01889,0.96771,0.96935,1.03554,1.09494,1.01729,0.10073
1518,2,3,squish a bug,squish bug,Cup,cup,0.97301,0.95733,0.95986,0.95576,0.86115,0.94142,0.04343
1518,2,3,hold something up,hold something,Cup,cup,1.00201,1.01365,1.02332,1.0179,1.14909,1.04119,0.11551
1610,2,3,use it to hold pens,use hold pens,Cup,cup,0.87915,0.93182,1.05248,1.01929,0.8431,0.94517,0.01396
1610,1,1,drink from it,drink,Cup,cup,0.51746,0.64113,0.83099,0.68732,0.74989,0.68536,-0.35451
1610,3,3,cover a bug to take it outside without killing it,cover bug take outside without killing,Cup,cup,1.03184,1.01078,1.00083,0.93169,1.16056,1.02714,0.11364
1610,4,3,throw ping pong balls into it,throw ping pong balls,Cup,cup,0.95424,0.97971,1.0452,0.95004,0.98534,0.98291,0.06394
1407,3,3,used to play a game,used play game,Cup,cup,0.87812,0.95893,0.99817,1.10444,0.81145,0.95022,0.02066
1407,2,3,used to hold something in place,used hold something place,Cup,cup,0.92165,0.87206,1.02288,1.04612,1.1684,1.00622,0.04162
1407,3,3,used as a planting pot,used planting pot,Cup,cup,0.8807,0.89173,0.91416,0.98377,0.82162,0.8984,-0.02999
1407,3,3,used as a toy,used toy,Cup,cup,0.97591,0.98583,1.13743,1.04896,1.14269,1.05816,0.12133
1450,1,1,drink,drink,Cup,cup,0.51746,0.64113,0.83099,0.68732,0.74989,0.68536,-0.35451
1450,4,3,beer games,beer games,Cup,cup,1.01394,1.05649,0.98851,1.05585,1.14055,1.05107,0.13137
1450,2,2,scoop things,scoop things,Cup,cup,1.07069,1.09282,0.95297,0.99176,1.08529,1.03871,0.15017
1450,2,3,hold things like pens,hold things like pens,Cup,cup,1.01091,0.96971,0.99288,0.97578,1.1524,1.02034,0.09648
1450,3,2,capture a bug,capture bug,Cup,cup,1.01301,0.95679,0.94952,0.86134,1.09119,0.97437,0.06381
1598,2,2,holder,holder,Cup,cup,0.73849,0.72788,0.86026,0.98953,0.76235,0.8157,-0.16187
1598,1,1,drinker,drinker,Cup,cup,0.71879,0.71849,0.8639,0.85195,1.03018,0.83666,-0.17662
1598,4,4,speaker,speaker,Cup,cup,0.94444,0.98439,0.89949,1.02591,1.03687,0.97822,0.04641
1543,1,1,put water in,put water,Cup,cup,0.92526,0.94869,1.05497,0.93322,1.1539,1.00321,0.05153
1543,3,3,hit someone with,hit someone,Cup,cup,0.93544,1.03627,1.01218,1.01893,1.0666,1.01388,0.07846
1543,3,3,use it to dig dirt,use dig dirt,Cup,cup,0.87479,1.01585,0.9864,1.05009,0.83634,0.95269,0.02481
1543,5,5,break and use sharp edges as a knife,break use sharp edges knife,Cup,cup,0.90634,0.9548,0.94683,1.03023,0.92379,0.9524,0.02072
1543,3,4,use it for chinese cupping treatment,use chinese cupping treatment,Cup,cup,0.86527,1.0564,1.00865,0.94466,0.83095,0.94119,0.01819
1543,3,3,cut baking dough,cut baking dough,Cup,cup,0.92363,1.09655,0.84165,0.8609,0.82733,0.91001,0.0134
1543,4,3,use as rolling pin,use rolling pin,Cup,cup,0.91664,0.99643,1.02278,0.97231,0.86274,0.95418,0.03893
1543,2,3,use to weigh paper down,use weigh paper,Cup,cup,0.90855,0.97012,1.03528,0.98085,0.86183,0.95133,0.0315
1402,1,1,Holding liquid,holding liquid,Cup,cup,0.98105,0.9979,0.92107,0.98188,1.07635,0.99165,0.06953
1402,3,3,trapping a spider,trapping spider,Cup,cup,1.05123,1.00394,1.03106,1.02068,1.12505,1.04639,0.1393
1402,4,3,making a circle,making circle,Cup,cup,1.08025,1.05591,0.96401,1.04432,1.03079,1.03506,0.15207
1461,1,1,drink,drink,Cup,cup,0.51746,0.64113,0.83099,0.68732,0.74989,0.68536,-0.35451
1461,5,5,used as a little terrarium for bugs or small animals,used little terrarium bugs small animals,Cup,cup,1.04926,0.94129,1.04988,0.9983,0.83776,0.9753,0.10228
1461,3,3,used as a projectile,used projectile,Cup,cup,0.95204,1.07767,0.972,0.97167,0.98331,0.99134,0.07708
1461,3,3,used as dog bowl,used dog bowl,Cup,cup,0.89222,0.92771,0.94884,0.94589,0.79613,0.90216,-0.01523
1461,4,3,a protective hat,protective hat,Cup,cup,1.00284,0.90217,0.98851,1.05262,1.03629,0.99649,0.07747
1461,3,4,decor,decor,Cup,cup,0.9085,0.92483,0.94839,1.01021,0.97402,0.95319,0.01474
1461,3,3,like a shovel or scoop,like shovel scoop,Cup,cup,0.92704,0.9878,0.93626,0.87199,0.93717,0.93205,0.01481
1352,1,3,to hold drinks,hold drinks,Cup,cup,0.90734,1.08168,0.95261,0.87158,1.18613,0.99987,0.04932
1352,3,3,makeshift vase,makeshift vase,Cup,cup,0.94807,1.0672,1.00924,0.93621,0.89832,0.97181,0.06828
1352,3,3,stack in a pyramid,stack pyramid,Cup,cup,0.94527,1.00199,0.97484,0.99579,1.01421,0.98642,0.06014
1526,1,1,to drink,drink,Cup,cup,0.51746,0.64113,0.83099,0.68732,0.74989,0.68536,-0.35451
1526,3,3,to capture insects,capture insects,Cup,cup,0.84743,0.95375,0.90601,0.96518,1.15951,0.96638,-0.01245
1526,3,4,to grow plants out of,grow plants,Cup,cup,1.06704,0.9882,0.90103,1.05828,1.19176,1.04126,0.12824
1362,2,5,insulation,insulation,Cup,cup,0.93619,0.96106,0.92712,1.06453,1.04387,0.98655,0.04783
1362,1,1,hold liquids,hold liquids,Cup,cup,1.04683,0.96274,0.97364,1.04622,1.06304,1.01849,0.11449
1362,2,2,measure,measure,Cup,cup,0.8765,0.84462,0.94149,0.89519,0.91903,0.89537,-0.04598
1466,1,1,drink out of,drink,Cup,cup,0.51746,0.64113,0.83099,0.68732,0.74989,0.68536,-0.35451
1466,3,3,catch bugs,catch bugs,Cup,cup,1.06873,1.09662,1.01089,0.99372,1.08562,1.05112,0.1619
1466,3,3,stack,stack,Cup,cup,0.93031,0.86421,0.96848,0.86841,0.99368,0.92502,-0.00602
1587,1,1,drink,drink,Cup,cup,0.51746,0.64113,0.83099,0.68732,0.74989,0.68536,-0.35451
1587,2,2,rinse a paintbrush,rinse paintbrush,Cup,cup,0.99188,0.93515,0.98603,0.91135,1.06004,0.97689,0.05973
1587,2,2,spit out sunflower seeds,spit sunflower seeds,Cup,cup,0.84789,0.88481,0.91818,0.97552,0.89214,0.90371,-0.04473
1587,2,2,use to throw water at something,use throw water something,Cup,cup,0.96724,0.9764,0.95728,1.00009,1.1679,1.01378,0.07291
1587,2,3,hold pencils,hold pencils,Cup,cup,1.01204,1.09351,1.05366,1.00295,1.06592,1.04562,0.13962
1367,2,1,to contain,contain,Cup,cup,0.94362,0.97664,0.9776,1.10882,0.93202,0.98774,0.06487
1367,3,3,use as weapon,use weapon,Cup,cup,0.85324,0.93931,1.01208,1.00587,1.16681,0.99546,0.01458
1367,5,5,use as golf hole,use golf hole,Cup,cup,0.90072,1.00999,0.97329,0.86893,0.83179,0.91694,0.00624
1367,4,4,use to draw circles,use draw circles,Cup,cup,0.88983,1.06202,0.92753,0.98528,0.83243,0.93942,0.02295
1367,3,3,use to bake,use bake,Cup,cup,0.93098,1.00526,0.98988,0.97549,1.05747,0.99182,0.05629
1621,1,1,drink from it,drink,Cup,cup,0.51746,0.64113,0.83099,0.68732,0.74989,0.68536,-0.35451
1621,3,3,use to water plants,use water plants,Cup,cup,0.97582,1.07391,1.01738,1.00043,0.82767,0.97904,0.09129
1621,2,3,put your toothbrush in it,put toothbrush,Cup,cup,0.99121,1.04413,0.98058,1.08266,1.10991,1.0417,0.11656
1621,3,3,capture bug with it,capture bug,Cup,cup,1.01301,0.95679,0.94952,0.86134,1.09119,0.97437,0.06381
1334,1,1,drink in it,drink,Cup,cup,0.51746,0.64113,0.83099,0.68732,0.74989,0.68536,-0.35451
1334,4,3,cup pong,cup pong,Cup,cup,0.95489,1.00458,0.9842,1.08321,0.93146,0.99167,0.07546
1334,2,3,hold things,hold things,Cup,cup,0.96529,0.98449,0.97054,0.95556,1.16216,1.00761,0.06937
1334,4,4,body protection,body protection,Cup,cup,0.83181,0.96892,0.88707,1.02386,1.10539,0.96341,-0.01522
1500,1,1,drink,drink,Cup,cup,0.51746,0.64113,0.83099,0.68732,0.74989,0.68536,-0.35451
1500,4,3,beer pong,beer pong,Cup,cup,0.98034,1.04453,0.97471,1.05657,0.87205,0.98564,0.08927
1500,3,2,mixing bowl,mixing bowl,Cup,cup,0.93942,0.93398,1.05189,1.06842,0.94623,0.98799,0.06097
1500,2,2,hold paints,hold paints,Cup,cup,0.89991,0.97339,1.01388,1.04098,1.00387,0.98641,0.04263
1500,2,1,hold,hold,Cup,cup,0.75278,0.93731,0.95552,0.96569,0.81009,0.88428,-0.08112
1527,1,1,drinking,drinking,Cup,cup,0.63779,0.75091,0.83641,0.77143,0.83234,0.76578,-0.24249
1527,3,3,stacking,stacking,Cup,cup,0.9782,0.84594,0.9787,0.8878,1.04426,0.94698,0.02303
1527,2,3,collecting change,collecting change,Cup,cup,0.97204,1.02489,1.03647,1.06563,1.18482,1.05677,0.11501
1527,3,4,putting flowers in,putting flowers,Cup,cup,1.05694,0.91553,0.93884,0.96859,1.1827,1.01252,0.09698
1372,2,3,Hold pens,hold pens,Cup,cup,0.9994,1.09616,1.00049,0.92514,1.15134,1.03451,0.11707
1372,3,3,trap a spider,trap spider,Cup,cup,0.99476,1.01168,1.01076,0.94683,1.04457,1.00172,0.09052
1372,2,3,scoop dog food,scoop dog food,Cup,cup,0.93068,0.9944,0.97319,1.02769,0.88282,0.96176,0.04592
1525,1,1,hold drinks,hold drinks,Cup,cup,0.90734,1.08168,0.95261,0.87158,1.18613,0.99987,0.04932
1525,4,4,make a cup snake thing,make cup snake thing,Cup,cup,1.05042,1.03916,0.93704,0.97367,0.73103,0.94626,0.09498
1525,2,3,use for drinking games,use drinking games,Cup,cup,0.89803,0.9943,0.94641,0.9676,0.82842,0.92695,0.01034
