id,item,response,rating,creativity,response_processed,cluster_freq,originality,freq,t_freq
1094,Box,to store things,1,1,store,0.9591836734693877,0,0.04081632653061229,0.3031182931448047
1094,Box,to build a fort,3,4,build fort,0.9795918367346939,0,0.020408163265306145,0.5043058181054397
1094,Box,as an umbrella,3,4,umbrella,0.7573696145124716,0,0.24263038548752835,0.029194508614422358
1094,Box,to catch a bunny,3,4,catch bunny,0.7573696145124716,0,0.24263038548752835,0.029194508614422358
1093,Box,standing on,2,2,standing,0.7573696145124716,0,0.24263038548752835,0.029194508614422358
1093,Box,putting items in,1,1,putting item,0.9977324263038548,1,0.0022675736961451642,0.9151142710602704
1093,Box,opening,1,1,opening,0.9977324263038548,1,0.0022675736961451642,0.9151142710602704
1093,Box,closing,1,1,closing,0.7573696145124716,0,0.24263038548752835,0.029194508614422358
1093,Box,cutting,1,2,cutting,0.7573696145124716,0,0.24263038548752835,0.029194508614422358
1093,Box,make a dollhouse,3,4,dollhouse,0.7573696145124716,0,0.24263038548752835,0.029194508614422358
1093,Box,fill,1,1,fill,0.9977324263038548,1,0.0022675736961451642,0.9151142710602704
1093,Box,sleep in,3,4,sleep,0.9909297052154195,0,0.009070294784580546,0.7164761403030481
1159,Box,sit in,2,4,sit,0.9909297052154195,0,0.009070294784580546,0.7164761403030481
1159,Box,play with,3,3,play,0.9727891156462585,0,0.027210884353741527,0.4193560907450171
1159,Box,break apart for other uses,3,3,break apart us,0.7573696145124716,0,0.24263038548752835,0.029194508614422358
1159,Box,delivery things in,2,3,delivery,0.7573696145124716,0,0.24263038548752835,0.029194508614422358
1159,Box,wrap,2,2,wrap,0.9954648526077098,0,0.0045351473922902175,0.8405954331110267
1195,Box,store something,1,1,store,0.9591836734693877,0,0.04081632653061229,0.3031182931448047
1195,Box,stand on top of,2,2,stand,0.9773242630385488,0,0.0226757369614512,0.4733268269888369
1195,Box,sit on,2,2,sit,0.9909297052154195,0,0.009070294784580546,0.7164761403030481
1195,Box,sit in,2,2,sit,0.9909297052154195,0,0.009070294784580546,0.7164761403030481
1195,Box,use it to make art,3,3,art,0.9863945578231292,0,0.013605442176870763,0.6179473247733704
1141,Box,to store items,1,1,store item,0.9750566893424036,0,0.024943310657596363,0.4451170806621793
1141,Box,to prop something up,2,2,prop,0.9909297052154195,0,0.009070294784580546,0.7164761403030481
1141,Box,to stand on,2,3,stand,0.9773242630385488,0,0.0226757369614512,0.4733268269888369
1141,Box,to live in,4,5,live,0.7573696145124716,0,0.24263038548752835,0.029194508614422358
1141,Box,to use for boxcars,3,4,boxcar,0.9977324263038548,1,0.0022675736961451642,0.9151142710602704
1104,Box,storing,5,1,storing,0.9909297052154195,0,0.009070294784580546,0.7164761403030481
1104,Box,building,2,2,building,0.9954648526077098,0,0.0045351473922902175,0.8405954331110267
1286,Box,can live in it,3,5,live,0.7573696145124716,0,0.24263038548752835,0.029194508614422358
1286,Box,can store stuff in it,1,1,store stuff,0.9954648526077098,0,0.0045351473922902175,0.8405954331110267
1286,Box,can use it as a trash,2,2,trash,0.7573696145124716,0,0.24263038548752835,0.029194508614422358
1205,Box,SPACE SHIP,5,5,space ship,0.9886621315192744,0,0.0113378684807256,0.6644811245007368
1205,Box,HIDING SPOT,3,4,hiding spot,0.7573696145124716,0,0.24263038548752835,0.029194508614422358
1205,Box,FIRE STARTER,4,4,fire starter,0.9954648526077098,0,0.0045351473922902175,0.8405954331110267
1205,Box,WRITE STUFF ON,3,3,write stuff,0.9773242630385488,0,0.0226757369614512,0.4733268269888369
1205,Box,PUNCHING BAG,5,4,punching bag,0.7573696145124716,0,0.24263038548752835,0.029194508614422358
1205,Box,DRUM,3,4,drum,0.9954648526077098,0,0.0045351473922902175,0.8405954331110267
1163,Box,to store,1,2,store,0.9591836734693877,0,0.04081632653061229,0.3031182931448047
1163,Box,to hide,4,4,hide,0.9727891156462585,0,0.027210884353741527,0.4193560907450171
1163,Box,to organize,1,2,organize,0.9954648526077098,0,0.0045351473922902175,0.8405954331110267
1163,Box,to ship,2,1,ship,0.9841269841269842,0,0.015873015873015817,0.5761358687763111
1192,Box,store items,1,1,store item,0.9750566893424036,0,0.024943310657596363,0.4451170806621793
1192,Box,stand on it,2,3,stand,0.9773242630385488,0,0.0226757369614512,0.4733268269888369
1192,Box,can be decorative,3,3,decorative,0.7573696145124716,0,0.24263038548752835,0.029194508614422358
1087,Box,storage,1,1,storage,0.9591836734693877,0,0.04081632653061229,0.3031182931448047
1087,Box,home for ducks,4,4,home duck,0.7573696145124716,0,0.24263038548752835,0.029194508614422358
1087,Box,piggy bank,5,4,piggy bank,0.7573696145124716,0,0.24263038548752835,0.029194508614422358
1087,Box,playpen for children,4,3,playpen child,0.7573696145124716,0,0.24263038548752835,0.029194508614422358
1176,Box,storage,1,1,storage,0.9591836734693877,0,0.04081632653061229,0.3031182931448047
1176,Box,make a decoration,3,3,decoration,0.7573696145124716,0,0.24263038548752835,0.029194508614422358
1176,Box,make a costume,4,4,costume,0.981859410430839,0,0.01814058956916098,0.5384287418916341
1176,Box,trash bin,2,2,trash bin,0.7573696145124716,0,0.24263038548752835,0.029194508614422358
1258,Box,To hold stuff,1,1,hold stuff,0.9682539682539683,0,0.031746031746031744,0.37411631633518716
1258,Box,cardboard,1,1,cardboard,0.9795918367346939,0,0.020408163265306145,0.5043058181054397
1258,Box,to package,2,1,package,0.9795918367346939,0,0.020408163265306145,0.5043058181054397
1258,Box,to stand on to reach something,2,2,stand reach,0.9773242630385488,0,0.0226757369614512,0.4733268269888369
1258,Box,something new comes in it,2,1,new come,0.7573696145124716,0,0.24263038548752835,0.029194508614422358
1258,Box,shape of,2,2,shape,0.7573696145124716,0,0.24263038548752835,0.029194508614422358
1186,Box,container,1,2,container,0.9954648526077098,0,0.0045351473922902175,0.8405954331110267
1186,Box,cardboard,1,2,cardboard,0.9795918367346939,0,0.020408163265306145,0.5043058181054397
1186,Box,fort,3,3,fort,0.981859410430839,0,0.01814058956916098,0.5384287418916341
1186,Box,carrying case for cat,4,3,carrying case cat,0.9727891156462585,0,0.027210884353741527,0.4193560907450171
1186,Box,timeout place,4,3,timeout place,0.7573696145124716,0,0.24263038548752835,0.029194508614422358
1186,Box,bed,3,3,bed,0.9863945578231292,0,0.013605442176870763,0.6179473247733704
1186,Box,conceal something underneath,3,3,conceal underneath,0.9977324263038548,1,0.0022675736961451642,0.9151142710602704
1186,Box,jail,4,5,jail,0.7573696145124716,0,0.24263038548752835,0.029194508614422358
1174,Box,put something inside it,1,1,inside,0.9909297052154195,0,0.009070294784580546,0.7164761403030481
1174,Box,put over someones head,3,3,someone head,0.9841269841269842,0,0.015873015873015817,0.5761358687763111
1133,Box,Put stuff inside,1,1,stuff inside,0.9909297052154195,0,0.009070294784580546,0.7164761403030481
1133,Box,make a fort,3,3,fort,0.981859410430839,0,0.01814058956916098,0.5384287418916341
1133,Box,put stuff on top,2,2,stuff,0.9773242630385488,0,0.0226757369614512,0.4733268269888369
1133,Box,hide inside the box,4,3,hide inside box,0.9909297052154195,0,0.009070294784580546,0.7164761403030481
1133,Box,let your cat use it,3,3,let cat,0.9727891156462585,0,0.027210884353741527,0.4193560907450171
1133,Box,carry stuff,1,1,carry stuff,0.9863945578231292,0,0.013605442176870763,0.6179473247733704
1133,Box,bowl,3,4,bowl,0.7573696145124716,0,0.24263038548752835,0.029194508614422358
1133,Box,present,2,4,present,0.9886621315192744,0,0.0113378684807256,0.6644811245007368
1138,Box,storing items,1,1,storing item,0.9909297052154195,0,0.009070294784580546,0.7164761403030481
1138,Box,bed for a pet,2,3,bed pet,0.9863945578231292,0,0.013605442176870763,0.6179473247733704
1138,Box,to be worn as a hat,3,4,worn hat,0.9841269841269842,0,0.015873015873015817,0.5761358687763111
1138,Box,container for selling something,1,1,container selling,0.9954648526077098,0,0.0045351473922902175,0.8405954331110267
1138,Box,school project,3,3,school project,0.7573696145124716,0,0.24263038548752835,0.029194508614422358
1221,Box,things are packaged in it,2,1,packaged,0.7573696145124716,0,0.24263038548752835,0.029194508614422358
1221,Box,childhood playtime with boxes,3,3,childhood playtime box,0.7573696145124716,0,0.24263038548752835,0.029194508614422358
1221,Box,functional permanent storage,1,1,functional permanent storage,0.9954648526077098,0,0.0045351473922902175,0.8405954331110267
1221,Box,hide things,3,2,hide,0.9727891156462585,0,0.027210884353741527,0.4193560907450171
1221,Box,build things,2,2,build,0.9795918367346939,0,0.020408163265306145,0.5043058181054397
1194,Box,hold items,1,1,hold item,0.9682539682539683,0,0.031746031746031744,0.37411631633518716
1194,Box,weigh something down,3,3,weigh,0.7573696145124716,0,0.24263038548752835,0.029194508614422358
1194,Box,a toy for kids,3,3,toy kid,0.9727891156462585,0,0.027210884353741527,0.4193560907450171
1194,Box,tear it up and create something,3,3,tear create,0.9954648526077098,0,0.0045351473922902175,0.8405954331110267
1147,Box,carrying books,2,1,carrying book,0.7573696145124716,0,0.24263038548752835,0.029194508614422358
1147,Box,making a play house,3,2,making play house,0.9931972789115646,0,0.006802721088435382,0.7748216142565169
1147,Box,halloween costume,4,4,halloween costume,0.981859410430839,0,0.01814058956916098,0.5384287418916341
1147,Box,making a die,3,3,making die,0.9931972789115646,0,0.006802721088435382,0.7748216142565169
1147,Box,standing on top of it,2,2,standing,0.7573696145124716,0,0.24263038548752835,0.029194508614422358
1162,Box,hide in,4,3,hide,0.9727891156462585,0,0.027210884353741527,0.4193560907450171
1162,Box,store something,1,1,store,0.9591836734693877,0,0.04081632653061229,0.3031182931448047
1162,Box,use it as a stool,2,2,stool,0.981859410430839,0,0.01814058956916098,0.5384287418916341
1102,Box,storage,1,1,storage,0.9591836734693877,0,0.04081632653061229,0.3031182931448047
1102,Box,packing,1,1,packing,0.9909297052154195,0,0.009070294784580546,0.7164761403030481
1102,Box,cardboard robots,4,4,cardboard robot,0.9795918367346939,0,0.020408163265306145,0.5043058181054397
1102,Box,decorating,3,3,decorating,0.7573696145124716,0,0.24263038548752835,0.029194508614422358
1102,Box,recycling,2,3,recycling,0.7573696145124716,0,0.24263038548752835,0.029194508614422358
1102,Box,thinking outside of it,5,4,thinking outside,0.7573696145124716,0,0.24263038548752835,0.029194508614422358
1102,Box,presents,2,2,present,0.9886621315192744,0,0.0113378684807256,0.6644811245007368
1230,Box,ship something,2,1,ship,0.9841269841269842,0,0.015873015873015817,0.5761358687763111
1230,Box,store something,1,1,store,0.9591836734693877,0,0.04081632653061229,0.3031182931448047
1230,Box,use it as a step stool,2,2,step stool,0.981859410430839,0,0.01814058956916098,0.5384287418916341
1230,Box,dance on it,4,4,dance,0.7573696145124716,0,0.24263038548752835,0.029194508614422358
1230,Box,use it as a table,3,3,table,0.9863945578231292,0,0.013605442176870763,0.6179473247733704
1123,Box,cardboard,1,1,cardboard,0.9795918367346939,0,0.020408163265306145,0.5043058181054397
1123,Box,shipping,2,1,shipping,0.9795918367346939,0,0.020408163265306145,0.5043058181054397
1123,Box,mail,2,1,mail,0.7573696145124716,0,0.24263038548752835,0.029194508614422358
1123,Box,ring,3,3,ring,0.9977324263038548,1,0.0022675736961451642,0.9151142710602704
1123,Box,brown,2,1,brown,0.7573696145124716,0,0.24263038548752835,0.029194508614422358
1123,Box,cable,3,2,cable,0.7573696145124716,0,0.24263038548752835,0.029194508614422358
1129,Box,hold things,1,1,hold,0.9682539682539683,0,0.031746031746031744,0.37411631633518716
1129,Box,use as a stool,2,1,stool,0.981859410430839,0,0.01814058956916098,0.5384287418916341
1228,Box,build a fort,3,3,build fort,0.9795918367346939,0,0.020408163265306145,0.5043058181054397
1228,Box,store things,1,1,store,0.9591836734693877,0,0.04081632653061229,0.3031182931448047
1228,Box,stack things,2,1,stack,0.9909297052154195,0,0.009070294784580546,0.7164761403030481
1228,Box,burn,3,3,burn,0.9931972789115646,0,0.006802721088435382,0.7748216142565169
1228,Box,hide in,4,3,hide,0.9727891156462585,0,0.027210884353741527,0.4193560907450171
1228,Box,make an animal bed,3,3,animal bed,0.9863945578231292,0,0.013605442176870763,0.6179473247733704
1193,Box,To hold items,1,1,hold item,0.9682539682539683,0,0.031746031746031744,0.37411631633518716
1193,Box,to build a fort,3,3,build fort,0.9795918367346939,0,0.020408163265306145,0.5043058181054397
1193,Box,to use as a sail,4,4,sail,0.7573696145124716,0,0.24263038548752835,0.029194508614422358
1193,Box,to capture someone/something,3,3,capture,0.7573696145124716,0,0.24263038548752835,0.029194508614422358
1193,Box,to hide in,4,3,hide,0.9727891156462585,0,0.027210884353741527,0.4193560907450171
1193,Box,to rip up and burn,3,3,rip burn,0.9931972789115646,0,0.006802721088435382,0.7748216142565169
1193,Box,to break your fall,3,4,break fall,0.7573696145124716,0,0.24263038548752835,0.029194508614422358
1180,Box,storage,1,1,storage,0.9591836734693877,0,0.04081632653061229,0.3031182931448047
1180,Box,stool,2,2,stool,0.981859410430839,0,0.01814058956916098,0.5384287418916341
1180,Box,chair,2,2,chair,0.7573696145124716,0,0.24263038548752835,0.029194508614422358
1180,Box,send,2,1,send,0.9954648526077098,0,0.0045351473922902175,0.8405954331110267
1180,Box,hold an animal,3,3,hold animal,0.9682539682539683,0,0.031746031746031744,0.37411631633518716
1209,Box,building a fort,3,3,building fort,0.9954648526077098,0,0.0045351473922902175,0.8405954331110267
1209,Box,shipping packages,2,1,shipping package,0.9795918367346939,0,0.020408163265306145,0.5043058181054397
1209,Box,storage,1,1,storage,0.9591836734693877,0,0.04081632653061229,0.3031182931448047
1209,Box,halloween costume,4,4,halloween costume,0.981859410430839,0,0.01814058956916098,0.5384287418916341
1209,Box,presents,2,1,present,0.9886621315192744,0,0.0113378684807256,0.6644811245007368
1209,Box,arts and crafts,3,3,art craft,0.9863945578231292,0,0.013605442176870763,0.6179473247733704
1209,Box,packaging food and other items,2,1,packaging food item,0.9750566893424036,0,0.024943310657596363,0.4451170806621793
1226,Box,holding groceries,2,1,holding grocery,0.9773242630385488,0,0.0226757369614512,0.4733268269888369
1226,Box,a fort,3,3,fort,0.981859410430839,0,0.01814058956916098,0.5384287418916341
1226,Box,for lighting a fire,2,3,lighting fire,0.9977324263038548,1,0.0022675736961451642,0.9151142710602704
1226,Box,as a hat,3,3,hat,0.9841269841269842,0,0.015873015873015817,0.5761358687763111
1226,Box,as a storage device,1,1,storage device,0.9954648526077098,0,0.0045351473922902175,0.8405954331110267
1226,Box,as a kennel for a pet,3,3,kennel pet,0.9863945578231292,0,0.013605442176870763,0.6179473247733704
1226,Box,as a projector,4,4,projector,0.7573696145124716,0,0.24263038548752835,0.029194508614422358
1121,Box,store,1,1,store,0.9591836734693877,0,0.04081632653061229,0.3031182931448047
1121,Box,stepping stool,2,2,stepping stool,0.9863945578231292,0,0.013605442176870763,0.6179473247733704
1121,Box,making three dimensional model or character,5,4,making dimensional model character,0.9931972789115646,0,0.006802721088435382,0.7748216142565169
1121,Box,packaging to ship,2,1,packaging ship,0.9886621315192744,0,0.0113378684807256,0.6644811245007368
1121,Box,hide something,3,3,hide,0.9727891156462585,0,0.027210884353741527,0.4193560907450171
1118,Box,for shoes,2,4,shoe,0.7573696145124716,0,0.24263038548752835,0.029194508614422358
1118,Box,to pack stuff,2,1,pack stuff,0.9773242630385488,0,0.0226757369614512,0.4733268269888369
1118,Box,to store things,1,1,store,0.9591836734693877,0,0.04081632653061229,0.3031182931448047
1118,Box,for presents,2,1,present,0.9886621315192744,0,0.0113378684807256,0.6644811245007368
1460,Box,storage,1,1,storage,0.9591836734693877,0,0.04081632653061229,0.3031182931448047
1460,Box,cat play thing,3,3,cat play,0.9727891156462585,0,0.027210884353741527,0.4193560907450171
1460,Box,kid play thing,3,3,kid play,0.9727891156462585,0,0.027210884353741527,0.4193560907450171
1460,Box,hat,3,3,hat,0.9841269841269842,0,0.015873015873015817,0.5761358687763111
1460,Box,science fair poster,3,2,science fair poster,0.7573696145124716,0,0.24263038548752835,0.029194508614422358
1460,Box,Halloween costume,4,3,halloween costume,0.981859410430839,0,0.01814058956916098,0.5384287418916341
1488,Box,Contain objects,1,1,contain object,0.9841269841269842,0,0.015873015873015817,0.5761358687763111
1488,Box,trap animals,3,3,trap animal,0.9909297052154195,0,0.009070294784580546,0.7164761403030481
1488,Box,as a hat in a costume,3,3,hat costume,0.981859410430839,0,0.01814058956916098,0.5384287418916341
1488,Box,could be folded and flattened to be used as a support device,4,3,folded flattened support device,0.9931972789115646,0,0.006802721088435382,0.7748216142565169
1488,Box,turned upside down and be used to sit on,2,2,turned upside sit,0.9977324263038548,1,0.0022675736961451642,0.9151142710602704
1488,Box,as an instrument,4,4,instrument,0.9977324263038548,1,0.0022675736961451642,0.9151142710602704
1533,Box,storage,1,1,storage,0.9591836734693877,0,0.04081632653061229,0.3031182931448047
1533,Box,arts and crafts,2,3,art craft,0.9863945578231292,0,0.013605442176870763,0.6179473247733704
1533,Box,cover from rain,3,3,cover rain,0.9841269841269842,0,0.015873015873015817,0.5761358687763111
1533,Box,material for design,2,3,material design,0.9977324263038548,1,0.0022675736961451642,0.9151142710602704
1533,Box,step stool,2,2,step stool,0.981859410430839,0,0.01814058956916098,0.5384287418916341
1373,Box,build a fort. storage,3,1,build fort storage,0.9795918367346939,0,0.020408163265306145,0.5043058181054397
1373,Box,carry something,1,1,carry,0.9863945578231292,0,0.013605442176870763,0.6179473247733704
1373,Box,sled,2,4,sled,0.9931972789115646,0,0.006802721088435382,0.7748216142565169
1373,Box,line the floor of something,2,2,line floor,0.9886621315192744,0,0.0113378684807256,0.6644811245007368
1603,Box,cardboard,1,1,cardboard,0.9795918367346939,0,0.020408163265306145,0.5043058181054397
1603,Box,house,3,3,house,0.9841269841269842,0,0.015873015873015817,0.5761358687763111
1603,Box,gift,2,1,gift,0.9954648526077098,0,0.0045351473922902175,0.8405954331110267
1603,Box,packing,1,1,packing,0.9909297052154195,0,0.009070294784580546,0.7164761403030481
1603,Box,storage,1,1,storage,0.9591836734693877,0,0.04081632653061229,0.3031182931448047
1599,Box,storage,1,1,storage,0.9591836734693877,0,0.04081632653061229,0.3031182931448047
1599,Box,shipping,2,1,shipping,0.9795918367346939,0,0.020408163265306145,0.5043058181054397
1599,Box,hide a body,5,3,hide body,0.9909297052154195,0,0.009070294784580546,0.7164761403030481
1528,Box,to hold things,1,1,hold,0.9682539682539683,0,0.031746031746031744,0.37411631633518716
1528,Box,ship things,2,1,ship,0.9841269841269842,0,0.015873015873015817,0.5761358687763111
1528,Box,stack,2,2,stack,0.9909297052154195,0,0.009070294784580546,0.7164761403030481
1528,Box,support,2,2,support,0.9931972789115646,0,0.006802721088435382,0.7748216142565169
1528,Box,a sport,4,3,sport,0.7573696145124716,0,0.24263038548752835,0.029194508614422358
1442,Box,to ship things with,2,1,ship,0.9841269841269842,0,0.015873015873015817,0.5761358687763111
1442,Box,to go sledding,2,4,sledding,0.7573696145124716,0,0.24263038548752835,0.029194508614422358
1442,Box,to draw on,2,3,draw,0.9886621315192744,0,0.0113378684807256,0.6644811245007368
1442,Box,to play a drinking game where you write on it,3,3,play drinking game write,0.9727891156462585,0,0.027210884353741527,0.4193560907450171
1442,Box,to cut up,2,3,cut,0.9931972789115646,0,0.006802721088435382,0.7748216142565169
1442,Box,to make a hat out of,3,3,hat,0.9841269841269842,0,0.015873015873015817,0.5761358687763111
1442,Box,to hide,4,3,hide,0.9727891156462585,0,0.027210884353741527,0.4193560907450171
1442,Box,to bury,4,3,bury,0.7573696145124716,0,0.24263038548752835,0.029194508614422358
1442,Box,to buy groceries in,2,2,buy grocery,0.9773242630385488,0,0.0226757369614512,0.4733268269888369
1442,Box,to sit in,2,2,sit,0.9909297052154195,0,0.009070294784580546,0.7164761403030481
1442,Box,to shred,2,2,shred,0.7573696145124716,0,0.24263038548752835,0.029194508614422358
1442,Box,to use as wallpaper,2,4,wallpaper,0.7573696145124716,0,0.24263038548752835,0.029194508614422358
1614,Box,put a gift inside,2,2,gift inside,0.9954648526077098,0,0.0045351473922902175,0.8405954331110267
1614,Box,use it as a shelter,3,3,shelter,0.7573696145124716,0,0.24263038548752835,0.029194508614422358
1614,Box,use it for storage,1,1,storage,0.9591836734693877,0,0.04081632653061229,0.3031182931448047
1503,Box,contain things,1,1,contain,0.9841269841269842,0,0.015873015873015817,0.5761358687763111
1503,Box,soak up water,4,4,soak water,0.7573696145124716,0,0.24263038548752835,0.029194508614422358
1503,Box,build a fort,3,3,build fort,0.9795918367346939,0,0.020408163265306145,0.5043058181054397
1328,Box,to be used as storage,1,1,storage,0.9591836734693877,0,0.04081632653061229,0.3031182931448047
1328,Box,to transport things from place to place,2,1,transport place place,0.7573696145124716,0,0.24263038548752835,0.029194508614422358
1328,Box,to burn to make a fire,2,3,burn fire,0.9931972789115646,0,0.006802721088435382,0.7748216142565169
1328,Box,to stand on top of to reach something tall,2,2,stand reach tall,0.9773242630385488,0,0.0226757369614512,0.4733268269888369
1328,Box,to mail someone a package,2,1,mail package,0.9795918367346939,0,0.020408163265306145,0.5043058181054397
1472,Box,storage,2,1,storage,0.9591836734693877,0,0.04081632653061229,0.3031182931448047
1472,Box,hat,3,3,hat,0.9841269841269842,0,0.015873015873015817,0.5761358687763111
1472,Box,shoes,2,3,shoe,0.7573696145124716,0,0.24263038548752835,0.029194508614422358
1472,Box,letter box,2,2,letter box,0.7573696145124716,0,0.24263038548752835,0.029194508614422358
1472,Box,litter box,2,2,litter box,0.7573696145124716,0,0.24263038548752835,0.029194508614422358
1472,Box,ball,2,3,ball,0.7573696145124716,0,0.24263038548752835,0.029194508614422358
1463,Box,lining,2,3,lining,0.7573696145124716,0,0.24263038548752835,0.029194508614422358
1463,Box,stacking,2,2,stacking,0.7573696145124716,0,0.24263038548752835,0.029194508614422358
1463,Box,storage,1,1,storage,0.9591836734693877,0,0.04081632653061229,0.3031182931448047
1463,Box,covering the floor for paint,4,3,covering floor paint,0.9886621315192744,0,0.0113378684807256,0.6644811245007368
1463,Box,crafts,3,3,craft,0.9863945578231292,0,0.013605442176870763,0.6179473247733704
1531,Box,to keep things inside of,1,1,inside,0.9909297052154195,0,0.009070294784580546,0.7164761403030481
1531,Box,for arts and crafts,3,3,art craft,0.9863945578231292,0,0.013605442176870763,0.6179473247733704
1531,Box,to hide inside of,4,3,hide inside,0.9909297052154195,0,0.009070294784580546,0.7164761403030481
1402,Box,Store something,1,1,store,0.9591836734693877,0,0.04081632653061229,0.3031182931448047
1402,Box,hide something,2,3,hide,0.9727891156462585,0,0.027210884353741527,0.4193560907450171
1402,Box,use it as a stand,2,2,stand,0.9773242630385488,0,0.0226757369614512,0.4733268269888369
1402,Box,ship something,2,1,ship,0.9841269841269842,0,0.015873015873015817,0.5761358687763111
1526,Box,pack,1,1,pack,0.9773242630385488,0,0.0226757369614512,0.4733268269888369
1526,Box,stepping box,2,2,stepping box,0.9863945578231292,0,0.013605442176870763,0.6179473247733704
1526,Box,cat house,3,2,cat house,0.9841269841269842,0,0.015873015873015817,0.5761358687763111
1526,Box,hide and seek,4,4,hide seek,0.9909297052154195,0,0.009070294784580546,0.7164761403030481
1526,Box,chair,2,2,chair,0.7573696145124716,0,0.24263038548752835,0.029194508614422358
1440,Box,hold things,1,2,hold,0.9682539682539683,0,0.031746031746031744,0.37411631633518716
1440,Box,help move houses,2,1,help house,0.9841269841269842,0,0.015873015873015817,0.5761358687763111
1440,Box,build a fort,3,2,build fort,0.9795918367346939,0,0.020408163265306145,0.5043058181054397
1440,Box,collection box,2,2,collection box,0.7573696145124716,0,0.24263038548752835,0.029194508614422358
1440,Box,shoe box,2,2,shoe box,0.7573696145124716,0,0.24263038548752835,0.029194508614422358
1610,Box,hide something,2,2,hide,0.9727891156462585,0,0.027210884353741527,0.4193560907450171
1610,Box,ship something,2,1,ship,0.9841269841269842,0,0.015873015873015817,0.5761358687763111
1610,Box,carry something,1,2,carry,0.9863945578231292,0,0.013605442176870763,0.6179473247733704
1610,Box,store something,1,1,store,0.9591836734693877,0,0.04081632653061229,0.3031182931448047
1610,Box,fold it up and recycle it,2,3,fold recycle,0.7573696145124716,0,0.24263038548752835,0.029194508614422358
1610,Box,decorate it and use it to put a gift in,3,3,decorate gift,0.9954648526077098,0,0.0045351473922902175,0.8405954331110267
1610,Box,step on it to reach something,2,2,step reach,0.9954648526077098,0,0.0045351473922902175,0.8405954331110267
1320,Box,store items,1,1,store item,0.9750566893424036,0,0.024943310657596363,0.4451170806621793
1320,Box,wear as a hat,3,3,wear hat,0.9841269841269842,0,0.015873015873015817,0.5761358687763111
1320,Box,nightstand/table,2,2,nightstand table,0.9977324263038548,1,0.0022675736961451642,0.9151142710602704
1320,Box,chair,2,2,chair,0.7573696145124716,0,0.24263038548752835,0.029194508614422358
1320,Box,clothes,4,1,clothes,0.9841269841269842,0,0.015873015873015817,0.5761358687763111
1320,Box,shoes,3,4,shoe,0.7573696145124716,0,0.24263038548752835,0.029194508614422358
1382,Box,store things,1,1,store,0.9591836734693877,0,0.04081632653061229,0.3031182931448047
1382,Box,carry things,1,1,carry,0.9863945578231292,0,0.013605442176870763,0.6179473247733704
1382,Box,house for a cat,3,3,house cat,0.9841269841269842,0,0.015873015873015817,0.5761358687763111
1382,Box,fort,3,3,fort,0.981859410430839,0,0.01814058956916098,0.5384287418916341
1382,Box,cardboard robot,4,3,cardboard robot,0.9795918367346939,0,0.020408163265306145,0.5043058181054397
1382,Box,halloween costume,4,3,halloween costume,0.981859410430839,0,0.01814058956916098,0.5384287418916341
1382,Box,shoe,3,2,shoe,0.7573696145124716,0,0.24263038548752835,0.029194508614422358
1458,Box,store objects,1,1,store object,0.9591836734693877,0,0.04081632653061229,0.3031182931448047
1458,Box,use as shelter,3,2,shelter,0.7573696145124716,0,0.24263038548752835,0.029194508614422358
1458,Box,create artwork,3,3,create artwork,0.9954648526077098,0,0.0045351473922902175,0.8405954331110267
1458,Box,cover floor for protection,3,3,cover floor protection,0.9841269841269842,0,0.015873015873015817,0.5761358687763111
1559,Box,stepping stool,2,2,stepping stool,0.9863945578231292,0,0.013605442176870763,0.6179473247733704
1559,Box,store supplies,1,1,store supply,0.9954648526077098,0,0.0045351473922902175,0.8405954331110267
1559,Box,prop open a door,2,3,prop open door,0.9909297052154195,0,0.009070294784580546,0.7164761403030481
1559,Box,to prop a phone up,2,3,prop phone,0.9977324263038548,1,0.0022675736961451642,0.9151142710602704
1559,Box,to make a table,3,3,table,0.9863945578231292,0,0.013605442176870763,0.6179473247733704
1559,Box,to stack,2,2,stack,0.9909297052154195,0,0.009070294784580546,0.7164761403030481
1559,Box,to reach something higher,2,2,reach higher,0.9954648526077098,0,0.0045351473922902175,0.8405954331110267
1559,Box,to organize things,1,1,organize,0.9954648526077098,0,0.0045351473922902175,0.8405954331110267
1347,Box,To ship an object,2,1,ship object,0.9886621315192744,0,0.0113378684807256,0.6644811245007368
1347,Box,to sled down a hill,2,4,sled hill,0.9931972789115646,0,0.006802721088435382,0.7748216142565169
1347,Box,to build a house,2,2,build house,0.9841269841269842,0,0.015873015873015817,0.5761358687763111
1347,Box,to play pretend,3,3,play pretend,0.9954648526077098,0,0.0045351473922902175,0.8405954331110267
1347,Box,to sit inside,2,3,sit inside,0.9977324263038548,1,0.0022675736961451642,0.9151142710602704
1347,Box,to decorate,3,3,decorate,0.9954648526077098,0,0.0045351473922902175,0.8405954331110267
1417,Box,Store clothes,1,1,store clothes,0.9591836734693877,0,0.04081632653061229,0.3031182931448047
1417,Box,table,3,2,table,0.9863945578231292,0,0.013605442176870763,0.6179473247733704
1417,Box,house,3,3,house,0.9841269841269842,0,0.015873015873015817,0.5761358687763111
1417,Box,toy for dogs,3,3,toy dog,0.7573696145124716,0,0.24263038548752835,0.029194508614422358
1547,Box,holding something,1,3,holding,0.9773242630385488,0,0.0226757369614512,0.4733268269888369
1547,Box,mailing something,2,1,mailing,0.7573696145124716,0,0.24263038548752835,0.029194508614422358
1547,Box,dragging something,2,2,dragging,0.7573696145124716,0,0.24263038548752835,0.029194508614422358
1547,Box,storage,1,1,storage,0.9591836734693877,0,0.04081632653061229,0.3031182931448047
1547,Box,shelter,2,2,shelter,0.7573696145124716,0,0.24263038548752835,0.029194508614422358
1547,Box,height,3,2,height,0.9977324263038548,1,0.0022675736961451642,0.9151142710602704
1547,Box,protecting something,3,3,protecting,0.7573696145124716,0,0.24263038548752835,0.029194508614422358
1563,Box,to put stuff in,1,1,stuff,0.9773242630385488,0,0.0226757369614512,0.4733268269888369
1563,Box,to cut into small pieces,2,3,cut small piece,0.9931972789115646,0,0.006802721088435382,0.7748216142565169
1563,Box,to ship things to other people,2,1,ship people,0.9977324263038548,1,0.0022675736961451642,0.9151142710602704
1507,Box,holding stuff,1,2,holding stuff,0.9773242630385488,0,0.0226757369614512,0.4733268269888369
1507,Box,sitting on it,2,3,sitting,0.7573696145124716,0,0.24263038548752835,0.029194508614422358
1507,Box,covering up something,2,2,covering,0.9886621315192744,0,0.0113378684807256,0.6644811245007368
1507,Box,mailing something,2,1,mailing,0.7573696145124716,0,0.24263038548752835,0.029194508614422358
1507,Box,hiding,4,2,hiding,0.7573696145124716,0,0.24263038548752835,0.029194508614422358
1366,Box,to store things,1,2,store,0.9591836734693877,0,0.04081632653061229,0.3031182931448047
1366,Box,to throw away,2,4,throw away,0.7573696145124716,0,0.24263038548752835,0.029194508614422358
1366,Box,to transport a pet,3,2,transport pet,0.9863945578231292,0,0.013605442176870763,0.6179473247733704
1366,Box,to carry food,2,2,carry food,0.9863945578231292,0,0.013605442176870763,0.6179473247733704
1366,Box,to use as a stepping stool,2,2,stepping stool,0.9863945578231292,0,0.013605442176870763,0.6179473247733704
1413,Box,store items,1,1,store item,0.9750566893424036,0,0.024943310657596363,0.4451170806621793
1413,Box,transport items,2,1,transport item,0.9750566893424036,0,0.024943310657596363,0.4451170806621793
1413,Box,squash bug,3,3,squash bug,0.9954648526077098,0,0.0045351473922902175,0.8405954331110267
1413,Box,prop up item,2,2,prop item,0.9909297052154195,0,0.009070294784580546,0.7164761403030481
1500,Box,spaceship,5,4,spaceship,0.7573696145124716,0,0.24263038548752835,0.029194508614422358
1500,Box,package,2,1,package,0.9795918367346939,0,0.020408163265306145,0.5043058181054397
1500,Box,use cardboard to make sign,3,3,cardboard sign,0.9795918367346939,0,0.020408163265306145,0.5043058181054397
1500,Box,blanket,4,4,blanket,0.7573696145124716,0,0.24263038548752835,0.029194508614422358
1500,Box,mat to sleep on,3,4,mat sleep,0.9909297052154195,0,0.009070294784580546,0.7164761403030481
1500,Box,to carry things,1,2,carry,0.9863945578231292,0,0.013605442176870763,0.6179473247733704
1453,Box,hold things,1,1,hold,0.9682539682539683,0,0.031746031746031744,0.37411631633518716
1453,Box,hide things,2,2,hide,0.9727891156462585,0,0.027210884353741527,0.4193560907450171
1453,Box,ramp,3,4,ramp,0.7573696145124716,0,0.24263038548752835,0.029194508614422358
1514,Box,storage,1,1,storage,0.9591836734693877,0,0.04081632653061229,0.3031182931448047
1514,Box,play car,4,3,play car,0.9727891156462585,0,0.027210884353741527,0.4193560907450171
1514,Box,shield,5,4,shield,0.7573696145124716,0,0.24263038548752835,0.029194508614422358
1514,Box,hiding spot,4,2,hiding spot,0.7573696145124716,0,0.24263038548752835,0.029194508614422358
1514,Box,shipping package,2,1,shipping package,0.9795918367346939,0,0.020408163265306145,0.5043058181054397
1514,Box,garbage bin,2,3,garbage bin,0.7573696145124716,0,0.24263038548752835,0.029194508614422358
1449,Box,build forts,3,3,build fort,0.9795918367346939,0,0.020408163265306145,0.5043058181054397
1449,Box,store things,1,1,store,0.9591836734693877,0,0.04081632653061229,0.3031182931448047
1449,Box,box jump for working out,3,4,box jump working,0.7573696145124716,0,0.24263038548752835,0.029194508614422358
1449,Box,steps,3,5,step,0.981859410430839,0,0.01814058956916098,0.5384287418916341
1449,Box,lift for weights,3,3,lift weight,0.7573696145124716,0,0.24263038548752835,0.029194508614422358
1449,Box,table,3,3,table,0.9863945578231292,0,0.013605442176870763,0.6179473247733704
1449,Box,chair,3,3,chair,0.7573696145124716,0,0.24263038548752835,0.029194508614422358
1449,Box,plate,3,3,plate,0.7573696145124716,0,0.24263038548752835,0.029194508614422358
1506,Box,cat home,3,2,cat home,0.9727891156462585,0,0.027210884353741527,0.4193560907450171
1506,Box,space ship,5,3,space ship,0.9886621315192744,0,0.0113378684807256,0.6644811245007368
1506,Box,use to send things in,2,1,send,0.9954648526077098,0,0.0045351473922902175,0.8405954331110267
1506,Box,wrap gifts in it,2,2,wrap gift,0.9954648526077098,0,0.0045351473922902175,0.8405954331110267
1506,Box,pretend its a train,4,3,pretend train,0.9954648526077098,0,0.0045351473922902175,0.8405954331110267
1551,Box,to store items in,1,2,store item,0.9750566893424036,0,0.024943310657596363,0.4451170806621793
1551,Box,to stack in order to make a play fort,2,2,stack order play fort,0.9909297052154195,0,0.009070294784580546,0.7164761403030481
1551,Box,to disassemble and put in the recycling,2,2,disassemble recycling,0.7573696145124716,0,0.24263038548752835,0.029194508614422358
1511,Box,packaging something to ship,2,1,packaging ship,0.9886621315192744,0,0.0113378684807256,0.6644811245007368
1511,Box,storing something,1,1,storing,0.9909297052154195,0,0.009070294784580546,0.7164761403030481
1511,Box,as a plaything for a cat,3,3,plaything cat,0.9727891156462585,0,0.027210884353741527,0.4193560907450171
1511,Box,held over the head as protection from rain,3,3,held head protection rain,0.9841269841269842,0,0.015873015873015817,0.5761358687763111
1511,Box,broken down for spare cardboard,3,2,broken spare cardboard,0.9795918367346939,0,0.020408163265306145,0.5043058181054397
1511,Box,drawn on with markers for a fun activity,3,3,drawn marker fun activity,0.9977324263038548,1,0.0022675736961451642,0.9151142710602704
1513,Box,store items,1,2,store item,0.9750566893424036,0,0.024943310657596363,0.4451170806621793
1513,Box,cardboard can be used to make other things,3,3,cardboard,0.9795918367346939,0,0.020408163265306145,0.5043058181054397
1513,Box,transport items,2,1,transport item,0.9750566893424036,0,0.024943310657596363,0.4451170806621793
1513,Box,can be used for large or small items,2,2,large small item,0.9750566893424036,0,0.024943310657596363,0.4451170806621793
1513,Box,keeps things organized,1,2,keep organized,0.7573696145124716,0,0.24263038548752835,0.029194508614422358
1513,Box,allows for mass shipping of,2,1,allows mass shipping,0.9795918367346939,0,0.020408163265306145,0.5043058181054397
1518,Box,hold something,1,2,hold,0.9682539682539683,0,0.031746031746031744,0.37411631633518716
1518,Box,stand on it,2,3,stand,0.9773242630385488,0,0.0226757369614512,0.4733268269888369
1518,Box,make a fort,3,3,fort,0.981859410430839,0,0.01814058956916098,0.5384287418916341
1518,Box,cover something,3,2,cover,0.9841269841269842,0,0.015873015873015817,0.5761358687763111
1518,Box,trap something,3,3,trap,0.9909297052154195,0,0.009070294784580546,0.7164761403030481
1450,Box,storage,1,1,storage,0.9591836734693877,0,0.04081632653061229,0.3031182931448047
1450,Box,mail,2,1,mail,0.7573696145124716,0,0.24263038548752835,0.029194508614422358
1450,Box,moving,2,1,moving,0.9841269841269842,0,0.015873015873015817,0.5761358687763111
1461,Box,put things inside,2,1,inside,0.9909297052154195,0,0.009070294784580546,0.7164761403030481
1461,Box,you physically enter it,2,3,physically enter,0.7573696145124716,0,0.24263038548752835,0.029194508614422358
1461,Box,used to cover things,2,3,cover,0.9841269841269842,0,0.015873015873015817,0.5761358687763111
1461,Box,used as stepping stool,2,2,stepping stool,0.9863945578231292,0,0.013605442176870763,0.6179473247733704
1461,Box,used as canvas fro art,3,3,canvas fro art,0.9863945578231292,0,0.013605442176870763,0.6179473247733704
1461,Box,cut up and use as clothing,4,4,cut clothing,0.9931972789115646,0,0.006802721088435382,0.7748216142565169
1461,Box,make it a hat,3,3,hat,0.9841269841269842,0,0.015873015873015817,0.5761358687763111
1461,Box,make pet bed out of it,3,3,pet bed,0.9863945578231292,0,0.013605442176870763,0.6179473247733704
1461,Box,storage,1,1,storage,0.9591836734693877,0,0.04081632653061229,0.3031182931448047
1330,Box,table,3,3,table,0.9863945578231292,0,0.013605442176870763,0.6179473247733704
1330,Box,chair,3,3,chair,0.7573696145124716,0,0.24263038548752835,0.029194508614422358
1330,Box,hold things,1,1,hold,0.9682539682539683,0,0.031746031746031744,0.37411631633518716
1330,Box,mail things,2,1,mail,0.7573696145124716,0,0.24263038548752835,0.029194508614422358
1330,Box,bird house,3,4,bird house,0.9841269841269842,0,0.015873015873015817,0.5761358687763111
1330,Box,valentine's collector,3,4,valentine collector,0.7573696145124716,0,0.24263038548752835,0.029194508614422358
1497,Box,store things,1,1,store,0.9591836734693877,0,0.04081632653061229,0.3031182931448047
1497,Box,prop things up,2,2,prop,0.9909297052154195,0,0.009070294784580546,0.7164761403030481
1497,Box,make a costume,4,3,costume,0.981859410430839,0,0.01814058956916098,0.5384287418916341
1407,Box,can be used as a toy,3,3,toy,0.7573696145124716,0,0.24263038548752835,0.029194508614422358
1407,Box,can be used as a stool,2,2,stool,0.981859410430839,0,0.01814058956916098,0.5384287418916341
1425,Box,block off an area,3,4,block area,0.7573696145124716,0,0.24263038548752835,0.029194508614422358
1425,Box,trap an animal under,3,3,trap animal,0.9909297052154195,0,0.009070294784580546,0.7164761403030481
1425,Box,stand on (if full),2,2,stand,0.9773242630385488,0,0.0226757369614512,0.4733268269888369
1464,Box,Moving,2,2,moving,0.9841269841269842,0,0.015873015873015817,0.5761358687763111
1464,Box,packing food,2,2,packing food,0.9909297052154195,0,0.009070294784580546,0.7164761403030481
1464,Box,delivering goods by mail,2,1,delivering good mail,0.7573696145124716,0,0.24263038548752835,0.029194508614422358
1464,Box,storing goods,1,2,storing good,0.9909297052154195,0,0.009070294784580546,0.7164761403030481
1543,Box,make a fort,3,3,fort,0.981859410430839,0,0.01814058956916098,0.5384287418916341
1543,Box,make a costume,4,3,costume,0.981859410430839,0,0.01814058956916098,0.5384287418916341
1543,Box,use for fire starter,4,3,fire starter,0.9954648526077098,0,0.0045351473922902175,0.8405954331110267
1543,Box,use as target for target practice,5,4,target target practice,0.7573696145124716,0,0.24263038548752835,0.029194508614422358
1543,Box,use to trap animals,3,3,trap animal,0.9909297052154195,0,0.009070294784580546,0.7164761403030481
1543,Box,eat food off of it,4,3,eat food,0.9909297052154195,0,0.009070294784580546,0.7164761403030481
1543,Box,use as drum,4,4,drum,0.9954648526077098,0,0.0045351473922902175,0.8405954331110267
1543,Box,cover a broken window with it,3,4,cover broken window,0.9841269841269842,0,0.015873015873015817,0.5761358687763111
1543,Box,use as sled,2,3,sled,0.9931972789115646,0,0.006802721088435382,0.7748216142565169
1598,Box,transporting,2,2,transporting,0.7573696145124716,0,0.24263038548752835,0.029194508614422358
1598,Box,collecting water,2,3,collecting water,0.7573696145124716,0,0.24263038548752835,0.029194508614422358
1598,Box,toy,4,3,toy,0.7573696145124716,0,0.24263038548752835,0.029194508614422358
1334,Box,fold,2,2,fold,0.7573696145124716,0,0.24263038548752835,0.029194508614422358
1334,Box,pack,2,2,pack,0.9773242630385488,0,0.0226757369614512,0.4733268269888369
1334,Box,fit,2,2,fit,0.9977324263038548,1,0.0022675736961451642,0.9151142710602704
1334,Box,float,2,4,float,0.7573696145124716,0,0.24263038548752835,0.029194508614422358
1334,Box,sleep,3,3,sleep,0.9909297052154195,0,0.009070294784580546,0.7164761403030481
1334,Box,plate,3,3,plate,0.7573696145124716,0,0.24263038548752835,0.029194508614422358
1334,Box,office,3,4,office,0.7573696145124716,0,0.24263038548752835,0.029194508614422358
1334,Box,hold,1,2,hold,0.9682539682539683,0,0.031746031746031744,0.37411631633518716
1362,Box,hold supplies,1,1,hold supply,0.9682539682539683,0,0.031746031746031744,0.37411631633518716
1362,Box,use as a stepping stool,2,2,stepping stool,0.9863945578231292,0,0.013605442176870763,0.6179473247733704
1362,Box,insulation,2,3,insulation,0.7573696145124716,0,0.24263038548752835,0.029194508614422358
1352,Box,store things when moving,2,2,store moving,0.9841269841269842,0,0.015873015873015817,0.5761358687763111
1352,Box,to hold presents,2,2,hold present,0.9682539682539683,0,0.031746031746031744,0.37411631633518716
1367,Box,to contain/store items,1,1,contain store item,0.9750566893424036,0,0.024943310657596363,0.4451170806621793
1367,Box,to use as a table,3,3,table,0.9863945578231292,0,0.013605442176870763,0.6179473247733704
1367,Box,to use as a step,2,3,step,0.981859410430839,0,0.01814058956916098,0.5384287418916341
1621,Box,use it to store,1,1,store,0.9591836734693877,0,0.04081632653061229,0.3031182931448047
1621,Box,use it for moving,2,1,moving,0.9841269841269842,0,0.015873015873015817,0.5761358687763111
1621,Box,stand on it,2,2,stand,0.9773242630385488,0,0.0226757369614512,0.4733268269888369
1621,Box,hide in it,4,3,hide,0.9727891156462585,0,0.027210884353741527,0.4193560907450171
1466,Box,package something,2,1,package,0.9795918367346939,0,0.020408163265306145,0.5043058181054397
1466,Box,hide in,4,3,hide,0.9727891156462585,0,0.027210884353741527,0.4193560907450171
1466,Box,give a present,2,2,present,0.9886621315192744,0,0.0113378684807256,0.6644811245007368
1466,Box,draw straight lines,5,4,draw straight line,0.9886621315192744,0,0.0113378684807256,0.6644811245007368
1466,Box,storage,1,1,storage,0.9591836734693877,0,0.04081632653061229,0.3031182931448047
1587,Box,fort,3,3,fort,0.981859410430839,0,0.01814058956916098,0.5384287418916341
1587,Box,ship something,2,1,ship,0.9841269841269842,0,0.015873015873015817,0.5761358687763111
1587,Box,turn it into armor,4,4,turn armor,0.7573696145124716,0,0.24263038548752835,0.029194508614422358
1587,Box,hold things,1,1,hold,0.9682539682539683,0,0.031746031746031744,0.37411631633518716
1587,Box,throw it back and forth with someone,3,4,throw forth,0.7573696145124716,0,0.24263038548752835,0.029194508614422358
1527,Box,Store things,1,2,store,0.9591836734693877,0,0.04081632653061229,0.3031182931448047
1527,Box,build a fort,3,2,build fort,0.9795918367346939,0,0.020408163265306145,0.5043058181054397
1527,Box,stand on,2,2,stand,0.9773242630385488,0,0.0226757369614512,0.4733268269888369
1372,Box,Make a fort,3,2,fort,0.981859410430839,0,0.01814058956916098,0.5384287418916341
1372,Box,play with you cat in it,3,3,play cat,0.9727891156462585,0,0.027210884353741527,0.4193560907450171
1372,Box,trap unwanted bugs or animals,3,3,trap unwanted bug animal,0.9954648526077098,0,0.0045351473922902175,0.8405954331110267
1525,Box,cut it open and use it as a floor mat,2,4,cut open floor mat,0.9909297052154195,0,0.009070294784580546,0.7164761403030481
1525,Box,use it as a support to put things on,2,3,support,0.9931972789115646,0,0.006802721088435382,0.7748216142565169
1525,Box,let a cat play in it,3,3,let cat play,0.9727891156462585,0,0.027210884353741527,0.4193560907450171
1525,Box,return things,2,1,return,0.7573696145124716,0,0.24263038548752835,0.029194508614422358
