id,item,response,novelty_1,novelty_2,response_processed,cluster_freq,originality,freq,t_freq
1159,Shoe,wear on feet,1,1,wear foot,0.9678217821782178,0,0.03217821782178221,0.3701916098127447
1159,Shoe,to put stuff in,3,3,stuff,0.7722772277227723,0,0.2277227722772277,0.03241283549556592
1159,Shoe,to workout in,1,1,workout,0.7722772277227723,0,0.2277227722772277,0.03241283549556592
1159,Shoe,to use as a bug killer,2,3,bug killer,0.9925742574257426,0,0.007425742574257432,0.7581004756242566
1159,Shoe,to use as a decoration,3,4,decoration,0.9900990099009901,0,0.00990099009900991,0.6967420258179085
1104,Shoe,putting on your feet,1,1,putting foot,0.9554455445544554,0,0.044554455445544594,0.2796250102793233
1104,Shoe,hitting a bug,2,3,hitting bug,0.9975247524752475,1,0.0024752475247524774,0.9078853684585262
1104,Shoe,dog toy,3,3,dog toy,0.9925742574257426,0,0.007425742574257432,0.7581004756242566
1093,Shoe,killing a bug,2,3,killing bug,0.9851485148514851,0,0.014851485148514865,0.594429229065905
1093,Shoe,wearing on a foot,1,1,wearing foot,0.9554455445544554,0,0.044554455445544594,0.2796250102793233
1093,Shoe,throwing over a power line,4,3,throwing power line,0.9752475247524752,0,0.024752475247524774,0.4473926582167447
1093,Shoe,selling,3,4,selling,0.7722772277227723,0,0.2277227722772277,0.03241283549556592
1093,Shoe,throwing,2,3,throwing,0.9752475247524752,0,0.024752475247524774,0.4473926582167447
1141,Shoe,to wear on foot,1,1,wear foot,0.9678217821782178,0,0.03217821782178221,0.3701916098127447
1141,Shoe,to use as a weight,3,4,weight,0.9851485148514851,0,0.014851485148514865,0.594429229065905
1141,Shoe,to store things in,3,3,store,0.9876237623762376,0,0.012376237623762387,0.6425422020660113
1141,Shoe,to throw at someone,2,3,throw,0.9727722772277227,0,0.027227722772277252,0.41917324128862565
1141,Shoe,to tie together and sling it on a wire,5,3,tie sling wire,0.9925742574257426,0,0.007425742574257432,0.7581004756242566
1176,Shoe,Running,1,1,running,0.9777227722772277,0,0.022277227722772297,0.47856070557327796
1176,Shoe,Swatting bugs,2,2,swatting bug,0.9777227722772277,0,0.022277227722772297,0.47856070557327796
1286,Shoe,walking,1,1,walking,0.9801980198019802,0,0.01980198019801982,0.5131029626276341
1286,Shoe,comfort,2,3,comfort,0.7722772277227723,0,0.2277227722772277,0.03241283549556592
1286,Shoe,style,2,2,style,0.9925742574257426,0,0.007425742574257432,0.7581004756242566
1258,Shoe,to wear when going outside,1,1,wear going outside,0.9529702970297029,0,0.04702970297029707,0.2655403998334025
1258,Shoe,to store socks in after a run,3,3,store sock run,0.9826732673267327,0,0.017326732673267342,0.5515246539792384
1258,Shoe,to squash bugs inside the house,2,2,squash bug inside house,0.9777227722772277,0,0.022277227722772297,0.47856070557327796
1258,Shoe,to put at the door when entering the house,2,3,door entering house,0.9826732673267327,0,0.017326732673267342,0.5515246539792384
1258,Shoe,wear house shoes around the house to keep my feet warm,1,2,wear house shoe house foot warm,0.9900990099009901,0,0.00990099009900991,0.6967420258179085
1221,Shoe,wear on feet,1,1,wear foot,0.9678217821782178,0,0.03217821782178221,0.3701916098127447
1221,Shoe,horseshoe for throwing,5,3,horseshoe throwing,0.9752475247524752,0,0.024752475247524774,0.4473926582167447
1221,Shoe,shoes to leave on porch to detract intruders,4,5,shoe leave porch detract intruder,0.9925742574257426,0,0.007425742574257432,0.7581004756242566
1205,Shoe,pillow,5,5,pillow,0.7722772277227723,0,0.2277227722772277,0.03241283549556592
1205,Shoe,door stop,3,4,door stop,0.9826732673267327,0,0.017326732673267342,0.5515246539792384
1205,Shoe,glove,4,5,glove,0.7722772277227723,0,0.2277227722772277,0.03241283549556592
1205,Shoe,place mark,4,4,place mark,0.9925742574257426,0,0.007425742574257432,0.7581004756242566
1205,Shoe,memorial,5,4,memorial,0.9975247524752475,1,0.0024752475247524774,0.9078853684585262
1205,Shoe,store,3,3,store,0.9876237623762376,0,0.012376237623762387,0.6425422020660113
1138,Shoe,to wear on your feet,1,1,wear foot,0.9678217821782178,0,0.03217821782178221,0.3701916098127447
1138,Shoe,to sell (for profit),3,4,sell profit,0.9851485148514851,0,0.014851485148514865,0.594429229065905
1138,Shoe,as a weapon,3,4,weapon,0.7722772277227723,0,0.2277227722772277,0.03241283549556592
1138,Shoe,as a doorstop,3,3,doorstop,0.7722772277227723,0,0.2277227722772277,0.03241283549556592
1186,Shoe,footwear,1,1,footwear,0.7722772277227723,0,0.2277227722772277,0.03241283549556592
1186,Shoe,shoe tower,5,5,shoe tower,0.9925742574257426,0,0.007425742574257432,0.7581004756242566
1186,Shoe,mouse home,5,5,mouse home,0.9900990099009901,0,0.00990099009900991,0.6967420258179085
1186,Shoe,bacteria grower,5,5,bacteria grower,0.9975247524752475,1,0.0024752475247524774,0.9078853684585262
1147,Shoe,wearing on feet,1,1,wearing foot,0.9554455445544554,0,0.044554455445544594,0.2796250102793233
1147,Shoe,paperweight,3,3,paperweight,0.995049504950495,0,0.004950495049504955,0.8279360441522602
1147,Shoe,dog toy,3,3,dog toy,0.9925742574257426,0,0.007425742574257432,0.7581004756242566
1094,Shoe,to protect feet,2,1,protect foot,0.9752475247524752,0,0.024752475247524774,0.4473926582167447
1094,Shoe,to smash bugs,2,2,smash bug,0.9777227722772277,0,0.022277227722772297,0.47856070557327796
1094,Shoe,to walk in,1,1,walk,0.9777227722772277,0,0.022277227722772297,0.47856070557327796
1162,Shoe,use it to walk,1,1,walk,0.9777227722772277,0,0.022277227722772297,0.47856070557327796
1162,Shoe,use it as a blunt object,3,4,blunt object,0.9876237623762376,0,0.012376237623762387,0.6425422020660113
1162,Shoe,use the lace to tie something,4,4,lace tie,0.9801980198019802,0,0.01980198019801982,0.5131029626276341
1102,Shoe,running,1,1,running,0.9777227722772277,0,0.022277227722772297,0.47856070557327796
1102,Shoe,hitting,3,3,hitting,0.9975247524752475,1,0.0024752475247524774,0.9078853684585262
1102,Shoe,kicking,2,2,kicking,0.9900990099009901,0,0.00990099009900991,0.6967420258179085
1102,Shoe,tying,2,2,tying,0.7722772277227723,0,0.2277227722772277,0.03241283549556592
1102,Shoe,phone prop,4,4,phone prop,0.9801980198019802,0,0.01980198019801982,0.5131029626276341
1102,Shoe,dog food bowl,4,4,dog food bowl,0.9975247524752475,1,0.0024752475247524774,0.9078853684585262
1174,Shoe,wear them,1,1,wear,0.9529702970297029,0,0.04702970297029707,0.2655403998334025
1174,Shoe,swat a fly,2,2,swat fly,0.7722772277227723,0,0.2277227722772277,0.03241283549556592
1174,Shoe,sell them,3,4,sell,0.9851485148514851,0,0.014851485148514865,0.594429229065905
1180,Shoe,wear,1,1,wear,0.9529702970297029,0,0.04702970297029707,0.2655403998334025
1180,Shoe,walk around,1,1,walk,0.9777227722772277,0,0.022277227722772297,0.47856070557327796
1180,Shoe,make an outfit look good,3,3,outfit look good,0.7722772277227723,0,0.2277227722772277,0.03241283549556592
1180,Shoe,kill a bug,2,2,kill bug,0.9628712871287128,0,0.03712871287128716,0.3293194731404956
1180,Shoe,run,1,1,run,0.9826732673267327,0,0.017326732673267342,0.5515246539792384
1180,Shoe,clean,3,4,clean,0.9876237623762376,0,0.012376237623762387,0.6425422020660113
1193,Shoe,to kill a bug,2,2,kill bug,0.9628712871287128,0,0.03712871287128716,0.3293194731404956
1193,Shoe,to walk in,1,1,walk,0.9777227722772277,0,0.022277227722772297,0.47856070557327796
1193,Shoe,to hold keys,4,4,hold key,0.9777227722772277,0,0.022277227722772297,0.47856070557327796
1193,Shoe,to change height,4,3,change height,0.995049504950495,0,0.004950495049504955,0.8279360441522602
1193,Shoe,to warm up your feet,2,3,warm foot,0.9554455445544554,0,0.044554455445544594,0.2796250102793233
1193,Shoe,to repel water,3,5,repel water,0.7722772277227723,0,0.2277227722772277,0.03241283549556592
1193,Shoe,to use as a weight,3,4,weight,0.9851485148514851,0,0.014851485148514865,0.594429229065905
1193,Shoe,to protect feet from incoming dangers,2,2,protect foot incoming danger,0.995049504950495,0,0.004950495049504955,0.8279360441522602
1209,Shoe,running/walking,1,1,running walking,0.995049504950495,0,0.004950495049504955,0.8279360441522602
1209,Shoe,killing bugs,2,2,killing bug,0.9851485148514851,0,0.014851485148514865,0.594429229065905
1209,Shoe,throwing at people,3,3,throwing people,0.9752475247524752,0,0.024752475247524774,0.4473926582167447
1209,Shoe,I saw a guy drink out of one once,4,2,saw guy drink,0.9876237623762376,0,0.012376237623762387,0.6425422020660113
1123,Shoe,walking,1,2,walking,0.9801980198019802,0,0.01980198019801982,0.5131029626276341
1123,Shoe,running,1,2,running,0.9777227722772277,0,0.022277227722772297,0.47856070557327796
1123,Shoe,fashion,3,2,fashion,0.9900990099009901,0,0.00990099009900991,0.6967420258179085
1123,Shoe,warmth,2,3,warmth,0.7722772277227723,0,0.2277227722772277,0.03241283549556592
1123,Shoe,protection,2,2,protection,0.9876237623762376,0,0.012376237623762387,0.6425422020660113
1123,Shoe,dancing,2,2,dancing,0.7722772277227723,0,0.2277227722772277,0.03241283549556592
1228,Shoe,wear on on feet,1,1,wear foot,0.9678217821782178,0,0.03217821782178221,0.3701916098127447
1228,Shoe,squish a bug,2,2,squish bug,0.9777227722772277,0,0.022277227722772297,0.47856070557327796
1228,Shoe,float down river,4,4,float river,0.7722772277227723,0,0.2277227722772277,0.03241283549556592
1195,Shoe,to throw,3,3,throw,0.9727722772277227,0,0.027227722772277252,0.41917324128862565
1195,Shoe,to run in,1,1,run,0.9826732673267327,0,0.017326732673267342,0.5515246539792384
1195,Shoe,to make mulch,4,5,mulch,0.9975247524752475,1,0.0024752475247524774,0.9078853684585262
1195,Shoe,to sell,3,3,sell,0.9851485148514851,0,0.014851485148514865,0.594429229065905
1192,Shoe,wear it,1,1,wear,0.9529702970297029,0,0.04702970297029707,0.2655403998334025
1192,Shoe,kill insects,2,2,kill insect,0.9925742574257426,0,0.007425742574257432,0.7581004756242566
1087,Shoe,make puppets out of it,4,5,puppet,0.7722772277227723,0,0.2277227722772277,0.03241283549556592
1087,Shoe,put on feet,1,1,foot,0.9554455445544554,0,0.044554455445544594,0.2796250102793233
1087,Shoe,hold liquid in them,4,3,hold liquid,0.9777227722772277,0,0.022277227722772297,0.47856070557327796
1087,Shoe,give them to dog as chew toy,3,3,dog chew toy,0.9900990099009901,0,0.00990099009900991,0.6967420258179085
1087,Shoe,fly killer,2,2,fly killer,0.9925742574257426,0,0.007425742574257432,0.7581004756242566
1133,Shoe,wear on foot,1,1,wear foot,0.9678217821782178,0,0.03217821782178221,0.3701916098127447
1133,Shoe,tie laces and hang on something,3,3,tie lace hang,0.9801980198019802,0,0.01980198019801982,0.5131029626276341
1133,Shoe,use as decoration,3,4,decoration,0.9900990099009901,0,0.00990099009900991,0.6967420258179085
1133,Shoe,hide something inside,3,3,hide inside,0.9876237623762376,0,0.012376237623762387,0.6425422020660113
1133,Shoe,decorate the outside with paint,4,2,decorate outside paint,0.9925742574257426,0,0.007425742574257432,0.7581004756242566
1133,Shoe,kill a bug,2,2,kill bug,0.9628712871287128,0,0.03712871287128716,0.3293194731404956
1230,Shoe,wear it,1,1,wear,0.9529702970297029,0,0.04702970297029707,0.2655403998334025
1230,Shoe,provide warmth,2,2,provide warmth,0.7722772277227723,0,0.2277227722772277,0.03241283549556592
1230,Shoe,use it as a cup,4,4,cup,0.9900990099009901,0,0.00990099009900991,0.6967420258179085
1230,Shoe,use it as a flower pot,3,4,flower pot,0.9925742574257426,0,0.007425742574257432,0.7581004756242566
1230,Shoe,use the rubber for wood chips,5,5,rubber wood chip,0.7722772277227723,0,0.2277227722772277,0.03241283549556592
1230,Shoe,use the laces as rope,4,5,lace rope,0.9801980198019802,0,0.01980198019801982,0.5131029626276341
1230,Shoe,trip wire with laces tied together,4,4,trip wire lace tied,0.9801980198019802,0,0.01980198019801982,0.5131029626276341
1129,Shoe,wear on your feet,1,1,wear foot,0.9678217821782178,0,0.03217821782178221,0.3701916098127447
1129,Shoe,kill a bug,2,2,kill bug,0.9628712871287128,0,0.03712871287128716,0.3293194731404956
1163,Shoe,to wear,1,1,wear,0.9529702970297029,0,0.04702970297029707,0.2655403998334025
1163,Shoe,to dance,2,2,dance,0.7722772277227723,0,0.2277227722772277,0.03241283549556592
1163,Shoe,to walk,1,1,walk,0.9777227722772277,0,0.022277227722772297,0.47856070557327796
1194,Shoe,wear it,1,1,wear,0.9529702970297029,0,0.04702970297029707,0.2655403998334025
1194,Shoe,use it to break open a window,3,4,break open window,0.9777227722772277,0,0.022277227722772297,0.47856070557327796
1194,Shoe,kill a bug,2,2,kill bug,0.9628712871287128,0,0.03712871287128716,0.3293194731404956
1194,Shoe,fill it up with things,3,3,fill,0.9925742574257426,0,0.007425742574257432,0.7581004756242566
1226,Shoe,To wear on the feet,1,1,wear foot,0.9678217821782178,0,0.03217821782178221,0.3701916098127447
1226,Shoe,as a projectile,3,5,projectile,0.7722772277227723,0,0.2277227722772277,0.03241283549556592
1226,Shoe,to use the laces as a belt,3,4,lace belt,0.9801980198019802,0,0.01980198019801982,0.5131029626276341
1226,Shoe,to use as a doorstop,3,3,doorstop,0.7722772277227723,0,0.2277227722772277,0.03241283549556592
1226,Shoe,to use as a house for pet mice,4,4,house pet mouse,0.9900990099009901,0,0.00990099009900991,0.6967420258179085
1226,Shoe,to use as an air freshener,4,4,air freshener,0.995049504950495,0,0.004950495049504955,0.8279360441522602
1121,Shoe,protect feet,2,1,protect foot,0.9752475247524752,0,0.024752475247524774,0.4473926582167447
1121,Shoe,squash bug,2,2,squash bug,0.9777227722772277,0,0.022277227722772297,0.47856070557327796
1121,Shoe,hit someone,3,3,hit,0.7722772277227723,0,0.2277227722772277,0.03241283549556592
1121,Shoe,resell to profit,3,4,resell profit,0.9851485148514851,0,0.014851485148514865,0.594429229065905
1121,Shoe,match with outfit,3,2,match outfit,0.7722772277227723,0,0.2277227722772277,0.03241283549556592
1118,Shoe,to protect feet,2,1,protect foot,0.9752475247524752,0,0.024752475247524774,0.4473926582167447
1118,Shoe,to hang on a telephone line,4,2,hang telephone line,0.9975247524752475,1,0.0024752475247524774,0.9078853684585262
1118,Shoe,for walking/running,1,1,walking running,0.995049504950495,0,0.004950495049504955,0.8279360441522602
1373,Shoe,paper weight,3,3,paper weight,0.9851485148514851,0,0.014851485148514865,0.594429229065905
1373,Shoe,weapon,3,3,weapon,0.7722772277227723,0,0.2277227722772277,0.03241283549556592
1373,Shoe,wear,1,1,wear,0.9529702970297029,0,0.04702970297029707,0.2655403998334025
1373,Shoe,pot a plant inside,3,4,pot plant inside,0.9876237623762376,0,0.012376237623762387,0.6425422020660113
1373,Shoe,symbol,5,5,symbol,0.995049504950495,0,0.004950495049504955,0.8279360441522602
1533,Shoe,to wear,1,1,wear,0.9529702970297029,0,0.04702970297029707,0.2655403998334025
1533,Shoe,to hold open a door,3,3,hold open door,0.9777227722772277,0,0.022277227722772297,0.47856070557327796
1533,Shoe,to kill a spider,2,2,kill spider,0.9925742574257426,0,0.007425742574257432,0.7581004756242566
1533,Shoe,to display,3,4,display,0.7722772277227723,0,0.2277227722772277,0.03241283549556592
1488,Shoe,put on feet for protection,2,1,foot protection,0.9876237623762376,0,0.012376237623762387,0.6425422020660113
1488,Shoe,use as container for things,3,3,container,0.7722772277227723,0,0.2277227722772277,0.03241283549556592
1488,Shoe,use as part of art project,3,4,art project,0.7722772277227723,0,0.2277227722772277,0.03241283549556592
1488,Shoe,drink out of (would have to be a VERY clean shoe,4,4,drink clean shoe,0.9876237623762376,0,0.012376237623762387,0.6425422020660113
1460,Shoe,protect feet,2,1,protect foot,0.9752475247524752,0,0.024752475247524774,0.4473926582167447
1460,Shoe,style/showing off,3,2,style showing,0.9925742574257426,0,0.007425742574257432,0.7581004756242566
1460,Shoe,killing bugs,2,2,killing bug,0.9851485148514851,0,0.014851485148514865,0.594429229065905
1460,Shoe,self defense/weapon,3,3,self defense weapon,0.7722772277227723,0,0.2277227722772277,0.03241283549556592
1460,Shoe,gain height,4,3,gain height,0.995049504950495,0,0.004950495049504955,0.8279360441522602
1503,Shoe,protect feet,2,1,protect foot,0.9752475247524752,0,0.024752475247524774,0.4473926582167447
1503,Shoe,throw at something,3,2,throw,0.9727722772277227,0,0.027227722772277252,0.41917324128862565
1503,Shoe,chew toy for a dog,3,2,chew toy dog,0.9900990099009901,0,0.00990099009900991,0.6967420258179085
1503,Shoe,contain liquid,4,3,contain liquid,0.7722772277227723,0,0.2277227722772277,0.03241283549556592
1603,Shoe,protection,2,2,protection,0.9876237623762376,0,0.012376237623762387,0.6425422020660113
1603,Shoe,bug killer,2,2,bug killer,0.9925742574257426,0,0.007425742574257432,0.7581004756242566
1603,Shoe,foot warmer,2,3,foot warmer,0.9975247524752475,1,0.0024752475247524774,0.9078853684585262
1603,Shoe,keeps foot dry,2,3,keep foot dry,0.9554455445544554,0,0.044554455445544594,0.2796250102793233
1328,Shoe,to put on your feet,1,1,foot,0.9554455445544554,0,0.044554455445544594,0.2796250102793233
1328,Shoe,to use as self defense,3,3,self defense,0.7722772277227723,0,0.2277227722772277,0.03241283549556592
1328,Shoe,to kill a bug,2,2,kill bug,0.9628712871287128,0,0.03712871287128716,0.3293194731404956
1328,Shoe,to kick a ball,2,2,kick ball,0.995049504950495,0,0.004950495049504955,0.8279360441522602
1328,Shoe,to walk,1,1,walk,0.9777227722772277,0,0.022277227722772297,0.47856070557327796
1328,Shoe,to run,1,1,run,0.9826732673267327,0,0.017326732673267342,0.5515246539792384
1472,Shoe,to wear,1,1,wear,0.9529702970297029,0,0.04702970297029707,0.2655403998334025
1472,Shoe,to tear,3,3,tear,0.9975247524752475,1,0.0024752475247524774,0.9078853684585262
1472,Shoe,to run,1,1,run,0.9826732673267327,0,0.017326732673267342,0.5515246539792384
1472,Shoe,to throw,3,2,throw,0.9727722772277227,0,0.027227722772277252,0.41917324128862565
1472,Shoe,to stop a leak,4,4,stop leak,0.9826732673267327,0,0.017326732673267342,0.5515246539792384
1472,Shoe,to kick,1,2,kick,0.995049504950495,0,0.004950495049504955,0.8279360441522602
1614,Shoe,wearing it,1,1,wearing,0.9900990099009901,0,0.00990099009900991,0.6967420258179085
1614,Shoe,turning it into a mouse home,5,4,turning mouse home,0.9900990099009901,0,0.00990099009900991,0.6967420258179085
1320,Shoe,put on my feet,1,1,foot,0.9554455445544554,0,0.044554455445544594,0.2796250102793233
1320,Shoe,gloves,4,4,glove,0.7722772277227723,0,0.2277227722772277,0.03241283549556592
1320,Shoe,storage,3,4,storage,0.7722772277227723,0,0.2277227722772277,0.03241283549556592
1320,Shoe,a hat,4,5,hat,0.7722772277227723,0,0.2277227722772277,0.03241283549556592
1320,Shoe,house for a small animal,4,4,house small animal,0.995049504950495,0,0.004950495049504955,0.8279360441522602
1320,Shoe,a cup,5,2,cup,0.9900990099009901,0,0.00990099009900991,0.6967420258179085
1320,Shoe,spoon,5,5,spoon,0.7722772277227723,0,0.2277227722772277,0.03241283549556592
1320,Shoe,shovel,5,4,shovel,0.7722772277227723,0,0.2277227722772277,0.03241283549556592
1463,Shoe,foot protection,2,2,foot protection,0.9876237623762376,0,0.012376237623762387,0.6425422020660113
1463,Shoe,stomp dirt,3,2,stomp dirt,0.9925742574257426,0,0.007425742574257432,0.7581004756242566
1463,Shoe,dig,4,4,dig,0.7722772277227723,0,0.2277227722772277,0.03241283549556592
1463,Shoe,protect hands,4,4,protect hand,0.995049504950495,0,0.004950495049504955,0.8279360441522602
1442,Shoe,wear,1,1,wear,0.9529702970297029,0,0.04702970297029707,0.2655403998334025
1442,Shoe,take the laces out of and use to tie things,3,4,lace tie,0.9801980198019802,0,0.01980198019801982,0.5131029626276341
1442,Shoe,tie to a tree,3,3,tie tree,0.9925742574257426,0,0.007425742574257432,0.7581004756242566
1442,Shoe,throw,3,2,throw,0.9727722772277227,0,0.027227722772277252,0.41917324128862565
1442,Shoe,fill with dirt,3,4,fill dirt,0.9925742574257426,0,0.007425742574257432,0.7581004756242566
1442,Shoe,sell,3,3,sell,0.9851485148514851,0,0.014851485148514865,0.594429229065905
1442,Shoe,spray paint,2,3,spray paint,0.9925742574257426,0,0.007425742574257432,0.7581004756242566
1442,Shoe,wash,2,2,wash,0.7722772277227723,0,0.2277227722772277,0.03241283549556592
1413,Shoe,wear on your feet,1,1,wear foot,0.9678217821782178,0,0.03217821782178221,0.3701916098127447
1413,Shoe,store objects,3,3,store object,0.9876237623762376,0,0.012376237623762387,0.6425422020660113
1413,Shoe,kill a bug,2,2,kill bug,0.9628712871287128,0,0.03712871287128716,0.3293194731404956
1413,Shoe,throw at something,3,2,throw,0.9727722772277227,0,0.027227722772277252,0.41917324128862565
1413,Shoe,prop up an object,3,3,prop object,0.9876237623762376,0,0.012376237623762387,0.6425422020660113
1507,Shoe,covering your feet,1,1,covering foot,0.9554455445544554,0,0.044554455445544594,0.2796250102793233
1507,Shoe,hiding something,3,3,hiding,0.995049504950495,0,0.004950495049504955,0.8279360441522602
1507,Shoe,throwing it at someone,3,2,throwing,0.9752475247524752,0,0.024752475247524774,0.4473926582167447
1507,Shoe,making noise,3,3,making noise,0.7722772277227723,0,0.2277227722772277,0.03241283549556592
1563,Shoe,to put on your feet,1,1,foot,0.9554455445544554,0,0.044554455445544594,0.2796250102793233
1563,Shoe,to hold a door open,3,2,hold door open,0.9777227722772277,0,0.022277227722772297,0.47856070557327796
1563,Shoe,to grow plants in,4,4,grow plant,0.9876237623762376,0,0.012376237623762387,0.6425422020660113
1563,Shoe,to use as a bottle opener,5,4,bottle opener,0.7722772277227723,0,0.2277227722772277,0.03241283549556592
1563,Shoe,to decorate a room,3,3,decorate room,0.9925742574257426,0,0.007425742574257432,0.7581004756242566
1622,Shoe,throwing object,3,2,throwing object,0.995049504950495,0,0.004950495049504955,0.8279360441522602
1622,Shoe,doorstop,3,3,doorstop,0.7722772277227723,0,0.2277227722772277,0.03241283549556592
1622,Shoe,to wear,1,1,wear,0.9529702970297029,0,0.04702970297029707,0.2655403998334025
1622,Shoe,paperweight,3,3,paperweight,0.995049504950495,0,0.004950495049504955,0.8279360441522602
1622,Shoe,measurement device,5,4,measurement device,0.7722772277227723,0,0.2277227722772277,0.03241283549556592
1622,Shoe,recycle,4,4,recycle,0.7722772277227723,0,0.2277227722772277,0.03241283549556592
1622,Shoe,art,3,3,art,0.7722772277227723,0,0.2277227722772277,0.03241283549556592
1622,Shoe,running,1,2,running,0.9777227722772277,0,0.022277227722772297,0.47856070557327796
1622,Shoe,style,3,2,style,0.9925742574257426,0,0.007425742574257432,0.7581004756242566
1547,Shoe,protects foot,2,1,protects foot,0.9975247524752475,1,0.0024752475247524774,0.9078853684585262
1547,Shoe,throwing,3,3,throwing,0.9752475247524752,0,0.024752475247524774,0.4473926582167447
1547,Shoe,can add height for a person,4,2,add height person,0.9975247524752475,1,0.0024752475247524774,0.9078853684585262
1547,Shoe,fashion,3,2,fashion,0.9900990099009901,0,0.00990099009900991,0.6967420258179085
1514,Shoe,walking,1,1,walking,0.9801980198019802,0,0.01980198019801982,0.5131029626276341
1514,Shoe,throwing,3,3,throwing,0.9752475247524752,0,0.024752475247524774,0.4473926582167447
1514,Shoe,potting a plant,3,3,potting plant,0.9876237623762376,0,0.012376237623762387,0.6425422020660113
1514,Shoe,drawing on the shoe,3,3,drawing shoe,0.9925742574257426,0,0.007425742574257432,0.7581004756242566
1514,Shoe,collect,3,3,collect,0.7722772277227723,0,0.2277227722772277,0.03241283549556592
1514,Shoe,decoration,3,3,decoration,0.9900990099009901,0,0.00990099009900991,0.6967420258179085
1528,Shoe,for wearing,1,1,wearing,0.9900990099009901,0,0.00990099009900991,0.6967420258179085
1528,Shoe,warmth,2,2,warmth,0.7722772277227723,0,0.2277227722772277,0.03241283549556592
1528,Shoe,fly swat,2,2,fly swat,0.7722772277227723,0,0.2277227722772277,0.03241283549556592
1528,Shoe,running,1,1,running,0.9777227722772277,0,0.022277227722772297,0.47856070557327796
1528,Shoe,walking,1,1,walking,0.9801980198019802,0,0.01980198019801982,0.5131029626276341
1528,Shoe,climbing,2,1,climbing,0.7722772277227723,0,0.2277227722772277,0.03241283549556592
1528,Shoe,to wear in the water,1,3,wear water,0.9529702970297029,0,0.04702970297029707,0.2655403998334025
1551,Shoe,to wear on your foot,1,1,wear foot,0.9678217821782178,0,0.03217821782178221,0.3701916098127447
1551,Shoe,to prop open a door,3,3,prop open door,0.9801980198019802,0,0.01980198019801982,0.5131029626276341
1551,Shoe,to throw at someone,3,2,throw,0.9727722772277227,0,0.027227722772277252,0.41917324128862565
1366,Shoe,walking,1,1,walking,0.9801980198019802,0,0.01980198019801982,0.5131029626276341
1366,Shoe,running,1,1,running,0.9777227722772277,0,0.022277227722772297,0.47856070557327796
1366,Shoe,protection,2,1,protection,0.9876237623762376,0,0.012376237623762387,0.6425422020660113
1366,Shoe,kills bugs,2,2,kill bug,0.9628712871287128,0,0.03712871287128716,0.3293194731404956
1366,Shoe,to play catch with,3,3,play catch,0.9975247524752475,1,0.0024752475247524774,0.9078853684585262
1366,Shoe,kicking a soccer ball,2,2,kicking soccer ball,0.9900990099009901,0,0.00990099009900991,0.6967420258179085
1511,Shoe,wearing to not get feet dirty,1,1,wearing foot dirty,0.9554455445544554,0,0.044554455445544594,0.2796250102793233
1511,Shoe,killing a bug,2,2,killing bug,0.9851485148514851,0,0.014851485148514865,0.594429229065905
1511,Shoe,throwing to dislodge an object that is stuck up high,3,3,throwing dislodge object stuck high,0.995049504950495,0,0.004950495049504955,0.8279360441522602
1511,Shoe,propping a door open,3,3,propping door open,0.9826732673267327,0,0.017326732673267342,0.5515246539792384
1511,Shoe,kicking someone,3,3,kicking,0.9900990099009901,0,0.00990099009900991,0.6967420258179085
1511,Shoe,looking cute,2,2,looking cute,0.7722772277227723,0,0.2277227722772277,0.03241283549556592
1599,Shoe,to wear,1,1,wear,0.9529702970297029,0,0.04702970297029707,0.2655403998334025
1599,Shoe,to design,3,3,design,0.7722772277227723,0,0.2277227722772277,0.03241283549556592
1599,Shoe,to collect,3,3,collect,0.7722772277227723,0,0.2277227722772277,0.03241283549556592
1599,Shoe,to use as a weapon,3,3,weapon,0.7722772277227723,0,0.2277227722772277,0.03241283549556592
1531,Shoe,wearing,1,1,wearing,0.9900990099009901,0,0.00990099009900991,0.6967420258179085
1531,Shoe,walking,1,1,walking,0.9801980198019802,0,0.01980198019801982,0.5131029626276341
1531,Shoe,killing bugs with,2,2,killing bug,0.9851485148514851,0,0.014851485148514865,0.594429229065905
1531,Shoe,hiding things,3,3,hiding,0.995049504950495,0,0.004950495049504955,0.8279360441522602
1531,Shoe,for painting,3,3,painting,0.7722772277227723,0,0.2277227722772277,0.03241283549556592
1531,Shoe,collecting,3,3,collecting,0.9975247524752475,1,0.0024752475247524774,0.9078853684585262
1531,Shoe,running,1,2,running,0.9777227722772277,0,0.022277227722772297,0.47856070557327796
1382,Shoe,protect feet,2,1,protect foot,0.9752475247524752,0,0.024752475247524774,0.4473926582167447
1382,Shoe,drink out of,4,4,drink,0.9876237623762376,0,0.012376237623762387,0.6425422020660113
1382,Shoe,gloves,4,4,glove,0.7722772277227723,0,0.2277227722772277,0.03241283549556592
1382,Shoe,bed for small animals,4,3,bed small animal,0.995049504950495,0,0.004950495049504955,0.8279360441522602
1382,Shoe,stinky air freshener,5,3,stinky air freshener,0.995049504950495,0,0.004950495049504955,0.8279360441522602
1382,Shoe,footprint maker,4,4,footprint maker,0.7722772277227723,0,0.2277227722772277,0.03241283549556592
1382,Shoe,flower pot,3,3,flower pot,0.9925742574257426,0,0.007425742574257432,0.7581004756242566
1417,Shoe,kill bugs,2,2,kill bug,0.9628712871287128,0,0.03712871287128716,0.3293194731404956
1417,Shoe,foot protection,2,1,foot protection,0.9876237623762376,0,0.012376237623762387,0.6425422020660113
1417,Shoe,decor,3,3,decor,0.7722772277227723,0,0.2277227722772277,0.03241283549556592
1417,Shoe,weapon,3,3,weapon,0.7722772277227723,0,0.2277227722772277,0.03241283549556592
1453,Shoe,To protect your feet,2,1,protect foot,0.9752475247524752,0,0.024752475247524774,0.4473926582167447
1453,Shoe,keep warm,2,2,warm,0.9975247524752475,1,0.0024752475247524774,0.9078853684585262
1453,Shoe,a weapon,3,3,weapon,0.7722772277227723,0,0.2277227722772277,0.03241283549556592
1453,Shoe,a projectile,3,3,projectile,0.7722772277227723,0,0.2277227722772277,0.03241283549556592
1453,Shoe,to hold things,2,3,hold,0.9777227722772277,0,0.022277227722772297,0.47856070557327796
1440,Shoe,walking,1,1,walking,0.9801980198019802,0,0.01980198019801982,0.5131029626276341
1440,Shoe,running,1,1,running,0.9777227722772277,0,0.022277227722772297,0.47856070557327796
1440,Shoe,keep your feet warm,2,2,foot warm,0.9554455445544554,0,0.044554455445544594,0.2796250102793233
1506,Shoe,swat flies,2,3,swat fly,0.7722772277227723,0,0.2277227722772277,0.03241283549556592
1506,Shoe,wear places,1,1,wear place,0.9925742574257426,0,0.007425742574257432,0.7581004756242566
1506,Shoe,door stop,3,3,door stop,0.9826732673267327,0,0.017326732673267342,0.5515246539792384
1497,Shoe,fashion,3,2,fashion,0.9900990099009901,0,0.00990099009900991,0.6967420258179085
1497,Shoe,punish people,3,3,punish people,0.7722772277227723,0,0.2277227722772277,0.03241283549556592
1497,Shoe,foot protection,2,1,foot protection,0.9876237623762376,0,0.012376237623762387,0.6425422020660113
1458,Shoe,put on feet,1,1,foot,0.9554455445544554,0,0.044554455445544594,0.2796250102793233
1458,Shoe,use as a cup,4,4,cup,0.9900990099009901,0,0.00990099009900991,0.6967420258179085
1458,Shoe,kill bugs,2,2,kill bug,0.9628712871287128,0,0.03712871287128716,0.3293194731404956
1458,Shoe,keep paper from flying away,3,3,paper flying away,0.9851485148514851,0,0.014851485148514865,0.594429229065905
1458,Shoe,keep door open,3,3,door open,0.9826732673267327,0,0.017326732673267342,0.5515246539792384
1330,Shoe,for your feet,1,1,foot,0.9554455445544554,0,0.044554455445544594,0.2796250102793233
1330,Shoe,plant holder,3,4,plant holder,0.9876237623762376,0,0.012376237623762387,0.6425422020660113
1330,Shoe,chew toy for dog,3,3,chew toy dog,0.9900990099009901,0,0.00990099009900991,0.6967420258179085
1330,Shoe,piece of art,3,3,piece art,0.7722772277227723,0,0.2277227722772277,0.03241283549556592
1513,Shoe,ground skin barrier,3,1,ground skin barrier,0.7722772277227723,0,0.2277227722772277,0.03241283549556592
1513,Shoe,mountain climbing,2,2,mountain climbing,0.7722772277227723,0,0.2277227722772277,0.03241283549556592
1513,Shoe,biking,2,2,biking,0.7722772277227723,0,0.2277227722772277,0.03241283549556592
1513,Shoe,dress up,2,2,dress,0.7722772277227723,0,0.2277227722772277,0.03241283549556592
1513,Shoe,dancing,2,2,dancing,0.7722772277227723,0,0.2277227722772277,0.03241283549556592
1513,Shoe,throwing,3,3,throwing,0.9752475247524752,0,0.024752475247524774,0.4473926582167447
1513,Shoe,eating metaphorically,5,5,eating metaphorically,0.7722772277227723,0,0.2277227722772277,0.03241283549556592
1559,Shoe,wear on foot,1,1,wear foot,0.9678217821782178,0,0.03217821782178221,0.3701916098127447
1559,Shoe,kill a bug,2,2,kill bug,0.9628712871287128,0,0.03712871287128716,0.3293194731404956
1559,Shoe,place flowers in,3,3,place flower,0.9925742574257426,0,0.007425742574257432,0.7581004756242566
1559,Shoe,use as a cup,4,4,cup,0.9900990099009901,0,0.00990099009900991,0.6967420258179085
1559,Shoe,use laces to tie something,3,3,lace tie,0.9801980198019802,0,0.01980198019801982,0.5131029626276341
1559,Shoe,as a weight,3,3,weight,0.9851485148514851,0,0.014851485148514865,0.594429229065905
1559,Shoe,to hit something,3,3,hit,0.7722772277227723,0,0.2277227722772277,0.03241283549556592
1559,Shoe,to measure something,4,3,measure,0.9975247524752475,1,0.0024752475247524774,0.9078853684585262
1559,Shoe,to hold something,3,3,hold,0.9777227722772277,0,0.022277227722772297,0.47856070557327796
1559,Shoe,to prop up a phone,3,3,prop phone,0.9801980198019802,0,0.01980198019801982,0.5131029626276341
1559,Shoe,keep a door open,3,3,door open,0.9826732673267327,0,0.017326732673267342,0.5515246539792384
1425,Shoe,protect feet,2,1,protect foot,0.9752475247524752,0,0.024752475247524774,0.4473926582167447
1425,Shoe,prop something open,3,3,prop open,0.9801980198019802,0,0.01980198019801982,0.5131029626276341
1449,Shoe,feet,1,1,foot,0.9554455445544554,0,0.044554455445544594,0.2796250102793233
1449,Shoe,hold food,4,3,hold food,0.9777227722772277,0,0.022277227722772297,0.47856070557327796
1449,Shoe,punishment,3,4,punishment,0.7722772277227723,0,0.2277227722772277,0.03241283549556592
1449,Shoe,prop the door open,3,3,prop door open,0.9801980198019802,0,0.01980198019801982,0.5131029626276341
1449,Shoe,throw to turn lights off,3,5,throw turn light,0.9975247524752475,1,0.0024752475247524774,0.9078853684585262
1347,Shoe,To kill a bug,2,3,kill bug,0.9628712871287128,0,0.03712871287128716,0.3293194731404956
1347,Shoe,to wear on your feet,1,1,wear foot,0.9678217821782178,0,0.03217821782178221,0.3701916098127447
1347,Shoe,to stand on to reach something,3,3,stand reach,0.7722772277227723,0,0.2277227722772277,0.03241283549556592
1347,Shoe,to clap against another shoe to clean,3,4,clap shoe clean,0.9876237623762376,0,0.012376237623762387,0.6425422020660113
1347,Shoe,to see how high you can fling it in the air,4,4,high fling air,0.995049504950495,0,0.004950495049504955,0.8279360441522602
1347,Shoe,to click a soccer ball,2,2,click soccer ball,0.9900990099009901,0,0.00990099009900991,0.6967420258179085
1347,Shoe,to break a fall,4,4,break fall,0.7722772277227723,0,0.2277227722772277,0.03241283549556592
1518,Shoe,protect your feet,2,1,protect foot,0.9752475247524752,0,0.024752475247524774,0.4473926582167447
1518,Shoe,throw at something,3,2,throw,0.9727722772277227,0,0.027227722772277252,0.41917324128862565
1518,Shoe,squash a bug,2,2,squash bug,0.9777227722772277,0,0.022277227722772297,0.47856070557327796
1518,Shoe,help you be more athletic,3,3,help athletic,0.7722772277227723,0,0.2277227722772277,0.03241283549556592
1610,Shoe,wear it,1,1,wear,0.9529702970297029,0,0.04702970297029707,0.2655403998334025
1610,Shoe,throw it at someone,3,3,throw,0.9727722772277227,0,0.027227722772277252,0.41917324128862565
1610,Shoe,take the lace off and wear it as a belt,3,4,lace wear belt,0.9801980198019802,0,0.01980198019801982,0.5131029626276341
1610,Shoe,draw on it,3,3,draw,0.9975247524752475,1,0.0024752475247524774,0.9078853684585262
1610,Shoe,stomp on a bug,2,3,stomp bug,0.9777227722772277,0,0.022277227722772297,0.47856070557327796
1407,Shoe,used to hold something in place,3,3,hold place,0.9925742574257426,0,0.007425742574257432,0.7581004756242566
1407,Shoe,used as a weapon,3,3,weapon,0.7722772277227723,0,0.2277227722772277,0.03241283549556592
1407,Shoe,used as decoration,3,3,decoration,0.9900990099009901,0,0.00990099009900991,0.6967420258179085
1407,Shoe,used as a dog toy,3,3,dog toy,0.9925742574257426,0,0.007425742574257432,0.7581004756242566
1450,Shoe,protection of foot,2,1,protection foot,0.9876237623762376,0,0.012376237623762387,0.6425422020660113
1450,Shoe,killing bugs,2,2,killing bug,0.9851485148514851,0,0.014851485148514865,0.594429229065905
1450,Shoe,throwing at George Bush,5,2,throwing george bush,0.9752475247524752,0,0.024752475247524774,0.4473926582167447
1598,Shoe,wearing,1,2,wearing,0.9900990099009901,0,0.00990099009900991,0.6967420258179085
1543,Shoe,hit someone with,3,3,hit,0.7722772277227723,0,0.2277227722772277,0.03241283549556592
1543,Shoe,wear it to walk and run,1,1,wear walk run,0.9777227722772277,0,0.022277227722772297,0.47856070557327796
1543,Shoe,use it to prop open a door,3,3,prop open door,0.9801980198019802,0,0.01980198019801982,0.5131029626276341
1543,Shoe,paper weight,3,3,paper weight,0.9851485148514851,0,0.014851485148514865,0.594429229065905
1543,Shoe,use as tinder/light on fire,4,4,tinder light fire,0.9975247524752475,1,0.0024752475247524774,0.9078853684585262
1543,Shoe,use it to carry stuff in,3,3,carry stuff,0.7722772277227723,0,0.2277227722772277,0.03241283549556592
1543,Shoe,use as hammer to nail stuff,5,4,hammer nail stuff,0.7722772277227723,0,0.2277227722772277,0.03241283549556592
1402,Shoe,Wearing on your foot,1,1,wearing foot,0.9554455445544554,0,0.044554455445544594,0.2796250102793233
1402,Shoe,swatting a fly,2,2,swatting fly,0.9777227722772277,0,0.022277227722772297,0.47856070557327796
1402,Shoe,knocking something down from up high,4,3,knocking high,0.995049504950495,0,0.004950495049504955,0.8279360441522602
1461,Shoe,used for protection,2,1,protection,0.9876237623762376,0,0.012376237623762387,0.6425422020660113
1461,Shoe,used as projectile,3,3,projectile,0.7722772277227723,0,0.2277227722772277,0.03241283549556592
1461,Shoe,used to tie things together,3,4,tie,0.9925742574257426,0,0.007425742574257432,0.7581004756242566
1461,Shoe,used as symbols (the music kind),5,5,symbol music kind,0.995049504950495,0,0.004950495049504955,0.8279360441522602
1461,Shoe,used for warmth can be worn like gloves,4,4,warmth worn like glove,0.7722772277227723,0,0.2277227722772277,0.03241283549556592
1461,Shoe,used as earrings,5,5,earring,0.7722772277227723,0,0.2277227722772277,0.03241283549556592
1352,Shoe,hit a fly,2,3,hit fly,0.7722772277227723,0,0.2277227722772277,0.03241283549556592
1352,Shoe,for your feet,1,1,foot,0.9554455445544554,0,0.044554455445544594,0.2796250102793233
1352,Shoe,prop open a door,3,3,prop open door,0.9801980198019802,0,0.01980198019801982,0.5131029626276341
1526,Shoe,To walk in,1,1,walk,0.9777227722772277,0,0.022277227722772297,0.47856070557327796
1526,Shoe,to swat insects,2,3,swat insect,0.7722772277227723,0,0.2277227722772277,0.03241283549556592
1526,Shoe,to collect and display,3,3,collect display,0.7722772277227723,0,0.2277227722772277,0.03241283549556592
1526,Shoe,to use as art,4,4,art,0.7722772277227723,0,0.2277227722772277,0.03241283549556592
1526,Shoe,to save a spot,4,5,save spot,0.7722772277227723,0,0.2277227722772277,0.03241283549556592
1362,Shoe,protecting feet,2,1,protecting foot,0.9975247524752475,1,0.0024752475247524774,0.9078853684585262
1362,Shoe,dog chew toy,3,3,dog chew toy,0.9900990099009901,0,0.00990099009900991,0.6967420258179085
1466,Shoe,wear,1,1,wear,0.9529702970297029,0,0.04702970297029707,0.2655403998334025
1466,Shoe,kill bugs,2,2,kill bug,0.9628712871287128,0,0.03712871287128716,0.3293194731404956
1587,Shoe,protect feet,2,1,protect foot,0.9752475247524752,0,0.024752475247524774,0.4473926582167447
1587,Shoe,climb a mountain,2,2,climb mountain,0.7722772277227723,0,0.2277227722772277,0.03241283549556592
1587,Shoe,use as projectile,3,3,projectile,0.7722772277227723,0,0.2277227722772277,0.03241283549556592
1367,Shoe,to wear on feet,1,1,wear foot,0.9678217821782178,0,0.03217821782178221,0.3701916098127447
1367,Shoe,to throw,3,3,throw,0.9727722772277227,0,0.027227722772277252,0.41917324128862565
1367,Shoe,to use as a container,4,3,container,0.7722772277227723,0,0.2277227722772277,0.03241283549556592
1367,Shoe,to use as a weapon,3,3,weapon,0.7722772277227723,0,0.2277227722772277,0.03241283549556592
1621,Shoe,put on foot,1,1,foot,0.9554455445544554,0,0.044554455445544594,0.2796250102793233
1621,Shoe,kill bug with it,2,2,kill bug,0.9628712871287128,0,0.03712871287128716,0.3293194731404956
1621,Shoe,use as oven mit,5,5,oven mit,0.7722772277227723,0,0.2277227722772277,0.03241283549556592
1334,Shoe,wear them,1,1,wear,0.9529702970297029,0,0.04702970297029707,0.2655403998334025
1334,Shoe,run in them,1,1,run,0.9826732673267327,0,0.017326732673267342,0.5515246539792384
1500,Shoe,wear,1,1,wear,0.9529702970297029,0,0.04702970297029707,0.2655403998334025
1500,Shoe,stomp a bug,2,2,stomp bug,0.9777227722772277,0,0.022277227722772297,0.47856070557327796
1500,Shoe,use as a canvas,5,3,canvas,0.7722772277227723,0,0.2277227722772277,0.03241283549556592
1527,Shoe,Walk,1,1,walk,0.9777227722772277,0,0.022277227722772297,0.47856070557327796
1527,Shoe,run,1,1,run,0.9826732673267327,0,0.017326732673267342,0.5515246539792384
1527,Shoe,kill bugs,2,2,kill bug,0.9628712871287128,0,0.03712871287128716,0.3293194731404956
1372,Shoe,kill a spider,2,2,kill spider,0.9925742574257426,0,0.007425742574257432,0.7581004756242566
1372,Shoe,hold a door open,3,3,hold door open,0.9777227722772277,0,0.022277227722772297,0.47856070557327796
1525,Shoe,wear,1,1,wear,0.9529702970297029,0,0.04702970297029707,0.2655403998334025
1525,Shoe,throw at someone,3,3,throw,0.9727722772277227,0,0.027227722772277252,0.41917324128862565
1525,Shoe,prop open a door,3,3,prop open door,0.9801980198019802,0,0.01980198019801982,0.5131029626276341
1525,Shoe,sell them,3,3,sell,0.9851485148514851,0,0.014851485148514865,0.594429229065905
1464,Shoe,Walking,1,1,walking,0.9801980198019802,0,0.01980198019801982,0.5131029626276341
1464,Shoe,fashion,3,2,fashion,0.9900990099009901,0,0.00990099009900991,0.6967420258179085
1464,Shoe,throwing,3,2,throwing,0.9752475247524752,0,0.024752475247524774,0.4473926582167447
1464,Shoe,protection,2,3,protection,0.9876237623762376,0,0.012376237623762387,0.6425422020660113
1464,Shoe,running,1,1,running,0.9777227722772277,0,0.022277227722772297,0.47856070557327796
1464,Shoe,hiking,2,1,hiking,0.7722772277227723,0,0.2277227722772277,0.03241283549556592
