id,response,response_nofill,response_processed,response_processed_phrase,item,item_nofill,SemDis_factor,SemDis_cbowukwacsubtitle_nf_m,SemDis_cbowsubtitle_nf_m,SemDis_cbowBNCwikiukwac_nf_m,SemDis_TASA_nf_m,SemDis_glove_nf_m,SemDis_MEAN,ewm_vector_cosine_dis,ewm_vector_cosine_dis_clus_avg,minima_vector_cosine_dis,minima_vector_cosine_dis_clus_avg,minima_vector_cosine_dis_clus_min,novelty_1,novelty_2,novelty_m
1094,build a structure,build structure,"['build', 'structure']",build structure,Brick,brick,0.09817,1.04816,0.99066,1.0395,1.04503,1.11838,1.04835,1.0481636714473943,1.0393661007770452,0.7509902639169189,0.693725161126023,0.7509902639169189,1,1,1.0
1094,throw and break a window,throw break window,"['throw', 'break', 'window']",throw break window,Brick,brick,-0.00879,0.81308,0.96334,0.98875,0.95989,0.8006,0.90513,0.8130795028641215,0.9417312892927951,0.8090891840331176,0.7692151825104416,0.7319340187936914,3,2,2.5
1094,use as a stepping stool,use stepping stool,"['stepping', 'stool']",stepping stool,Brick,brick,-0.02285,0.95635,0.88973,0.93905,0.91332,0.8148299999999999,0.90266,1.01196721171593,0.8979845179974122,0.8350225076377215,0.8278670730953136,0.8161172028131468,3,3,3.0
1094,drop a brick over a small fire to snuff it out,drop brick small fire snuff,"['drop', 'brick', 'small', 'fire', 'snuff']",drop brick small fire snuff,Brick,brick,0.06749,0.66796,1.00688,1.05756,1.09136,1.21151,1.00705,0.6679551072910763,0.9117787477856516,0.9105392375828131,0.8278670730953136,0.7364217516992215,4,4,4.0
1094,as a hammer,hammer,['hammer'],hammer,Brick,brick,-0.10577,0.72563,0.84975,0.7923,0.97131,0.8950400000000001,0.84681,0.7256321295166184,0.8979845179974122,0.7256321295166184,0.8278670730953136,0.669381023768908,3,4,3.5
1093,building,building,['building'],building,Brick,brick,-0.36378,0.60702,0.70089,0.5403899999999999,0.4018699999999999,0.40225,0.53048,0.6070177461092493,0.6461799681895684,0.6070177461092493,0.6488275428828463,0.6070177461092493,1,1,1.0
1093,throwing,throwing,['throwing'],throwing,Brick,brick,-0.0513,0.7673099999999999,0.81881,0.93459,1.01815,0.8486400000000001,0.8775,0.7673147241021512,0.9004474697107553,0.7673147241021512,0.7454724070254014,0.7673147241021512,3,2,2.5
1093,propping a door open,propping door open,"['propping', 'door', 'open']",propping door open,Brick,brick,0.03985,0.85863,0.963,0.96261,1.06453,1.14105,0.99796,0.8586308571038115,0.8979845179974122,0.8707333495496578,0.832977898365827,0.669381023768908,2,3,2.5
1093,paving in a sidewalk,paving sidewalk,"['paving', 'sidewalk']",paving sidewalk,Brick,brick,0.05103,1.13007,1.04253,0.88947,0.91213,1.13592,1.02202,1.130066906096841,0.8979845179974122,0.7257372708844942,0.8278670730953136,0.6122341084874485,1,1,1.0
1093,engraving,engraving,['engraving'],engraving,Brick,brick,-0.06442,0.99669,0.81319,0.8385400000000001,0.99083,0.79655,0.88716,0.9966871691975037,0.8979845179974122,0.9966871691975037,0.8278670730953136,0.669381023768908,3,3,3.0
1093,collecting,collecting,['collecting'],collecting,Brick,brick,0.03393,0.91825,1.0145,0.96537,1.05133,0.94646,0.97918,0.9182544933046316,0.8979845179974122,0.9182544933046316,0.8278670730953136,0.669381023768908,5,4,4.5
1093,cook with charcoal bricks,cook charcoal bricks,"['cook', 'charcoal', 'brick']",cook charcoal brick,Brick,brick,-0.10474,0.83566,0.86116,0.86683,0.68971,0.74063,0.7988,0.7311931664875784,0.9517904298696244,0.8560848273868884,0.8278670730953136,0.7364217516992215,4,4,4.0
1159,Build,build,['build'],build,Brick,brick,-0.16209,0.68043,0.81555,0.80979,0.70277,0.69889,0.74149,0.6804298638907786,0.7362069810013294,0.6804298638907786,0.693725161126023,0.4997842981672692,2,1,1.5
1159,weapon,weapon,['weapon'],weapon,Brick,brick,0.01624,0.85011,0.96659,0.9662,1.03924,0.96281,0.95699,0.8501088672921583,0.8501088672921584,0.8501088672921583,0.8519367847916444,0.8501088672921583,3,3,3.0
1159,tool,tool,['tool'],tool,Brick,brick,-0.00474,0.90589,0.89268,0.9508,1.07559,0.85408,0.93581,0.9058903690279135,0.8979845179974122,0.9058903690279135,0.8278670730953136,0.669381023768908,3,2,2.5
1159,decoration,decoration,['decoration'],decoration,Brick,brick,-0.121,0.854,0.8456,0.7974600000000001,0.904,0.65896,0.812,0.8539980111905753,0.8979845179974122,0.8539980111905753,0.8278670730953136,0.669381023768908,4,3,3.5
1159,a way to communicate,way communicate,"['way', 'communicate']",way communicate,Brick,brick,0.00743,0.97536,0.93326,0.8709,0.97514,1.13914,0.97876,0.9753558962096014,0.8979845179974122,0.928713126640782,0.8278670730953136,0.669381023768908,5,5,5.0
1195,to break a window,break window,"['break', 'window']",break window,Brick,brick,0.04566,0.96992,0.9811,0.94302,0.99641,1.14205,1.0065,0.9699200528842894,0.9417312892927951,0.8090891840331176,0.8278670730953136,0.7319340187936914,2,2,2.0
1195,to build a house,build house,"['build', 'house']",build house,Brick,brick,0.03335,0.93854,0.90931,0.97466,0.93696,1.13338,0.97857,0.9385419423022568,0.9385419423022572,0.6804298638907786,0.693725161126023,0.6804298638907786,1,1,1.0
1195,to fix something,fix something,['fix'],fix,Brick,brick,0.07633,1.00391,1.02345,1.0214,0.91939,1.10167,1.01396,0.7851295900042671,0.8979845179974122,0.7851295900042671,0.8278670730953136,0.669381023768908,3,3,3.0
1195,to sit on,sit,['sit'],sit,Brick,brick,-0.0296,0.7834,0.99287,0.89576,1.071,0.82878,0.91436,0.7834006824812347,0.8979845179974122,0.7834006824812347,0.8278670730953136,0.669381023768908,3,3,3.0
1195,as sandpaper,sandpaper,['sandpaper'],sandpaper,Brick,brick,-0.09983,0.78588,0.80447,0.78287,0.98977,0.95244,0.86309,0.7858783448486693,0.8979845179974122,0.7858783448486693,0.8278670730953136,0.669381023768908,3,4,3.5
1195,to hit someone with,hit someone,['hit'],hit,Brick,brick,0.04898,0.97299,0.98604,0.95454,1.00842,1.11241,1.00688,0.6351205128050593,0.8979845179974122,0.6351205128050593,0.7454724070254014,0.6351205128050593,3,3,3.0
1141,to build foundation/wall,build foundation wall,"['build', 'foundation', 'wall']",build foundation wall,Brick,brick,-0.04695,0.79338,0.84843,0.97768,0.82603,0.82434,0.85397,0.7933842594620655,0.7362069810013294,0.7741746723453556,0.6991788255816941,0.4997842981672692,1,1,1.0
1141,to throw at something,throw something,['throw'],throw,Brick,brick,0.01352,0.93449,0.85396,0.93528,1.07218,1.07654,0.97449,0.7364217516992215,0.8159184971118555,0.7364217516992215,0.7692151825104416,0.7364217516992215,3,2,2.5
1141,to use as weapon,use weapon,['weapon'],weapon,Brick,brick,0.0754,1.02496,0.92882,0.99053,1.10169,1.16228,1.04166,0.8501088672921583,0.8501088672921584,0.8501088672921583,0.8519367847916444,0.8501088672921583,3,2,2.5
1141,to prop up an item,prop item,"['prop', 'item']",prop item,Brick,brick,0.06695,1.06399,1.00692,0.9739,0.95715,1.09696,1.01978,1.063992493629235,0.8979845179974122,1.0130755913284961,0.9431482087408493,0.7645331292033735,2,3,2.5
1104,hiding a key,hiding key,"['hiding', 'key']",hiding key,Brick,brick,0.05432,1.01813,1.02033,0.93973,0.94576,1.14636,1.01406,1.0181309462174901,0.8979845179974122,0.9224267234504583,0.8278670730953136,0.669381023768908,4,3,3.5
1104,building,building,['building'],building,Brick,brick,-0.36378,0.60702,0.70089,0.5403899999999999,0.4018699999999999,0.40225,0.53048,0.6070177461092493,0.6461799681895684,0.6070177461092493,0.6488275428828463,0.6070177461092493,1,1,1.0
1104,throwing through a window,throwing window,"['throwing', 'window']",throwing window,Brick,brick,0.10573,1.02654,1.02775,1.03701,0.99374,1.19923,1.05685,1.0265351518485246,0.9004474697107553,0.7673147241021512,0.7454724070254014,0.7673147241021512,3,2,2.5
1104,weighing something down,weighing something,['weighing'],weighing,Brick,brick,0.05944,1.00529,0.99196,0.984,0.93215,1.11694,1.00607,0.9147980904820512,0.8979845179974122,0.9147980904820512,0.8278670730953136,0.669381023768908,3,3,3.0
1286,houses,houses,['house'],house,Brick,brick,-0.27023,0.69084,0.82263,0.6266,0.62176,0.43706,0.63978,0.6598783620439284,0.6977503136976025,0.6598783620439284,0.7002724007291009,0.6598783620439284,1,1,1.0
1286,throwing at people,throwing people,"['throwing', 'people']",throwing people,Brick,brick,0.07618,0.98414,0.94165,1.03234,0.99883,1.14837,1.02107,0.9841364483345223,0.9004474697107553,0.8066790878230565,0.7454724070254014,0.7673147241021512,3,2,2.5
1286,wall,wall,['wall'],wall,Brick,brick,-0.37608,0.49978,0.51635,0.5832999999999999,0.37912,0.58773,0.51326,0.4997842981672692,0.7362069810013294,0.4997842981672692,0.7221143343185032,0.4997842981672692,1,1,1.0
1286,can prop stuff up,can prop stuff,"['prop', 'stuff']",prop stuff,Brick,brick,-0.0173,0.90141,1.00047,0.86127,0.91658,1.00466,0.93688,1.0631394247965464,0.8979845179974122,0.9555135010433689,0.9431482087408493,0.7645331292033735,2,3,2.5
1205,PAPER WEIGHT,paper weight,"['paper', 'weight']",paper weight,Brick,brick,0.05626,1.08063,0.92728,0.95949,1.00282,1.11712,1.01747,1.0806346931061082,0.9786467482103983,0.9186584769543387,0.9159386935329475,0.8667409544682195,2,3,2.5
1205,WHEEL WEDGE,wheel wedge,"['wheel', 'wedge']",wheel wedge,Brick,brick,0.09706,1.08601,1.09635,1.04176,0.94189,0.98146,1.02949,1.0860090111512772,0.8979845179974122,0.8738198952975296,0.8278670730953136,0.669381023768908,2,3,2.5
1205,DOOR STOP,door stop,"['door', 'stop']",door stop,Brick,brick,0.05791,0.94383,0.88492,1.01083,1.05276,1.15782,1.01003,0.9438331760622682,0.8979845179974122,0.7906752004903184,0.832977898365827,0.669381023768908,2,3,2.5
1163,to build a house,build house,"['build', 'house']",build house,Brick,brick,0.03335,0.93854,0.90931,0.97466,0.93696,1.13338,0.97857,0.9385419423022568,0.9385419423022572,0.6804298638907786,0.693725161126023,0.6804298638907786,1,1,1.0
1163,to throw,throw,['throw'],throw,Brick,brick,-0.03657,0.7364200000000001,0.87254,0.9312,1.05915,0.90466,0.90079,0.7364217516992215,0.8159184971118555,0.7364217516992215,0.7692151825104416,0.7364217516992215,3,2,2.5
1163,to use as a weight,use weight,['weight'],weight,Brick,brick,0.1003,1.0955,0.94977,1.05847,0.96398,1.14299,1.04214,0.9186584769543387,0.9786467482103983,0.9186584769543387,0.9159386935329475,0.8667409544682195,3,2,2.5
1192,building material for house,building material house,"['building', 'material', 'house']",building material house,Brick,brick,-0.02883,0.8333699999999999,0.94619,0.88773,1.13312,0.82004,0.92409,0.8333727279549117,0.8612262078617728,0.8582183109460211,0.7002724007291009,0.6598783620439284,1,1,1.0
1192,can be used as a weapon,can used weapon,['weapon'],weapon,Brick,brick,-0.01179,0.89739,0.95292,0.953,0.93651,0.82046,0.91206,0.8501088672921583,0.8501088672921584,0.8501088672921583,0.8519367847916444,0.8501088672921583,3,3,3.0
1192,can be used as material for a fire pit,can used material fire pit,"['material', 'fire', 'pit']",material fire pit,Brick,brick,0.0002,0.89519,0.97566,0.96665,0.97725,0.81198,0.92535,0.8509572406596124,0.9117787477856516,0.8582183109460211,0.7002724007291009,0.669381023768908,4,3,3.5
1192,decorative item for gardens,decorative item gardens,"['decorative', 'item', 'garden']",decorative item garden,Brick,brick,0.00168,0.94558,0.98782,0.94897,0.95284,0.81989,0.93102,0.9225918487336512,0.8979845179974122,1.0130755913284961,0.8278670730953136,0.669381023768908,3,4,3.5
1087,weapon,weapon,['weapon'],weapon,Brick,brick,0.01624,0.85011,0.96659,0.9662,1.03924,0.96281,0.95699,0.8501088672921583,0.8501088672921584,0.8501088672921583,0.8519367847916444,0.8501088672921583,3,3,3.0
1087,for construction,construction,['construction'],construction,Brick,brick,-0.26427,0.66938,0.76774,0.68015,0.4101399999999999,0.59057,0.6236,0.669381023768908,0.8979845179974122,0.669381023768908,0.8278670730953136,0.669381023768908,1,1,1.0
1087,for a paper weight,paper weight,"['paper', 'weight']",paper weight,Brick,brick,0.05626,1.08063,0.92728,0.95949,1.00282,1.11712,1.01747,1.0806346931061082,0.9786467482103983,0.9186584769543387,0.9159386935329475,0.8667409544682195,2,2,2.0
1087,for decoration,decoration,['decoration'],decoration,Brick,brick,-0.121,0.854,0.8456,0.7974600000000001,0.904,0.65896,0.812,0.8539980111905753,0.8979845179974122,0.8539980111905753,0.8278670730953136,0.669381023768908,3,4,3.5
1087,for a bug killer,bug killer,"['bug', 'killer']",bug killer,Brick,brick,0.07111,0.9869,0.9877,0.99486,1.05638,1.10843,1.02685,0.9869043704906094,0.8979845179974122,0.9246261215076741,0.9246261215076741,0.669381023768908,4,3,3.5
1087,for playing catch,playing catch,"['playing', 'catch']",playing catch,Brick,brick,0.04188,1.04348,0.98999,0.92094,1.00864,1.06911,1.00643,1.0434809372214509,0.8979845179974122,0.8290889870339908,0.8365256331471165,0.669381023768908,5,4,4.5
1176,landscaping,landscaping,['landscaping'],landscaping,Brick,brick,-0.17646,0.82314,0.7151799999999999,0.77332,0.6934199999999999,0.68003,0.73702,0.8231440830365138,0.8979845179974122,0.8231440830365138,0.8278670730953136,0.669381023768908,1,2,1.5
1176,building things,building things,['building'],building,Brick,brick,0.03423,1.00823,1.01455,0.89778,0.9176,1.15768,0.99917,0.6070177461092493,0.6461799681895684,0.6070177461092493,0.6488275428828463,0.6070177461092493,1,1,1.0
1176,Breaking things,breaking things,['breaking'],breaking,Brick,brick,0.07795,1.0404,0.94577,1.04158,0.94609,1.10108,1.01498,0.8525580107248488,0.8159184971118555,0.8525580107248488,0.8278670730953136,0.669381023768908,2,2,2.0
1176,holding things,holding things,['holding'],holding,Brick,brick,0.05273,1.04356,1.00264,0.91764,1.05508,1.11229,1.02624,0.872265225506709,0.9786467482103983,0.872265225506709,0.9159386935329475,0.8667409544682195,2,3,2.5
1258,to build building with,build building,"['build', 'building']",build building,Brick,brick,0.0478,0.97293,0.92191,0.98465,0.9736,1.13039,0.9967,0.9729290994062888,0.8612262078617728,0.6804298638907786,0.6488275428828463,0.6598783620439284,1,1,1.0
1258,to throw,throw,['throw'],throw,Brick,brick,-0.03657,0.7364200000000001,0.87254,0.9312,1.05915,0.90466,0.90079,0.7364217516992215,0.8159184971118555,0.7364217516992215,0.7692151825104416,0.7364217516992215,3,2,2.5
1258,to prop something up against,prop something,['prop'],prop,Brick,brick,0.10989,1.06785,0.99975,1.08476,1.02528,1.04964,1.04546,0.9555135010433689,0.8979845179974122,0.9555135010433689,0.9431482087408493,0.7645331292033735,2,2,2.0
1258,to create a wall between two people,create wall two people,"['create', 'wall', 'people']",create wall people,Brick,brick,0.0648,1.03482,1.04261,0.95775,0.86387,1.18613,1.01704,0.8382024911505871,0.7362069810013294,0.9530426183227435,0.7221143343185032,0.6351205128050593,1,1,1.0
1186,smack,smack,['smack'],smack,Brick,brick,-0.03787,0.73397,0.87851,0.93508,0.9804,0.93794,0.89318,0.7339747159930043,0.8979845179974122,0.7339747159930043,0.8278670730953136,0.669381023768908,2,2,2.0
1186,building,building,['building'],building,Brick,brick,-0.36378,0.60702,0.70089,0.5403899999999999,0.4018699999999999,0.40225,0.53048,0.6070177461092493,0.6461799681895684,0.6070177461092493,0.6488275428828463,0.6070177461092493,1,1,1.0
1186,home for mice,home mice,"['home', 'mouse']",home mouse,Brick,brick,0.10659,1.05771,0.99617,1.05987,1.05443,1.09563,1.05276,0.9418174478795864,0.8979845179974122,0.880253455675217,0.8278670730953136,0.669381023768908,3,1,2.0
1186,container,container,['container'],container,Brick,brick,-0.03366,0.8730100000000001,0.93639,0.87841,1.09038,0.81023,0.91768,0.8730066536810935,0.8979845179974122,0.8730066536810935,0.8278670730953136,0.669381023768908,4,4,4.0
1186,secret slot,secret slot,"['secret', 'slot']",secret slot,Brick,brick,0.08896,1.00134,0.96473,1.03842,1.11388,1.08773,1.04122,1.001342673113511,0.8979845179974122,0.9223406015751936,0.8278670730953136,0.669381023768908,4,3,3.5
1186,paperweight,paperweight,['paperweight'],paperweight,Brick,brick,-0.09795,0.77578,0.83424,0.78682,1.03976,0.88425,0.86417,0.7757790505733518,0.8979845179974122,0.7757790505733518,0.7757790505733518,0.669381023768908,2,3,2.5
1186,decoration,decoration,['decoration'],decoration,Brick,brick,-0.121,0.854,0.8456,0.7974600000000001,0.904,0.65896,0.812,0.8539980111905753,0.8979845179974122,0.8539980111905753,0.8278670730953136,0.669381023768908,3,3,3.0
1186,cooking,cooking,['cooking'],cooking,Brick,brick,-0.03326,0.86487,0.94059,0.88705,1.03012,0.83736,0.912,0.8648720321336283,0.8979845179974122,0.8648720321336283,0.8278670730953136,0.669381023768908,2,3,2.5
1186,brick cheese,brick cheese,"['brick', 'cheese']",brick cheese,Brick,brick,-0.00494,0.96501,1.11309,0.81216,0.96013,0.98189,0.96646,0.9650076712867297,0.9517904298696244,0.7861533251669645,0.8278670730953136,0.7364217516992215,2,3,2.5
1174,make a house,make house,['house'],house,Brick,brick,0.08659,1.07242,0.96499,0.99247,1.08304,1.15088,1.05276,0.6598783620439284,0.6977503136976025,0.6598783620439284,0.7002724007291009,0.6598783620439284,1,1,1.0
1174,smash someones head,smash someones head,"['smash', 'someone', 'head']",smash someone head,Brick,brick,0.00818,0.7806500000000001,0.88027,0.96189,0.9844,1.16553,0.95455,0.8281546498712928,0.8159184971118555,0.7779823999309121,0.8278670730953136,0.669381023768908,3,2,2.5
1174,use as pillow,use pillow,['pillow'],pillow,Brick,brick,0.04574,1.13579,0.88659,0.98932,0.94572,0.97622,0.98673,0.7965575726904286,0.8979845179974122,0.7965575726904286,0.8278670730953136,0.669381023768908,5,4,4.5
1133,buildings,buildings,['building'],building,Brick,brick,-0.30127,0.68264,0.79491,0.58348,0.5544100000000001,0.42432,0.60795,0.6070177461092493,0.6461799681895684,0.6070177461092493,0.6488275428828463,0.6070177461092493,1,1,1.0
1133,painting on the brick,painting brick,"['painting', 'brick']",painting brick,Brick,brick,0.11318,1.09745,1.04681,1.06411,1.15292,0.93559,1.05938,1.0974463984378735,0.9517904298696244,0.8645247062457283,0.8278670730953136,0.7364217516992215,4,3,3.5
1133,throwing the brick,throwing brick,"['throwing', 'brick']",throwing brick,Brick,brick,0.02621,0.99416,0.98924,0.91558,0.81058,1.17513,0.97694,0.9941637386444147,0.9004474697107553,0.7673147241021512,0.7454724070254014,0.7673147241021512,3,2,2.5
1133,using it to hammer something,using hammer something,['hammer'],hammer,Brick,brick,-0.00756,0.8324400000000001,0.93441,0.96655,1.06566,0.81662,0.92314,0.7256321295166184,0.8979845179974122,0.7256321295166184,0.8278670730953136,0.669381023768908,3,3,3.0
1133,using it to hold paper down,using hold paper,"['hold', 'paper']",hold paper,Brick,brick,0.00454,0.9916,0.97383,0.94325,0.92323,0.84949,0.93628,0.9423228176444735,0.9786467482103983,0.8667409544682195,0.8796331872754782,0.8667409544682195,2,3,2.5
1133,using it to prop something,using prop something,['prop'],prop,Brick,brick,0.00079,0.97825,0.96934,0.85197,1.09158,0.99634,0.9775,0.9555135010433689,0.8979845179974122,0.9555135010433689,0.9431482087408493,0.7645331292033735,2,3,2.5
1138,building a house,building house,"['building', 'house']",building house,Brick,brick,0.02715,0.84918,1.03531,0.93432,0.96233,1.11167,0.97856,0.849179567332432,0.8612262078617728,0.6598783620439284,0.7002724007291009,0.6598783620439284,1,1,1.0
1138,paperweight,paperweight,['paperweight'],paperweight,Brick,brick,-0.09795,0.77578,0.83424,0.78682,1.03976,0.88425,0.86417,0.7757790505733518,0.8979845179974122,0.7757790505733518,0.7757790505733518,0.669381023768908,2,3,2.5
1138,to attack someone,attack someone,['attack'],attack,Brick,brick,0.08105,0.96362,0.90418,1.08706,0.92843,1.15147,1.00695,0.8803320692745662,0.8979845179974122,0.8803320692745662,0.8278670730953136,0.669381023768908,3,2,2.5
1138,to be used in art,used art,['art'],art,Brick,brick,0.12072,1.03728,1.01035,1.08091,1.04423,1.15604,1.06576,0.8798210863208924,0.8979845179974122,0.8798210863208924,0.8278670730953136,0.669381023768908,4,4,4.0
1221,build a house,build house,"['build', 'house']",build house,Brick,brick,0.03335,0.93854,0.90931,0.97466,0.93696,1.13338,0.97857,0.9385419423022568,0.9385419423022572,0.6804298638907786,0.693725161126023,0.6804298638907786,1,1,1.0
1221,paperweight,paperweight,['paperweight'],paperweight,Brick,brick,-0.09795,0.77578,0.83424,0.78682,1.03976,0.88425,0.86417,0.7757790505733518,0.8979845179974122,0.7757790505733518,0.7757790505733518,0.669381023768908,2,3,2.5
1221,hate message to throw through a window,hate message throw window,"['hate', 'message', 'throw', 'window']",hate message throw window,Brick,brick,0.09186,0.96283,1.137,0.94532,1.11189,1.19746,1.0709,0.9628329970786297,0.8159184971118555,0.9061647650937462,0.7692151825104416,0.7364217516992215,4,3,3.5
1221,toys,toys,['toy'],toy,Brick,brick,0.00172,0.85396,0.929,0.94979,1.09746,0.90163,0.94637,0.8418362264183963,0.8979845179974122,0.8418362264183963,0.8278670730953136,0.669381023768908,3,4,3.5
1221,cook on it if it gets hot enough in the sun,cook gets hot enough sun,"['cook', 'get', 'hot', 'sun']",cook get hot sun,Brick,brick,0.02456,0.90799,1.02981,0.96896,1.08172,0.82497,0.96269,0.987031937920892,0.9517904298696244,0.8560848273868884,0.8278670730953136,0.669381023768908,2,4,3.0
1221,line a park's exterior border,line park exterior border,"['line', 'park', 'exterior', 'border']",line park exterior border,Brick,brick,0.08555,0.9563,1.05215,1.00151,1.02724,1.16946,1.04133,0.9563005864923967,0.8979845179974122,0.9068555955020506,0.9431482087408493,0.669381023768908,1,1,1.0
1194,build something,build something,['build'],build,Brick,brick,0.05314,1.09015,0.93072,0.96991,0.85254,1.16053,1.00077,0.6804298638907786,0.7362069810013294,0.6804298638907786,0.693725161126023,0.4997842981672692,1,1,1.0
1194,weigh papers down,weigh papers,"['weigh', 'paper']",weigh paper,Brick,brick,0.08627,0.92924,1.05222,1.04003,1.048,1.07049,1.028,1.1075819057102452,0.9907413424396236,0.9127323631561781,0.9159386935329475,0.8667409544682195,2,2,2.0
1194,break something,break something,['break'],break,Brick,brick,0.05891,0.96192,0.85327,1.04109,1.01906,1.12217,0.9995,0.8090891840331176,0.8561462490355448,0.8090891840331176,0.8278670730953136,0.7319340187936914,2,2,2.0
1194,use as a weight while working out,use weight working,"['weight', 'working']",weight working,Brick,brick,-0.02616,0.90326,0.9147,0.92926,0.92472,0.83706,0.9018,1.0113826182671457,0.9786467482103983,0.9186584769543387,0.9159386935329475,0.8667409544682195,3,3,3.0
1147,to build a house,build house,"['build', 'house']",build house,Brick,brick,0.03335,0.93854,0.90931,0.97466,0.93696,1.13338,0.97857,0.9385419423022568,0.9385419423022572,0.6804298638907786,0.693725161126023,0.6804298638907786,1,1,1.0
1147,to stand on to be taller,stand taller,"['stand', 'tall']",stand tall,Brick,brick,0.07909,1.02873,1.01869,1.01265,1.05954,1.01848,1.02762,0.9937210351566205,0.8979845179974122,0.8028725545252902,0.8278670730953136,0.8028725545252902,4,3,3.5
1147,to use as a paperweight,use paperweight,['paperweight'],paperweight,Brick,brick,0.03466,1.01905,0.99233,0.98725,0.96061,0.86588,0.96502,0.7757790505733518,0.8979845179974122,0.7757790505733518,0.7757790505733518,0.669381023768908,2,3,2.5
1147,to paint,paint,['paint'],paint,Brick,brick,-0.15585,0.74671,0.80619,0.75842,0.92713,0.6683600000000001,0.78136,0.746705640450906,0.746705640450906,0.746705640450906,0.8278670730953136,0.669381023768908,3,1,2.0
1162,build house,build house,"['build', 'house']",build house,Brick,brick,0.03335,0.93854,0.90931,0.97466,0.93696,1.13338,0.97857,0.9385419423022568,0.9385419423022572,0.6804298638907786,0.693725161126023,0.6804298638907786,1,1,1.0
1162,smash a window,smash window,"['smash', 'window']",smash window,Brick,brick,0.10139,1.00537,1.05338,1.06006,0.91341,1.14243,1.03493,1.005374159938573,0.9417312892927951,0.7319340187936914,0.8278670730953136,0.7319340187936914,2,2,2.0
1162,use it as a weight,use weight,['weight'],weight,Brick,brick,0.1003,1.0955,0.94977,1.05847,0.96398,1.14299,1.04214,0.9186584769543387,0.9786467482103983,0.9186584769543387,0.9159386935329475,0.8667409544682195,2,2,2.0
1102,building houses,building houses,"['building', 'house']",building house,Brick,brick,0.04654,0.95598,1.00878,0.97058,0.93977,1.08309,0.99164,0.849179567332432,0.8612262078617728,0.6598783620439284,0.7002724007291009,0.6598783620439284,1,1,1.0
1102,hitting,hitting,['hitting'],hitting,Brick,brick,-0.11343,0.69492,0.80027,0.83133,0.9433,0.84236,0.82244,0.6949239250556644,0.8979845179974122,0.6949239250556644,0.8278670730953136,0.669381023768908,2,2,2.0
1102,throwing,throwing,['throwing'],throwing,Brick,brick,-0.0513,0.7673099999999999,0.81881,0.93459,1.01815,0.8486400000000001,0.8775,0.7673147241021512,0.9004474697107553,0.7673147241021512,0.7454724070254014,0.7673147241021512,3,2,2.5
1102,stacking,stacking,['stacking'],stacking,Brick,brick,-0.0563,0.8238,0.80642,0.90116,0.99103,0.88447,0.88138,0.8238006692340886,0.8979845179974122,0.8238006692340886,0.8278670730953136,0.669381023768908,2,1,1.5
1230,build a structure house,build structure house,"['build', 'structure', 'house']",build structure house,Brick,brick,-0.01857,0.87825,0.96481,0.91732,1.0239,0.81444,0.91974,0.8782458329770829,0.8058356903730165,0.7509902639169189,0.693725161126023,0.6804298638907786,1,1,1.0
1230,steps,steps,['step'],step,Brick,brick,-0.05229,0.80825,0.9137,0.90664,0.95275,0.79018,0.8743,0.8254536616444708,0.8979845179974122,0.8254536616444708,0.8278670730953136,0.8161172028131468,1,1,1.0
1230,create a small animal trap,create small animal trap,"['create', 'small', 'animal', 'trap']",create small animal trap,Brick,brick,0.06936,1.11084,0.91417,0.97431,0.95182,1.19983,1.03019,1.1108424499883272,0.9117787477856516,0.9530426183227435,0.7221143343185032,0.669381023768908,4,5,4.5
1230,a weapon,weapon,['weapon'],weapon,Brick,brick,0.01624,0.85011,0.96659,0.9662,1.03924,0.96281,0.95699,0.8501088672921583,0.8501088672921584,0.8501088672921583,0.8519367847916444,0.8501088672921583,2,2,2.0
1230,a weight for holding something down or working out,weight holding something working,"['weight', 'holding', 'working']",weight holding working,Brick,brick,0.09242,1.04294,1.03357,1.02858,0.90874,1.15606,1.03398,0.9145951584578393,0.9786467482103983,0.9186584769543387,0.9159386935329475,0.8667409544682195,2,3,2.5
1123,stone,stone,['stone'],stone,Brick,brick,-0.33687,0.61223,0.72645,0.54191,0.63105,0.3918399999999999,0.5807,0.6122341084874485,0.8979845179974122,0.6122341084874485,0.8278670730953136,0.6122341084874485,1,3,2.0
1129,build things,build things,['build'],build,Brick,brick,0.06869,1.17607,0.99301,0.93622,0.91711,1.14607,1.0337,0.6804298638907786,0.7362069810013294,0.6804298638907786,0.693725161126023,0.4997842981672692,1,1,1.0
1129,hold something such as a tarp down when it's windy,hold something tarp windy,"['hold', 'tarp', 'windy']",hold tarp windy,Brick,brick,0.04939,1.07258,0.9719,0.98793,1.01578,0.90552,0.99074,0.8545351745250349,0.8979845179974122,0.8782359780267344,0.8796331872754782,0.669381023768908,2,3,2.5
1228,break a window,break window,"['break', 'window']",break window,Brick,brick,0.04566,0.96992,0.9811,0.94302,0.99641,1.14205,1.0065,0.9699200528842894,0.9417312892927951,0.8090891840331176,0.8278670730953136,0.7319340187936914,2,2,2.0
1228,build a wall,build wall,"['build', 'wall']",build wall,Brick,brick,0.07363,0.97859,0.9455,1.02955,1.02584,1.11625,1.01915,0.9785940898444254,0.7362069810013294,0.6804298638907786,0.6991788255816941,0.4997842981672692,1,1,1.0
1228,raise objects,raise objects,"['raise', 'object']",raise object,Brick,brick,0.09066,1.00369,1.03458,1.03288,0.97041,1.12568,1.03345,1.0035662801479739,0.96676775613051,0.9794472053613577,0.9431482087408493,0.8344656223336426,2,2,2.0
1228,use as a weapon,use weapon,['weapon'],weapon,Brick,brick,0.0754,1.02496,0.92882,0.99053,1.10169,1.16228,1.04166,0.8501088672921583,0.8501088672921584,0.8501088672921583,0.8519367847916444,0.8501088672921583,2,2,2.0
1228,weigh down a,weigh,['weigh'],weigh,Brick,brick,-0.0205,0.91273,0.8911,0.90119,0.97289,0.95683,0.92695,0.9127323631561781,0.9907413424396236,0.9127323631561781,0.9159386935329475,0.669381023768908,2,2,2.0
1193,to break,break,['break'],break,Brick,brick,-0.00834,0.80909,0.92735,0.97246,0.95477,0.91749,0.91623,0.8090891840331176,0.8561462490355448,0.8090891840331176,0.8278670730953136,0.7319340187936914,2,2,2.0
1193,to knock someone out,knock someone,['knock'],knock,Brick,brick,0.08192,0.97563,0.97712,1.08411,0.8879900000000001,1.07728,1.00043,0.7569986111808003,0.8979845179974122,0.7569986111808003,0.8278670730953136,0.669381023768908,2,2,2.0
1193,to build,build,['build'],build,Brick,brick,-0.16209,0.68043,0.81555,0.80979,0.70277,0.69889,0.74149,0.6804298638907786,0.7362069810013294,0.6804298638907786,0.693725161126023,0.4997842981672692,1,1,1.0
1193,to stand on,stand,['stand'],stand,Brick,brick,-0.05265,0.80287,0.96906,0.88517,0.94966,0.7819,0.87773,0.8028725545252902,0.8979845179974122,0.8028725545252902,0.8278670730953136,0.8028725545252902,2,2,2.0
1193,to use as a writing surface,use writing surface,"['writing', 'surface']",writing surface,Brick,brick,-0.00792,0.88809,0.99024,0.89736,1.05147,0.89252,0.94394,0.9275230800254249,0.8979845179974122,0.8525563128577393,0.8278670730953136,0.669381023768908,4,3,3.5
1193,to scrape against something,scrape something,['scrape'],scrape,Brick,brick,0.07722,1.04917,1.04958,1.06333,0.91447,0.88769,0.99285,0.8500423316283668,0.8979845179974122,0.8500423316283668,0.8278670730953136,0.669381023768908,4,3,3.5
1193,to use as a weight,use weight,['weight'],weight,Brick,brick,0.1003,1.0955,0.94977,1.05847,0.96398,1.14299,1.04214,0.9186584769543387,0.9786467482103983,0.9186584769543387,0.9159386935329475,0.8667409544682195,2,2,2.0
1180,wall,wall,['wall'],wall,Brick,brick,-0.37608,0.49978,0.51635,0.5832999999999999,0.37912,0.58773,0.51326,0.4997842981672692,0.7362069810013294,0.4997842981672692,0.7221143343185032,0.4997842981672692,1,1,1.0
1180,lay down bricks,lay bricks,"['lay', 'brick']",lay brick,Brick,brick,0.06508,1.12172,0.97427,0.94426,1.07753,1.05873,1.0353,1.079050542106036,0.9517904298696244,0.8087068949078542,0.8278670730953136,0.7364217516992215,1,1,1.0
1180,hold down an object that will blow away,hold object will blow away,"['hold', 'object', 'blow', 'away']",hold object blow away,Brick,brick,0.02217,0.96499,1.02074,0.99615,0.89392,0.81223,0.93761,1.0381366828011078,0.96676775613051,0.9794472053613577,0.8796331872754782,0.8344656223336426,2,2,2.0
1180,throw a brick at something,throw brick something,"['throw', 'brick']",throw brick,Brick,brick,-0.1065,0.55112,0.91901,0.84706,1.04349,0.76874,0.82588,0.9382785866025327,0.9517904298696244,0.7364217516992215,0.7692151825104416,0.7364217516992215,3,2,2.5
1180,build a house,build house,"['build', 'house']",build house,Brick,brick,0.03335,0.93854,0.90931,0.97466,0.93696,1.13338,0.97857,0.9385419423022568,0.9385419423022572,0.6804298638907786,0.693725161126023,0.6804298638907786,1,1,1.0
1209,wall,wall,['wall'],wall,Brick,brick,-0.37608,0.49978,0.51635,0.5832999999999999,0.37912,0.58773,0.51326,0.4997842981672692,0.7362069810013294,0.4997842981672692,0.7221143343185032,0.4997842981672692,1,1,1.0
1209,house,house,['house'],house,Brick,brick,-0.20356,0.65988,0.82071,0.6907099999999999,0.85592,0.63317,0.73208,0.6598783620439284,0.6977503136976025,0.6598783620439284,0.7002724007291009,0.6598783620439284,1,1,1.0
1209,throwing at people in old times,throwing people old times,"['throwing', 'people', 'old', 'time']",throwing people old time,Brick,brick,0.0932,0.97215,1.02216,1.04699,0.93667,1.18497,1.03259,0.9928734185362986,0.9004474697107553,0.8066790878230565,0.7454724070254014,0.7673147241021512,3,2,2.5
1209,fire pits,fire pits,"['fire', 'pit']",fire pit,Brick,brick,0.10256,0.98866,0.95815,1.09072,1.03273,1.12264,1.03858,1.0173601932035907,0.9117787477856516,0.7492170819170929,0.7002724007291009,0.669381023768908,2,3,2.5
1209,driveways,driveways,['driveway'],driveway,Brick,brick,-0.20129,0.74908,0.7215,0.68946,0.82609,0.7178100000000001,0.74079,0.6813360346100492,0.8979845179974122,0.6813360346100492,0.8278670730953136,0.669381023768908,2,1,1.5
1226,to smash a window,smash window,"['smash', 'window']",smash window,Brick,brick,0.10139,1.00537,1.05338,1.06006,0.91341,1.14243,1.03493,1.005374159938573,0.9417312892927951,0.7319340187936914,0.8278670730953136,0.7319340187936914,2,2,2.0
1226,to build a house,build house,"['build', 'house']",build house,Brick,brick,0.03335,0.93854,0.90931,0.97466,0.93696,1.13338,0.97857,0.9385419423022568,0.9385419423022572,0.6804298638907786,0.693725161126023,0.6804298638907786,1,1,1.0
1226,to build a wall,build wall,"['build', 'wall']",build wall,Brick,brick,0.07363,0.97859,0.9455,1.02955,1.02584,1.11625,1.01915,0.9785940898444254,0.7362069810013294,0.6804298638907786,0.6991788255816941,0.4997842981672692,1,1,1.0
1226,to use as a door stop,use door stop,"['door', 'stop']",door stop,Brick,brick,0.01239,0.84221,1.00387,0.99738,1.01174,0.80962,0.93296,0.9438331760622682,0.8979845179974122,0.7906752004903184,0.832977898365827,0.669381023768908,2,3,2.5
1226,to use as a weigh or counterbalance,use weigh counterbalance,"['weigh', 'counterbalance']",weigh counterbalance,Brick,brick,0.03604,0.94629,0.93465,0.95177,1.00542,1.12657,0.99294,1.0302645490449878,0.9907413424396236,0.9363067029883146,0.9159386935329475,0.669381023768908,2,3,2.5
1226,to use as a projectile in a fight,use projectile fight,"['projectile', 'fight']",projectile fight,Brick,brick,0.02782,0.97106,0.99333,1.02608,0.89239,0.79844,0.93626,0.9128531549296136,0.8979845179974122,0.8548569139012265,0.8278670730953136,0.669381023768908,3,3,3.0
1121,build a house,build house,"['build', 'house']",build house,Brick,brick,0.03335,0.93854,0.90931,0.97466,0.93696,1.13338,0.97857,0.9385419423022568,0.9385419423022572,0.6804298638907786,0.693725161126023,0.6804298638907786,1,1,1.0
1121,break a window,break window,"['break', 'window']",break window,Brick,brick,0.04566,0.96992,0.9811,0.94302,0.99641,1.14205,1.0065,0.9699200528842894,0.9417312892927951,0.8090891840331176,0.8278670730953136,0.7319340187936914,2,2,2.0
1121,use as a paper weight,use paper weight,"['paper', 'weight']",paper weight,Brick,brick,-0.02433,0.82103,0.98841,0.89331,1.0348,0.86885,0.92128,1.0806346931061082,0.9786467482103983,0.9186584769543387,0.9159386935329475,0.8667409544682195,2,2,2.0
1121,use as stepping stool,use stepping stool,"['stepping', 'stool']",stepping stool,Brick,brick,-0.02285,0.95635,0.88973,0.93905,0.91332,0.8148299999999999,0.90266,1.01196721171593,0.8979845179974122,0.8350225076377215,0.8278670730953136,0.8161172028131468,3,2,2.5
1121,weapon,weapon,['weapon'],weapon,Brick,brick,0.01624,0.85011,0.96659,0.9662,1.03924,0.96281,0.95699,0.8501088672921583,0.8501088672921584,0.8501088672921583,0.8519367847916444,0.8501088672921583,2,2,2.0
1118,build house,build house,"['build', 'house']",build house,Brick,brick,0.03335,0.93854,0.90931,0.97466,0.93696,1.13338,0.97857,0.9385419423022568,0.9385419423022572,0.6804298638907786,0.693725161126023,0.6804298638907786,1,1,1.0
1118,weapon,weapon,['weapon'],weapon,Brick,brick,0.01624,0.85011,0.96659,0.9662,1.03924,0.96281,0.95699,0.8501088672921583,0.8501088672921584,0.8501088672921583,0.8519367847916444,0.8501088672921583,2,2,2.0
1118,used in oven,used oven,['oven'],oven,Brick,brick,0.05917,1.05938,0.93621,1.00385,0.93613,1.06623,1.00036,0.71102015617617,0.8979845179974122,0.71102015617617,0.8278670730953136,0.669381023768908,3,4,3.5
1118,barricade,barricade,['barricade'],barricade,Brick,brick,-0.15718,0.74611,0.85293,0.74093,0.73409,0.7959499999999999,0.774,0.7461067905930231,0.8979845179974122,0.7461067905930231,0.8278670730953136,0.669381023768908,4,1,2.5
1118,can be painted on for art,can painted art,"['painted', 'art']",painted art,Brick,brick,0.00699,0.95133,0.86095,0.99789,1.07485,0.79391,0.93579,1.052306302423894,0.8979845179974122,0.8798210863208924,0.8278670730953136,0.669381023768908,3,3,3.0
1460,building,building,['building'],building,Brick,brick,-0.36378,0.60702,0.70089,0.5403899999999999,0.4018699999999999,0.40225,0.53048,0.6070177461092493,0.6461799681895684,0.6070177461092493,0.6488275428828463,0.6070177461092493,1,1,1.0
1460,weapon,weapon,['weapon'],weapon,Brick,brick,0.01624,0.85011,0.96659,0.9662,1.03924,0.96281,0.95699,0.8501088672921583,0.8501088672921584,0.8501088672921583,0.8519367847916444,0.8501088672921583,2,2,2.0
1460,breaking into somewhere,breaking somewhere,['breaking'],breaking,Brick,brick,0.05569,0.88811,1.00647,0.98305,1.0994,1.07814,1.01103,0.8525580107248488,0.8159184971118555,0.8525580107248488,0.8278670730953136,0.669381023768908,2,2,2.0
1460,art piece,art piece,"['art', 'piece']",art piece,Brick,brick,0.09175,1.06976,1.0165,0.98861,1.08398,1.13128,1.05803,1.0697581593291494,0.8979845179974122,0.8798210863208924,0.8278670730953136,0.669381023768908,4,3,3.5
1488,build houses and other buildings,build houses buildings,"['build', 'house', 'building']",build house building,Brick,brick,-0.12592,0.72583,0.92325,0.81077,0.69279,0.78338,0.7872,0.7334255477689501,0.8058356903730165,0.6804298638907786,0.693725161126023,0.6598783620439284,1,1,1.0
1488,as a weapon to break glass/houses or injure people,weapon break glass houses injure people,"['weapon', 'break', 'glass', 'house', 'injure', 'people']",weapon break glass house injure people,Brick,brick,0.12166,1.04627,1.06445,1.05483,0.99798,1.19121,1.07095,1.099009777767614,0.8561462490355448,0.8921509697803421,0.8519367847916444,0.8921509697803421,2,2,2.0
1488,as an object to prop up other objects and get them to the ri,object prop objects get ri,"['object', 'prop', 'object', 'ri']",object prop object ri,Brick,brick,0.01559,1.01023,0.96182,0.94476,0.93655,0.91918,0.95451,1.0162829944388114,0.96676775613051,0.998681767338451,0.9431482087408493,0.8344656223336426,2,2,2.0
1533,material for a house,material house,"['material', 'house']",material house,Brick,brick,0.0656,0.92498,0.90493,1.03664,1.00978,1.16611,1.00849,0.9249820236196484,0.6977503136976025,0.8582183109460211,0.7002724007291009,0.6598783620439284,1,1,1.0
1533,door stop,door stop,"['door', 'stop']",door stop,Brick,brick,0.05791,0.94383,0.88492,1.01083,1.05276,1.15782,1.01003,0.9438331760622682,0.8979845179974122,0.7906752004903184,0.832977898365827,0.669381023768908,2,2,2.0
1533,paper weight,paper weight,"['paper', 'weight']",paper weight,Brick,brick,0.05626,1.08063,0.92728,0.95949,1.00282,1.11712,1.01747,1.0806346931061082,0.9786467482103983,0.9186584769543387,0.9159386935329475,0.8667409544682195,2,2,2.0
1373,build a house,build house,"['build', 'house']",build house,Brick,brick,0.03335,0.93854,0.90931,0.97466,0.93696,1.13338,0.97857,0.9385419423022568,0.9385419423022572,0.6804298638907786,0.693725161126023,0.6804298638907786,1,1,1.0
1373,break a window,break window,"['break', 'window']",break window,Brick,brick,0.04566,0.96992,0.9811,0.94302,0.99641,1.14205,1.0065,0.9699200528842894,0.9417312892927951,0.8090891840331176,0.8278670730953136,0.7319340187936914,2,2,2.0
1373,hurt someone,hurt someone,['hurt'],hurt,Brick,brick,0.08995,0.92824,0.96354,1.09323,0.99719,1.10533,1.01751,0.7941979526437126,0.8979845179974122,0.7941979526437126,0.8278670730953136,0.669381023768908,3,2,2.5
1373,test gravity,test gravity,"['test', 'gravity']",test gravity,Brick,brick,0.04426,0.96227,0.96731,0.93642,1.08111,1.11451,1.01232,0.9622724776003264,0.8979845179974122,0.923068901455007,0.9269415119642969,0.669381023768908,4,4,4.0
1373,break something like a lock,break something like lock,"['break', 'like', 'lock']",break like lock,Brick,brick,0.06605,1.01107,0.99235,0.97693,0.97315,1.15304,1.02131,0.8235330781201757,0.8561462490355448,0.8330828437753939,0.8278670730953136,0.7319340187936914,2,1,1.5
1373,weigh paper down,weigh paper,"['weigh', 'paper']",weigh paper,Brick,brick,0.07916,1.10758,1.03826,0.98085,0.97827,1.05865,1.03272,1.1075819057102452,0.9907413424396236,0.9127323631561781,0.9159386935329475,0.8667409544682195,2,2,2.0
1373,sanding,sanding,['sanding'],sanding,Brick,brick,-0.1133,0.82742,0.7119800000000001,0.82469,0.8993,0.86919,0.82652,0.8274231193550763,0.8979845179974122,0.8274231193550763,0.8278670730953136,0.669381023768908,2,5,3.5
1603,house,house,['house'],house,Brick,brick,-0.20356,0.65988,0.82071,0.6907099999999999,0.85592,0.63317,0.73208,0.6598783620439284,0.6977503136976025,0.6598783620439284,0.7002724007291009,0.6598783620439284,1,1,1.0
1603,weapon,weapon,['weapon'],weapon,Brick,brick,0.01624,0.85011,0.96659,0.9662,1.03924,0.96281,0.95699,0.8501088672921583,0.8501088672921584,0.8501088672921583,0.8519367847916444,0.8501088672921583,2,2,2.0
1603,paper weight,paper weight,"['paper', 'weight']",paper weight,Brick,brick,0.05626,1.08063,0.92728,0.95949,1.00282,1.11712,1.01747,1.0806346931061082,0.9786467482103983,0.9186584769543387,0.9159386935329475,0.8667409544682195,2,2,2.0
1599,To build a house,to build house,"['build', 'house']",build house,Brick,brick,-0.04545,0.74895,0.94297,0.9308,0.93995,0.80832,0.8742,0.9385419423022568,0.9385419423022572,0.6804298638907786,0.693725161126023,0.6804298638907786,1,1,1.0
1599,to kill someone,kill someone,['kill'],kill,Brick,brick,0.07277,0.93581,0.92065,1.06638,0.99228,1.10832,1.00469,0.8339847603977628,0.8979845179974122,0.8339847603977628,0.8278670730953136,0.8339847603977628,3,2,2.5
1599,to use it as a means of trading,use means trading,"['mean', 'trading']",mean trading,Brick,brick,-0.01209,0.95232,1.02316,0.8462000000000001,1.0827,0.86864,0.9546,1.0962462636875268,0.8979845179974122,0.9043909404294495,0.8278670730953136,0.669381023768908,4,4,4.0
1528,building,building,['building'],building,Brick,brick,-0.36378,0.60702,0.70089,0.5403899999999999,0.4018699999999999,0.40225,0.53048,0.6070177461092493,0.6461799681895684,0.6070177461092493,0.6488275428828463,0.6070177461092493,1,1,1.0
1528,to break something,break something,['break'],break,Brick,brick,0.05891,0.96192,0.85327,1.04109,1.01906,1.12217,0.9995,0.8090891840331176,0.8561462490355448,0.8090891840331176,0.8278670730953136,0.7319340187936914,2,2,2.0
1528,hold something down,hold something,['hold'],hold,Brick,brick,0.07156,0.94711,1.08669,0.95404,1.06617,1.13447,1.0377,0.8625331842081893,0.8979845179974122,0.8625331842081893,0.8796331872754782,0.669381023768908,2,2,2.0
1528,hold a door open,hold door open,"['hold', 'door', 'open']",hold door open,Brick,brick,-0.00734,0.84537,0.90087,0.99774,1.00593,0.80118,0.91022,0.8453686479611201,0.8979845179974122,0.8707333495496578,0.8796331872754782,0.669381023768908,2,1,1.5
1442,to build a house,build house,"['build', 'house']",build house,Brick,brick,0.03335,0.93854,0.90931,0.97466,0.93696,1.13338,0.97857,0.9385419423022568,0.9385419423022572,0.6804298638907786,0.693725161126023,0.6804298638907786,1,1,1.0
1442,to use as a stepping stone,use stepping stone,"['stepping', 'stone']",stepping stone,Brick,brick,-0.01989,0.80791,0.89938,0.96996,1.03119,0.8142199999999999,0.90453,1.0241411460237493,0.8979845179974122,0.8350225076377215,0.8278670730953136,0.6122341084874485,3,2,2.5
1442,to throw at someone,throw someone,['throw'],throw,Brick,brick,0.06891,0.89888,0.97459,1.04654,1.0321,1.07294,1.00501,0.7364217516992215,0.8159184971118555,0.7364217516992215,0.7692151825104416,0.7364217516992215,3,2,2.5
1442,to use as a weight,use weight,['weight'],weight,Brick,brick,0.1003,1.0955,0.94977,1.05847,0.96398,1.14299,1.04214,0.9186584769543387,0.9786467482103983,0.9186584769543387,0.9159386935329475,0.8667409544682195,2,2,2.0
1442,to draw on,draw,['draw'],draw,Brick,brick,0.03422,0.92609,0.96253,0.95848,1.10339,0.99692,0.98948,0.9260911604137034,0.96676775613051,0.9260911604137034,0.9129612194748683,0.669381023768908,2,3,2.5
1442,to paint,paint,['paint'],paint,Brick,brick,-0.15585,0.74671,0.80619,0.75842,0.92713,0.6683600000000001,0.78136,0.746705640450906,0.746705640450906,0.746705640450906,0.8278670730953136,0.669381023768908,3,3,3.0
1442,to bury,bury,['bury'],bury,Brick,brick,-0.00274,0.78279,0.9932,0.91346,1.07329,0.98972,0.95049,0.7827857769716648,0.7827857769716648,0.7827857769716648,0.8278670730953136,0.669381023768908,3,4,3.5
1442,to decorate,decorate,['decorate'],decorate,Brick,brick,-0.11638,0.79333,0.83464,0.8134,0.97385,0.681,0.81924,0.7933272395554283,0.8979845179974122,0.7933272395554283,0.7933272395554283,0.669381023768908,3,3,3.0
1614,Build a house with it,build house,"['build', 'house']",build house,Brick,brick,0.03335,0.93854,0.90931,0.97466,0.93696,1.13338,0.97857,0.9385419423022568,0.9385419423022572,0.6804298638907786,0.693725161126023,0.6804298638907786,1,1,1.0
1614,use it as a weapon,use weapon,['weapon'],weapon,Brick,brick,0.0754,1.02496,0.92882,0.99053,1.10169,1.16228,1.04166,0.8501088672921583,0.8501088672921584,0.8501088672921583,0.8519367847916444,0.8501088672921583,2,2,2.0
1503,build a house,build house,"['build', 'house']",build house,Brick,brick,0.03335,0.93854,0.90931,0.97466,0.93696,1.13338,0.97857,0.9385419423022568,0.9385419423022572,0.6804298638907786,0.693725161126023,0.6804298638907786,1,1,1.0
1503,break a window,break window,"['break', 'window']",break window,Brick,brick,0.04566,0.96992,0.9811,0.94302,0.99641,1.14205,1.0065,0.9699200528842894,0.9417312892927951,0.8090891840331176,0.8278670730953136,0.7319340187936914,2,2,2.0
1503,use as a weapon,use weapon,['weapon'],weapon,Brick,brick,0.0754,1.02496,0.92882,0.99053,1.10169,1.16228,1.04166,0.8501088672921583,0.8501088672921584,0.8501088672921583,0.8519367847916444,0.8501088672921583,2,2,2.0
1328,to break a window,break window,"['break', 'window']",break window,Brick,brick,0.04566,0.96992,0.9811,0.94302,0.99641,1.14205,1.0065,0.9699200528842894,0.9417312892927951,0.8090891840331176,0.8278670730953136,0.7319340187936914,2,2,2.0
1328,to make a building/house,make building house,"['building', 'house']",building house,Brick,brick,0.01525,0.75235,1.03067,0.98593,1.17903,0.8063400000000001,0.95086,0.849179567332432,0.8612262078617728,0.6598783620439284,0.7002724007291009,0.6598783620439284,1,1,1.0
1328,to use as a stand to reach something higher,use stand reach something higher,"['stand', 'reach', 'higher']",stand reach higher,Brick,brick,0.00508,0.90926,0.99266,0.93997,1.06127,0.82728,0.94609,0.9191115532319741,0.8979845179974122,0.9642459947237129,0.8278670730953136,0.8028725545252902,2,2,2.0
1328,to use in the lifeguard test to represent carrying a person,use lifeguard test represent carrying person,"['lifeguard', 'test', 'represent', 'carrying', 'person']",lifeguard test represent carrying person,Brick,brick,0.08629,0.9976,0.91439,1.02929,1.15066,1.1448,1.04735,1.0349166986038554,0.8979845179974122,0.9385593434921665,0.9269415119642969,0.669381023768908,5,5,5.0
1328,for use in self defense,use self defense,"['self', 'defense']",self defense,Brick,brick,0.02037,0.92071,0.91859,1.00079,1.03626,0.87559,0.95039,1.0684931796690726,0.8979845179974122,0.9055267315607786,0.8278670730953136,0.669381023768908,2,2,2.0
1472,to smash,smash,['smash'],smash,Brick,brick,-0.11017,0.7072,0.79516,0.82062,0.98689,0.86092,0.83416,0.7072028959459018,0.8159184971118555,0.7072028959459018,0.8278670730953136,0.669381023768908,2,2,2.0
1472,to build,build,['build'],build,Brick,brick,-0.16209,0.68043,0.81555,0.80979,0.70277,0.69889,0.74149,0.6804298638907786,0.7362069810013294,0.6804298638907786,0.693725161126023,0.4997842981672692,1,1,1.0
1472,to weigh down,weigh,['weigh'],weigh,Brick,brick,-0.0205,0.91273,0.8911,0.90119,0.97289,0.95683,0.92695,0.9127323631561781,0.9907413424396236,0.9127323631561781,0.9159386935329475,0.669381023768908,2,2,2.0
1472,to exercise,exercise,['exercise'],exercise,Brick,brick,0.06457,0.93333,0.94711,1.04575,1.0166,1.05135,0.99883,0.9333322226568842,0.8979845179974122,0.9333322226568842,0.8278670730953136,0.669381023768908,3,2,2.5
1472,to eat,eat,['eat'],eat,Brick,brick,0.00622,0.83662,0.96789,0.97283,0.99446,0.91024,0.93641,0.8366175411276663,0.8979845179974122,0.8366175411276663,0.8278670730953136,0.669381023768908,4,5,4.5
1472,to grind,grind,['grind'],grind,Brick,brick,-0.02212,0.83447,0.88327,0.93566,0.99687,0.92264,0.91458,0.8344656223336426,0.96676775613051,0.8344656223336426,0.9431482087408493,0.8344656223336426,3,2,2.5
1463,building,building,['building'],building,Brick,brick,-0.36378,0.60702,0.70089,0.5403899999999999,0.4018699999999999,0.40225,0.53048,0.6070177461092493,0.6461799681895684,0.6070177461092493,0.6488275428828463,0.6070177461092493,1,1,1.0
1463,lining for a patio of sorts,lining patio sorts,"['lining', 'patio', 'sort']",lining patio sort,Brick,brick,-0.03176,0.89791,0.96065,0.89091,1.0099,0.78374,0.90862,0.8815486104882726,0.8979845179974122,0.860641942852735,0.8278670730953136,0.669381023768908,1,2,1.5
1463,weapon,weapon,['weapon'],weapon,Brick,brick,0.01624,0.85011,0.96659,0.9662,1.03924,0.96281,0.95699,0.8501088672921583,0.8501088672921584,0.8501088672921583,0.8519367847916444,0.8501088672921583,2,2,2.0
1463,dust,dust,['dust'],dust,Brick,brick,-0.09674,0.7793,0.8728899999999999,0.85848,0.89117,0.72428,0.82522,0.7793008074153975,0.8979845179974122,0.7793008074153975,0.8278670730953136,0.669381023768908,2,4,3.0
1463,cooking,cooking,['cooking'],cooking,Brick,brick,-0.03326,0.86487,0.94059,0.88705,1.03012,0.83736,0.912,0.8648720321336283,0.8979845179974122,0.8648720321336283,0.8278670730953136,0.669381023768908,3,4,3.5
1463,planting,planting,['planting'],planting,Brick,brick,-0.05943,0.90555,0.848,0.85293,0.97055,0.8665,0.88871,0.9055546787212888,0.8979845179974122,0.9055546787212888,0.8278670730953136,0.669381023768908,2,4,3.0
1531,build buildings,build buildings,"['build', 'building']",build building,Brick,brick,0.06997,1.07035,0.9396,0.9883,0.9832,1.14756,1.0258,0.9729290994062888,0.8612262078617728,0.6804298638907786,0.6488275428828463,0.6598783620439284,1,1,1.0
1531,throwing,throwing,['throwing'],throwing,Brick,brick,-0.0513,0.7673099999999999,0.81881,0.93459,1.01815,0.8486400000000001,0.8775,0.7673147241021512,0.9004474697107553,0.7673147241021512,0.7454724070254014,0.7673147241021512,3,2,2.5
1531,decoration,decoration,['decoration'],decoration,Brick,brick,-0.121,0.854,0.8456,0.7974600000000001,0.904,0.65896,0.812,0.8539980111905753,0.8979845179974122,0.8539980111905753,0.8278670730953136,0.669381023768908,3,3,3.0
1402,throwing,throwing,['throwing'],throwing,Brick,brick,-0.0513,0.7673099999999999,0.81881,0.93459,1.01815,0.8486400000000001,0.8775,0.7673147241021512,0.9004474697107553,0.7673147241021512,0.7454724070254014,0.7673147241021512,3,2,2.5
1402,building,building,['building'],building,Brick,brick,-0.36378,0.60702,0.70089,0.5403899999999999,0.4018699999999999,0.40225,0.53048,0.6070177461092493,0.6461799681895684,0.6070177461092493,0.6488275428828463,0.6070177461092493,1,1,1.0
1402,smashing,smashing,['smashing'],smashing,Brick,brick,-0.10577,0.76077,0.77391,0.85875,0.92298,0.79373,0.82203,0.760773330039553,0.8561462490355448,0.760773330039553,0.8278670730953136,0.7319340187936914,2,2,2.0
1402,weighing something down,weighing something,['weighing'],weighing,Brick,brick,0.05944,1.00529,0.99196,0.984,0.93215,1.11694,1.00607,0.9147980904820512,0.8979845179974122,0.9147980904820512,0.8278670730953136,0.669381023768908,2,2,2.0
1402,standing on it for height,standing height,"['standing', 'height']",standing height,Brick,brick,0.08232,1.0466,1.08022,0.98777,0.96406,1.08547,1.03282,1.046595989588278,0.8979845179974122,0.877096913804627,0.8278670730953136,0.669381023768908,2,2,2.0
1526,build a house,build house,"['build', 'house']",build house,Brick,brick,0.03335,0.93854,0.90931,0.97466,0.93696,1.13338,0.97857,0.9385419423022568,0.9385419423022572,0.6804298638907786,0.693725161126023,0.6804298638907786,1,1,1.0
1526,crack an object,crack object,"['crack', 'object']",crack object,Brick,brick,0.10533,1.04008,1.09156,1.01105,0.98949,1.17029,1.06049,1.0400839383440315,0.96676775613051,0.9794472053613577,0.9431482087408493,0.8344656223336426,3,2,2.5
1526,stepping block,stepping block,"['stepping', 'block']",stepping block,Brick,brick,0.07142,0.97411,1.13672,0.96253,0.8788,1.14741,1.01991,0.9741121149092593,0.8979845179974122,0.8350225076377215,0.8278670730953136,0.6122341084874485,3,2,2.5
1526,weights,weights,['weight'],weight,Brick,brick,0.00421,0.93013,0.8706,0.96236,1.01532,0.94115,0.94391,0.9186584769543387,0.9786467482103983,0.9186584769543387,0.9159386935329475,0.8667409544682195,2,2,2.0
1526,use to grind objects,use grind objects,"['grind', 'object']",grind object,Brick,brick,0.01165,0.99928,0.85746,1.00918,0.99918,0.80291,0.9336,1.0023760566370619,0.96676775613051,0.9794472053613577,0.9431482087408493,0.8344656223336426,2,2,2.0
1440,build a house,build house,"['build', 'house']",build house,Brick,brick,0.03335,0.93854,0.90931,0.97466,0.93696,1.13338,0.97857,0.9385419423022568,0.9385419423022572,0.6804298638907786,0.693725161126023,0.6804298638907786,1,1,1.0
1440,break a window,break window,"['break', 'window']",break window,Brick,brick,0.04566,0.96992,0.9811,0.94302,0.99641,1.14205,1.0065,0.9699200528842894,0.9417312892927951,0.8090891840331176,0.8278670730953136,0.7319340187936914,2,2,2.0
1440,weigh down papers,weigh papers,"['weigh', 'paper']",weigh paper,Brick,brick,0.08627,0.92924,1.05222,1.04003,1.048,1.07049,1.028,1.1075819057102452,0.9907413424396236,0.9127323631561781,0.9159386935329475,0.8667409544682195,2,2,2.0
1440,pave a street,pave street,"['pave', 'street']",pave street,Brick,brick,0.08927,1.06257,0.97423,1.00756,1.02671,1.16779,1.04777,1.0625696063108632,0.8979845179974122,0.8975175321225399,0.8278670730953136,0.6122341084874485,1,2,1.5
1610,hit someone,hit someone,['hit'],hit,Brick,brick,0.04898,0.97299,0.98604,0.95454,1.00842,1.11241,1.00688,0.6351205128050593,0.8979845179974122,0.6351205128050593,0.7454724070254014,0.6351205128050593,2,2,2.0
1610,stack them up to form a wall,stack form wall,"['stack', 'form', 'wall']",stack form wall,Brick,brick,0.03546,0.95529,1.06006,0.94957,1.08795,0.8677,0.98411,0.9552930180128659,0.7362069810013294,0.9111166993362254,0.7221143343185032,0.4997842981672692,1,1,1.0
1610,break a window,break window,"['break', 'window']",break window,Brick,brick,0.04566,0.96992,0.9811,0.94302,0.99641,1.14205,1.0065,0.9699200528842894,0.9417312892927951,0.8090891840331176,0.8278670730953136,0.7319340187936914,2,2,2.0
1610,sit on it as a little stool,sit little stool,"['sit', 'little', 'stool']",sit little stool,Brick,brick,0.00671,0.88383,0.97657,0.96153,1.11028,0.7887500000000001,0.94419,0.8838258101950218,0.8979845179974122,0.8161172028131468,0.8278670730953136,0.8161172028131468,2,2,2.0
1610,open a bottle against it,open bottle,"['open', 'bottle']",open bottle,Brick,brick,0.12171,0.95502,1.0863,1.08876,1.06392,1.1111,1.06102,0.9550215131480144,0.8979845179974122,0.8707333495496578,0.8796331872754782,0.669381023768908,3,3,3.0
1610,place something on top of it so it doesn't touch the ground,place something top touch ground,"['place', 'doesnt', 'touch', 'ground']",place doesnt touch ground,Brick,brick,0.01794,0.86548,1.02378,0.99459,1.01452,0.80374,0.94042,1.0991581624627929,0.8979845179974122,0.8981079744180375,0.8796331872754782,0.669381023768908,3,2,2.5
1320,build a building,build building,"['build', 'building']",build building,Brick,brick,0.0478,0.97293,0.92191,0.98465,0.9736,1.13039,0.9967,0.9729290994062888,0.8612262078617728,0.6804298638907786,0.6488275428828463,0.6598783620439284,1,1,1.0
1320,hit someone,hit someone,['hit'],hit,Brick,brick,0.04898,0.97299,0.98604,0.95454,1.00842,1.11241,1.00688,0.6351205128050593,0.8979845179974122,0.6351205128050593,0.7454724070254014,0.6351205128050593,2,2,2.0
1320,carve into it,carve,['carve'],carve,Brick,brick,-0.04274,0.90724,0.79409,0.9124,0.9444,0.91335,0.8943,0.9072410253921872,0.8979845179974122,0.9072410253921872,0.8278670730953136,0.669381023768908,3,2,2.5
1320,door stopper,door stopper,"['door', 'stopper']",door stopper,Brick,brick,0.05713,0.93938,0.98469,1.03161,1.03118,0.96106,0.98958,0.9393815575740491,0.8979845179974122,0.8687574728730771,0.832977898365827,0.669381023768908,2,2,2.0
1382,build something,build something,['build'],build,Brick,brick,0.05314,1.09015,0.93072,0.96991,0.85254,1.16053,1.00077,0.6804298638907786,0.7362069810013294,0.6804298638907786,0.693725161126023,0.4997842981672692,1,1,1.0
1382,paper weight,paper weight,"['paper', 'weight']",paper weight,Brick,brick,0.05626,1.08063,0.92728,0.95949,1.00282,1.11712,1.01747,1.0806346931061082,0.9786467482103983,0.9186584769543387,0.9159386935329475,0.8667409544682195,2,2,2.0
1382,weapon,weapon,['weapon'],weapon,Brick,brick,0.01624,0.85011,0.96659,0.9662,1.03924,0.96281,0.95699,0.8501088672921583,0.8501088672921584,0.8501088672921583,0.8519367847916444,0.8501088672921583,2,2,2.0
1382,weightlifting,weightlifting,['weightlifting'],weightlifting,Brick,brick,-0.00972,0.87722,0.80597,0.94575,0.94357,1.09611,0.93372,0.8772223144684397,0.8979845179974122,0.8772223144684397,0.8278670730953136,0.669381023768908,3,3,3.0
1382,step stool,step stool,"['step', 'stool']",step stool,Brick,brick,0.07219,0.97091,0.94043,1.04044,1.01464,1.09588,1.01246,0.9709062452986547,0.8979845179974122,0.8254536616444708,0.8278670730953136,0.8161172028131468,3,2,2.5
1382,break something,break something,['break'],break,Brick,brick,0.05891,0.96192,0.85327,1.04109,1.01906,1.12217,0.9995,0.8090891840331176,0.8561462490355448,0.8090891840331176,0.8278670730953136,0.7319340187936914,2,2,2.0
1382,write on other rocks,write rocks,"['write', 'rock']",write rock,Brick,brick,0.10698,0.94043,1.04028,1.10797,0.9366,1.1168,1.02842,0.9092262019481547,0.8159184971118555,0.860871806155203,0.860871806155203,0.7364217516992215,3,3,3.0
1458,build things,build things,['build'],build,Brick,brick,0.06869,1.17607,0.99301,0.93622,0.91711,1.14607,1.0337,0.6804298638907786,0.7362069810013294,0.6804298638907786,0.693725161126023,0.4997842981672692,1,1,1.0
1458,hold things in place,hold things place,"['hold', 'place']",hold place,Brick,brick,0.025,0.85926,1.06763,1.00381,0.95372,0.8226,0.9414,1.0766428019785181,0.8979845179974122,0.8625331842081893,0.8796331872754782,0.669381023768908,2,2,2.0
1458,throw things,throw things,['throw'],throw,Brick,brick,0.06653,1.09473,0.96693,0.97362,1.03125,1.05812,1.02493,0.7364217516992215,0.8159184971118555,0.7364217516992215,0.7692151825104416,0.7364217516992215,3,2,2.5
1559,to break a window,break window,"['break', 'window']",break window,Brick,brick,0.04566,0.96992,0.9811,0.94302,0.99641,1.14205,1.0065,0.9699200528842894,0.9417312892927951,0.8090891840331176,0.8278670730953136,0.7319340187936914,2,2,2.0
1559,to build a wall,build wall,"['build', 'wall']",build wall,Brick,brick,0.07363,0.97859,0.9455,1.02955,1.02584,1.11625,1.01915,0.9785940898444254,0.7362069810013294,0.6804298638907786,0.6991788255816941,0.4997842981672692,1,1,1.0
1559,to make a stand for something,make stand something,['stand'],stand,Brick,brick,-0.03234,0.80333,0.91292,0.93482,1.01335,0.82308,0.8975,0.8028725545252902,0.8979845179974122,0.8028725545252902,0.8278670730953136,0.8028725545252902,2,3,2.5
1559,to use as defense,use defense,['defense'],defense,Brick,brick,0.05415,0.92268,1.01007,0.9617,1.06987,1.10886,1.01464,0.904204747761234,0.8979845179974122,0.904204747761234,0.8278670730953136,0.669381023768908,2,2,2.0
1559,to weigh something down,weigh something,['weigh'],weigh,Brick,brick,0.0298,0.96963,0.93279,0.95207,0.94878,1.09396,0.97945,0.9127323631561781,0.9907413424396236,0.9127323631561781,0.9159386935329475,0.669381023768908,2,2,2.0
1559,to prop something up like a phone,prop something like phone,"['prop', 'like', 'phone']",prop like phone,Brick,brick,0.04293,1.04691,0.96992,0.97763,0.97722,0.94968,0.98427,0.9283118078596632,0.96676775613051,0.9555135010433689,0.9129612194748683,0.7645331292033735,2,2,2.0
1347,To build a house,to build house,"['build', 'house']",build house,Brick,brick,-0.04545,0.74895,0.94297,0.9308,0.93995,0.80832,0.8742,0.9385419423022568,0.9385419423022572,0.6804298638907786,0.693725161126023,0.6804298638907786,1,1,1.0
1347,to throw at someone,throw someone,['throw'],throw,Brick,brick,0.06891,0.89888,0.97459,1.04654,1.0321,1.07294,1.00501,0.7364217516992215,0.8159184971118555,0.7364217516992215,0.7692151825104416,0.7364217516992215,3,2,2.5
1347,to step on to reach something,step reach something,"['step', 'reach']",step reach,Brick,brick,0.03571,1.00739,0.95522,1.00825,1.02365,0.82779,0.96446,1.0533331081679933,0.8979845179974122,0.9514384746392577,0.8278670730953136,0.8161172028131468,3,2,2.5
1347,to hold down a tarp,hold tarp,"['hold', 'tarp']",hold tarp,Brick,brick,0.07962,1.02372,1.03094,0.97625,1.08022,1.10889,1.044,1.023716553613784,0.8979845179974122,0.8625331842081893,0.8796331872754782,0.669381023768908,3,2,2.5
1347,to sit on top of,sit top,['sit'],sit,Brick,brick,0.08473,1.07637,0.98103,1.02022,1.00998,1.07756,1.03303,0.7834006824812347,0.8979845179974122,0.7834006824812347,0.8278670730953136,0.669381023768908,2,2,2.0
1347,to stabilize a building,stabilize building,"['stabilize', 'building']",stabilize building,Brick,brick,0.03138,0.9135,0.98776,0.97395,0.93813,1.03305,0.96928,0.9135049498374191,0.6461799681895684,0.863280291261491,0.6488275428828463,0.6070177461092493,1,1,1.0
1417,build things,build things,['build'],build,Brick,brick,0.06869,1.17607,0.99301,0.93622,0.91711,1.14607,1.0337,0.6804298638907786,0.7362069810013294,0.6804298638907786,0.693725161126023,0.4997842981672692,1,1,1.0
1417,step stool,step stool,"['step', 'stool']",step stool,Brick,brick,0.07219,0.97091,0.94043,1.04044,1.01464,1.09588,1.01246,0.9709062452986547,0.8979845179974122,0.8254536616444708,0.8278670730953136,0.8161172028131468,3,2,2.5
1417,weapon,weapon,['weapon'],weapon,Brick,brick,0.01624,0.85011,0.96659,0.9662,1.03924,0.96281,0.95699,0.8501088672921583,0.8501088672921584,0.8501088672921583,0.8519367847916444,0.8501088672921583,2,2,2.0
1417,pillow,pillow,['pillow'],pillow,Brick,brick,-0.0513,0.7965599999999999,0.87585,0.88527,1.03209,0.8731,0.89257,0.7965575726904286,0.8979845179974122,0.7965575726904286,0.8278670730953136,0.669381023768908,5,4,4.5
1547,house building,house building,"['house', 'building']",house building,Brick,brick,0.02715,0.84918,1.03531,0.93432,0.96233,1.11167,0.97856,0.849179567332432,0.8612262078617728,0.6598783620439284,0.7002724007291009,0.6598783620439284,1,1,1.0
1547,campfire,campfire,['campfire'],campfire,Brick,brick,-0.02625,0.87066,0.87765,0.90157,1.08466,0.89175,0.92526,0.8706595253204357,0.8979845179974122,0.8706595253204357,0.8278670730953136,0.669381023768908,3,3,3.0
1547,throwing to get in a window,throwing get window,"['throwing', 'window']",throwing window,Brick,brick,-0.00235,0.8143,0.96938,0.99802,0.96801,0.80699,0.91134,1.0265351518485246,0.9004474697107553,0.7673147241021512,0.7454724070254014,0.7673147241021512,3,2,2.5
1563,to build a house,build house,"['build', 'house']",build house,Brick,brick,0.03335,0.93854,0.90931,0.97466,0.93696,1.13338,0.97857,0.9385419423022568,0.9385419423022572,0.6804298638907786,0.693725161126023,0.6804298638907786,1,1,1.0
1563,to weigh something down,weigh something,['weigh'],weigh,Brick,brick,0.0298,0.96963,0.93279,0.95207,0.94878,1.09396,0.97945,0.9127323631561781,0.9907413424396236,0.9127323631561781,0.9159386935329475,0.669381023768908,2,2,2.0
1563,to break a glass window,break glass window,"['break', 'glass', 'window']",break glass window,Brick,brick,-0.03161,0.78617,0.849,0.98198,1.00783,0.80033,0.88506,0.7861709559830933,0.9417312892927951,0.8090891840331176,0.8278670730953136,0.7319340187936914,2,2,2.0
1507,throwing it at someone,throwing someone,['throwing'],throwing,Brick,brick,0.04556,0.93512,0.95113,0.97334,1.00036,1.12922,0.99783,0.7673147241021512,0.9004474697107553,0.7673147241021512,0.7454724070254014,0.7673147241021512,3,2,2.5
1507,building something,building something,['building'],building,Brick,brick,0.04308,1.01086,1.06927,0.89606,0.88528,1.17633,1.00756,0.6070177461092493,0.6461799681895684,0.6070177461092493,0.6488275428828463,0.6070177461092493,1,1,1.0
1507,growing a plant,growing plant,"['growing', 'plant']",growing plant,Brick,brick,0.07692,0.97347,0.96789,1.01818,1.03203,1.14696,1.02771,0.9734746624340062,0.8979845179974122,0.8697760444335685,0.8278670730953136,0.669381023768908,2,4,3.0
1507,blocking,blocking,['blocking'],blocking,Brick,brick,-0.07883,0.78395,0.80491,0.87663,0.88404,0.91311,0.85253,0.7839504832715385,0.8979845179974122,0.7839504832715385,0.8278670730953136,0.669381023768908,3,3,3.0
1622,weapon,weapon,['weapon'],weapon,Brick,brick,0.01624,0.85011,0.96659,0.9662,1.03924,0.96281,0.95699,0.8501088672921583,0.8501088672921584,0.8501088672921583,0.8519367847916444,0.8501088672921583,2,2,2.0
1622,phone,phone,['phone'],phone,Brick,brick,-0.03057,0.7645299999999999,0.97264,0.90933,0.95288,0.92378,0.90463,0.7645331292033735,0.96676775613051,0.7645331292033735,0.9129612194748683,0.7645331292033735,4,5,4.5
1622,building,building,['building'],building,Brick,brick,-0.36378,0.60702,0.70089,0.5403899999999999,0.4018699999999999,0.40225,0.53048,0.6070177461092493,0.6461799681895684,0.6070177461092493,0.6488275428828463,0.6070177461092493,1,1,1.0
1622,painting,painting,['painting'],painting,Brick,brick,-0.08309,0.86452,0.8942,0.81319,0.9855,0.76886,0.86525,0.8645247062457283,0.9517904298696244,0.8645247062457283,0.8278670730953136,0.7364217516992215,3,3,3.0
1622,table,table,['table'],table,Brick,brick,-0.00848,0.84321,0.8943,0.9737,1.04343,0.85037,0.921,0.8432114678226534,0.8979845179974122,0.8432114678226534,0.9431482087408493,0.7645331292033735,2,4,3.0
1366,to build,build,['build'],build,Brick,brick,-0.16209,0.68043,0.81555,0.80979,0.70277,0.69889,0.74149,0.6804298638907786,0.7362069810013294,0.6804298638907786,0.693725161126023,0.4997842981672692,1,1,1.0
1366,use as an anchor,use anchor,['anchor'],anchor,Brick,brick,0.07963,1.01741,1.07728,0.97827,1.03864,1.07443,1.03721,0.9052136011840752,0.8979845179974122,0.9052136011840752,0.8278670730953136,0.669381023768908,4,2,3.0
1366,as a throwing weapon,throwing weapon,"['throwing', 'weapon']",throwing weapon,Brick,brick,0.0409,0.95039,0.94523,0.94038,0.99859,1.18663,1.00424,0.9503883681616058,0.9004474697107553,0.8501088672921583,0.8519367847916444,0.8501088672921583,3,3,3.0
1366,crush insects,crush insects,"['crush', 'insect']",crush insect,Brick,brick,0.07227,0.95906,1.00472,1.01293,1.01644,1.10091,1.01881,0.9827338183663661,0.8979845179974122,0.9286689046709808,0.8278670730953136,0.669381023768908,2,3,2.5
1413,build a house,build house,"['build', 'house']",build house,Brick,brick,0.03335,0.93854,0.90931,0.97466,0.93696,1.13338,0.97857,0.9385419423022568,0.9385419423022572,0.6804298638907786,0.693725161126023,0.6804298638907786,1,1,1.0
1413,hold something up,hold something,['hold'],hold,Brick,brick,0.07156,0.94711,1.08669,0.95404,1.06617,1.13447,1.0377,0.8625331842081893,0.8979845179974122,0.8625331842081893,0.8796331872754782,0.669381023768908,2,2,2.0
1413,squash a bug,squash bug,"['squash', 'bug']",squash bug,Brick,brick,0.07422,1.03389,1.02189,1.01988,0.94236,1.03738,1.01108,1.0338892215533988,0.8979845179974122,0.9246261215076741,0.9246261215076741,0.669381023768908,2,3,2.5
1413,throw at something,throw something,['throw'],throw,Brick,brick,0.01352,0.93449,0.85396,0.93528,1.07218,1.07654,0.97449,0.7364217516992215,0.8159184971118555,0.7364217516992215,0.7692151825104416,0.7364217516992215,3,2,2.5
1500,building,building,['building'],building,Brick,brick,-0.36378,0.60702,0.70089,0.5403899999999999,0.4018699999999999,0.40225,0.53048,0.6070177461092493,0.6461799681895684,0.6070177461092493,0.6488275428828463,0.6070177461092493,1,1,1.0
1500,stand on top of,stand top,['stand'],stand,Brick,brick,0.06943,1.0248,1.03409,1.01443,0.86603,1.06855,1.00158,0.8028725545252902,0.8979845179974122,0.8028725545252902,0.8278670730953136,0.8028725545252902,2,2,2.0
1500,throw it at a window,throw window,"['throw', 'window']",throw window,Brick,brick,0.09645,0.99783,1.01186,1.03616,1.01554,1.16756,1.04579,0.99783265731083,0.8159184971118555,0.7364217516992215,0.7692151825104416,0.7364217516992215,3,2,2.5
1500,level,level,['level'],level,Brick,brick,-0.00809,0.92562,0.9681,0.90921,0.96535,0.909,0.93546,0.925617478415947,0.8979845179974122,0.925617478415947,0.8278670730953136,0.669381023768908,2,3,2.5
1453,make a house,make house,['house'],house,Brick,brick,0.08659,1.07242,0.96499,0.99247,1.08304,1.15088,1.05276,0.6598783620439284,0.6977503136976025,0.6598783620439284,0.7002724007291009,0.6598783620439284,1,1,1.0
1453,a weapon,weapon,['weapon'],weapon,Brick,brick,0.01624,0.85011,0.96659,0.9662,1.03924,0.96281,0.95699,0.8501088672921583,0.8501088672921584,0.8501088672921583,0.8519367847916444,0.8501088672921583,2,2,2.0
1453,ramp,ramp,['ramp'],ramp,Brick,brick,-0.1037,0.86073,0.76449,0.81591,0.96629,0.8042400000000001,0.84233,0.86072779342501,0.86072779342501,0.86072779342501,0.8278670730953136,0.86072779342501,2,3,2.5
1453,egg cracker,egg cracker,"['egg', 'cracker']",egg cracker,Brick,brick,0.0566,1.0406,1.03652,0.9496,1.04506,1.00467,1.01529,1.040598217725006,0.8979845179974122,0.8573875283894701,0.8278670730953136,0.669381023768908,4,4,4.0
1514,weapon,weapon,['weapon'],weapon,Brick,brick,0.01624,0.85011,0.96659,0.9662,1.03924,0.96281,0.95699,0.8501088672921583,0.8501088672921584,0.8501088672921583,0.8519367847916444,0.8501088672921583,2,2,2.0
1514,building block of a house,building block house,"['building', 'block', 'house']",building block house,Brick,brick,-0.14674,0.62625,0.86575,0.71863,1.09763,0.79101,0.81985,0.6262508563111313,0.8612262078617728,0.6622184531124224,0.7002724007291009,0.6598783620439284,1,1,1.0
1514,step ladder,step ladder,"['step', 'ladder']",step ladder,Brick,brick,0.08982,1.17184,0.95535,1.04413,0.96207,1.00397,1.02747,1.1718363232210531,0.8979845179974122,0.8254536616444708,0.8278670730953136,0.8161172028131468,3,2,2.5
1514,paving stone,paving stone,"['paving', 'stone']",paving stone,Brick,brick,0.08233,1.08736,0.9734,1.00162,1.02111,1.10574,1.03785,1.087362669845307,0.8979845179974122,0.7257372708844942,0.8278670730953136,0.6122341084874485,2,1,1.5
1514,weight,weight,['weight'],weight,Brick,brick,-0.00346,0.91866,0.92594,0.94351,0.94704,0.92389,0.93181,0.9186584769543387,0.9786467482103983,0.9186584769543387,0.9159386935329475,0.8667409544682195,2,3,2.5
1514,doorstop,doorstop,"['door', 'stop']",door stop,Brick,brick,-0.11933,0.78403,0.8382499999999999,0.76155,0.88561,0.89534,0.83296,0.9438331760622682,0.8979845179974122,0.7906752004903184,0.832977898365827,0.669381023768908,2,3,2.5
1449,Build houses,build houses,"['build', 'house']",build house,Brick,brick,0.05288,1.05506,0.89421,0.98057,0.97394,1.12583,1.00592,0.9385419423022568,0.9385419423022572,0.6804298638907786,0.693725161126023,0.6804298638907786,1,1,1.0
1449,catch them to help get strong hands,catch help get strong hands,"['catch', 'help', 'strong', 'hand']",catch help strong hand,Brick,brick,-0.0021,0.86038,0.99666,0.97317,0.94263,0.81111,0.91679,0.9930271766507937,0.8979845179974122,0.843962279260242,0.8365256331471165,0.669381023768908,5,3,4.0
1449,grip test,grip test,"['grip', 'test']",grip test,Brick,brick,0.01336,1.00643,0.92219,0.92309,0.94543,1.02538,0.9645,1.006433143412574,0.8979845179974122,0.923068901455007,0.9269415119642969,0.669381023768908,5,5,5.0
1449,table,table,['table'],table,Brick,brick,-0.00848,0.84321,0.8943,0.9737,1.04343,0.85037,0.921,0.8432114678226534,0.8979845179974122,0.8432114678226534,0.9431482087408493,0.7645331292033735,3,3,3.0
1449,cutting board,cutting board,"['cutting', 'board']",cutting board,Brick,brick,0.055,0.97419,0.96717,0.97558,0.98194,1.14242,1.00826,0.9741916351428933,0.8979845179974122,0.9003213979366265,0.8278670730953136,0.669381023768908,3,4,3.5
1506,use to build house,use build house,"['build', 'house']",build house,Brick,brick,-0.04638,0.86697,0.95951,0.87436,0.93736,0.81311,0.89026,0.9385419423022568,0.9385419423022572,0.6804298638907786,0.693725161126023,0.6804298638907786,1,1,1.0
1506,use to build patio or side walk,use build patio side walk,"['build', 'patio', 'walk']",build patio walk,Brick,brick,0.01461,0.86694,0.998,1.00606,0.97178,0.81056,0.93067,0.8207317622020752,0.7362069810013294,0.7446579467230283,0.693725161126023,0.4997842981672692,2,1,1.5
1506,raise object up,raise object,"['raise', 'object']",raise object,Brick,brick,0.11468,1.00357,1.07854,1.07452,0.94912,1.14184,1.04952,1.0035662801479739,0.96676775613051,0.9794472053613577,0.9431482087408493,0.8344656223336426,2,2,2.0
1506,throwing bricks,throwing bricks,"['throwing', 'brick']",throwing brick,Brick,brick,0.06239,1.06265,0.99714,0.96953,0.86634,1.16107,1.01135,0.9941637386444147,0.9004474697107553,0.7673147241021512,0.7454724070254014,0.7673147241021512,3,2,2.5
1551,to use to build a structure,use build structure,"['build', 'structure']",build structure,Brick,brick,-0.02278,0.91771,0.98747,0.86993,1.03247,0.84131,0.92978,1.0481636714473943,1.0393661007770452,0.7509902639169189,0.693725161126023,0.7509902639169189,1,1,1.0
1551,to use as a doorstop,use doorstop,"['door', 'stop']",door stop,Brick,brick,0.05488,1.04465,0.99434,1.07038,0.8299300000000001,0.83765,0.95539,0.9438331760622682,0.8979845179974122,0.7906752004903184,0.832977898365827,0.669381023768908,2,2,2.0
1551,to throw to break a window,throw break window,"['throw', 'break', 'window']",throw break window,Brick,brick,-0.00879,0.81308,0.96334,0.98875,0.95989,0.8006,0.90513,0.8130795028641215,0.9417312892927951,0.8090891840331176,0.7692151825104416,0.7319340187936914,3,2,2.5
1551,to use as a paperweight,use paperweight,['paperweight'],paperweight,Brick,brick,0.03466,1.01905,0.99233,0.98725,0.96061,0.86588,0.96502,0.7757790505733518,0.8979845179974122,0.7757790505733518,0.7757790505733518,0.669381023768908,2,2,2.0
1511,building a house,building house,"['building', 'house']",building house,Brick,brick,0.02715,0.84918,1.03531,0.93432,0.96233,1.11167,0.97856,0.849179567332432,0.8612262078617728,0.6598783620439284,0.7002724007291009,0.6598783620439284,1,1,1.0
1511,knocking someone out,knocking someone,['knocking'],knocking,Brick,brick,0.06618,0.97389,0.97331,1.06922,0.83579,1.04504,0.97945,0.7377624448557231,0.8979845179974122,0.7377624448557231,0.7377624448557231,0.669381023768908,2,2,2.0
1511,making a decorative piece,making decorative piece,"['making', 'decorative', 'piece']",making decorative piece,Brick,brick,0.0,0.90784,1.0242,0.95097,0.95183,0.79266,0.9255,0.907843849801196,0.8979845179974122,0.81722903888514,0.8278670730953136,0.669381023768908,3,3,3.0
1511,grinding to dust,grinding dust,"['grinding', 'dust']",grinding dust,Brick,brick,0.05213,0.97604,0.93469,0.99335,1.02676,1.07371,1.00091,0.9760410639703196,0.8979845179974122,0.8247853541235395,0.8278670730953136,0.669381023768908,2,3,2.5
1511,using as a step stool,using step stool,"['step', 'stool']",step stool,Brick,brick,0.00907,1.03046,0.92401,0.94504,1.04379,0.81252,0.95116,0.9709062452986547,0.8979845179974122,0.8254536616444708,0.8278670730953136,0.8161172028131468,3,2,2.5
1513,ise in buildings,ise buildings,"['ise', 'building']",ise building,Brick,brick,0.04403,1.0063,0.93737,1.04175,0.89658,0.91761,0.95992,1.0054505398268216,0.6461799681895684,1.0085245798579536,0.6488275428828463,0.6070177461092493,1,1,1.0
1513,toys,toys,['toy'],toy,Brick,brick,0.00172,0.85396,0.929,0.94979,1.09746,0.90163,0.94637,0.8418362264183963,0.8979845179974122,0.8418362264183963,0.8278670730953136,0.669381023768908,4,4,4.0
1513,weapons,weapons,['weapon'],weapon,Brick,brick,0.03831,0.88792,1.01111,1.00354,0.98355,0.95703,0.96863,0.8501088672921583,0.8501088672921584,0.8501088672921583,0.8519367847916444,0.8501088672921583,2,2,2.0
1518,build a house,build house,"['build', 'house']",build house,Brick,brick,0.03335,0.93854,0.90931,0.97466,0.93696,1.13338,0.97857,0.9385419423022568,0.9385419423022572,0.6804298638907786,0.693725161126023,0.6804298638907786,1,1,1.0
1518,break something,break something,['break'],break,Brick,brick,0.05891,0.96192,0.85327,1.04109,1.01906,1.12217,0.9995,0.8090891840331176,0.8561462490355448,0.8090891840331176,0.8278670730953136,0.7319340187936914,2,2,2.0
1518,make a loud noise,make loud noise,"['loud', 'noise']",loud noise,Brick,brick,0.01271,0.81513,1.01717,1.02691,0.9099,0.81255,0.91633,1.018186224792095,0.8979845179974122,0.8262007477827252,0.8278670730953136,0.669381023768908,3,4,3.5
1450,building,building,['building'],building,Brick,brick,-0.36378,0.60702,0.70089,0.5403899999999999,0.4018699999999999,0.40225,0.53048,0.6070177461092493,0.6461799681895684,0.6070177461092493,0.6488275428828463,0.6070177461092493,1,1,1.0
1450,weapon,weapon,['weapon'],weapon,Brick,brick,0.01624,0.85011,0.96659,0.9662,1.03924,0.96281,0.95699,0.8501088672921583,0.8501088672921584,0.8501088672921583,0.8519367847916444,0.8501088672921583,2,2,2.0
1461,build,build,['build'],build,Brick,brick,-0.16209,0.68043,0.81555,0.80979,0.70277,0.69889,0.74149,0.6804298638907786,0.7362069810013294,0.6804298638907786,0.693725161126023,0.4997842981672692,1,1,1.0
1461,throw,throw,['throw'],throw,Brick,brick,-0.03657,0.7364200000000001,0.87254,0.9312,1.05915,0.90466,0.90079,0.7364217516992215,0.8159184971118555,0.7364217516992215,0.7692151825104416,0.7364217516992215,3,2,2.5
1461,break,break,['break'],break,Brick,brick,-0.00834,0.80909,0.92735,0.97246,0.95477,0.91749,0.91623,0.8090891840331176,0.8561462490355448,0.8090891840331176,0.8278670730953136,0.7319340187936914,2,2,2.0
1461,use as stepping stone,use stepping stone,"['stepping', 'stone']",stepping stone,Brick,brick,-0.01989,0.80791,0.89938,0.96996,1.03119,0.8142199999999999,0.90453,1.0241411460237493,0.8979845179974122,0.8350225076377215,0.8278670730953136,0.6122341084874485,3,2,2.5
1461,support object like phone,support object like phone,"['support', 'object', 'like', 'phone']",support object like phone,Brick,brick,0.10798,1.06676,1.01995,1.05698,0.91958,1.17596,1.04785,1.0667641333422229,0.96676775613051,0.9794472053613577,0.9129612194748683,0.8344656223336426,2,2,2.0
1461,draw with it like chalk,draw like chalk,"['draw', 'like', 'chalk']",draw like chalk,Brick,brick,0.00735,0.91974,0.92483,1.01327,0.8702300000000001,0.85314,0.91624,0.9197366063280481,0.96676775613051,0.9260911604137034,0.9129612194748683,0.669381023768908,4,3,3.5
1330,weapon,weapon,['weapon'],weapon,Brick,brick,0.01624,0.85011,0.96659,0.9662,1.03924,0.96281,0.95699,0.8501088672921583,0.8501088672921584,0.8501088672921583,0.8519367847916444,0.8501088672921583,2,2,2.0
1330,used in buildings,used buildings,['building'],building,Brick,brick,0.12011,1.07875,0.96083,1.09574,1.00887,1.15535,1.05991,0.6070177461092493,0.6461799681895684,0.6070177461092493,0.6488275428828463,0.6070177461092493,1,1,1.0
1330,paper weight,paper weight,"['paper', 'weight']",paper weight,Brick,brick,0.05626,1.08063,0.92728,0.95949,1.00282,1.11712,1.01747,1.0806346931061082,0.9786467482103983,0.9186584769543387,0.9159386935329475,0.8667409544682195,2,2,2.0
1497,Build something,build something,['build'],build,Brick,brick,0.05314,1.09015,0.93072,0.96991,0.85254,1.16053,1.00077,0.6804298638907786,0.7362069810013294,0.6804298638907786,0.693725161126023,0.4997842981672692,1,1,1.0
1497,paperweight,paperweight,['paperweight'],paperweight,Brick,brick,-0.09795,0.77578,0.83424,0.78682,1.03976,0.88425,0.86417,0.7757790505733518,0.8979845179974122,0.7757790505733518,0.7757790505733518,0.669381023768908,2,2,2.0
1497,break a window,break window,"['break', 'window']",break window,Brick,brick,0.04566,0.96992,0.9811,0.94302,0.99641,1.14205,1.0065,0.9699200528842894,0.9417312892927951,0.8090891840331176,0.8278670730953136,0.7319340187936914,2,2,2.0
1407,can be used as a doorstop,can used doorstop,"['door', 'stop']",door stop,Brick,brick,0.02382,0.87844,0.91903,0.94742,0.95068,1.18911,0.97694,0.9438331760622682,0.8979845179974122,0.7906752004903184,0.832977898365827,0.669381023768908,2,2,2.0
1407,can be used to break stuff,can used break stuff,"['break', 'stuff']",break stuff,Brick,brick,0.07885,0.98874,1.00331,0.994,1.01049,1.18479,1.03627,0.9680623756092948,0.8561462490355448,0.8090891840331176,0.8278670730953136,0.7319340187936914,2,2,2.0
1425,build a structure,build structure,"['build', 'structure']",build structure,Brick,brick,0.09817,1.04816,0.99066,1.0395,1.04503,1.11838,1.04835,1.0481636714473943,1.0393661007770452,0.7509902639169189,0.693725161126023,0.7509902639169189,1,1,1.0
1425,hold a door open,hold door open,"['hold', 'door', 'open']",hold door open,Brick,brick,-0.00734,0.84537,0.90087,0.99774,1.00593,0.80118,0.91022,0.8453686479611201,0.8979845179974122,0.8707333495496578,0.8796331872754782,0.669381023768908,2,2,2.0
1425,break something by smashing,break something smashing,"['break', 'smashing']",break smashing,Brick,brick,-0.03138,0.88545,0.94692,0.88526,1.05325,0.80581,0.91534,1.0058092036605022,0.8561462490355448,0.8090891840331176,0.8278670730953136,0.7319340187936914,2,2,2.0
1425,to prop something up,prop something,['prop'],prop,Brick,brick,0.10989,1.06785,0.99975,1.08476,1.02528,1.04964,1.04546,0.9555135010433689,0.8979845179974122,0.9555135010433689,0.9431482087408493,0.7645331292033735,2,2,2.0
1464,building a house,building house,"['building', 'house']",building house,Brick,brick,0.02715,0.84918,1.03531,0.93432,0.96233,1.11167,0.97856,0.849179567332432,0.8612262078617728,0.6598783620439284,0.7002724007291009,0.6598783620439284,1,1,1.0
1464,breaking a window,breaking window,"['breaking', 'window']",breaking window,Brick,brick,0.03046,0.98951,0.88122,0.94289,1.01658,1.12712,0.99146,0.9895073139075344,0.9417312892927951,0.8525580107248488,0.8278670730953136,0.7319340187936914,2,2,2.0
1464,paving a street,paving street,"['paving', 'street']",paving street,Brick,brick,0.08499,1.13579,1.0263,1.00578,0.92802,1.05077,1.02933,1.1357908757664363,0.8979845179974122,0.7257500772522671,0.8278670730953136,0.6122341084874485,2,1,1.5
1464,carving a name,carving name,['carving'],carving,Brick,brick,0.07194,1.02503,1.04326,1.00746,1.02132,0.97494,1.0144,0.8109433927900573,0.8979845179974122,0.8109433927900573,0.8278670730953136,0.669381023768908,3,3,3.0
1543,hit people with it,hit people,"['hit', 'people']",hit people,Brick,brick,0.05741,0.96231,0.9146,1.02316,0.935,1.14134,0.99528,0.9623056941704471,0.8979845179974122,0.8066790878230565,0.7454724070254014,0.6351205128050593,2,2,2.0
1543,build a house with it,build house,"['build', 'house']",build house,Brick,brick,0.03335,0.93854,0.90931,0.97466,0.93696,1.13338,0.97857,0.9385419423022568,0.9385419423022572,0.6804298638907786,0.693725161126023,0.6804298638907786,1,1,1.0
1543,weight something down with it,weight something,['weight'],weight,Brick,brick,0.06865,1.06094,0.95192,1.02002,0.88204,1.10981,1.00495,0.9186584769543387,0.9786467482103983,0.9186584769543387,0.9159386935329475,0.8667409544682195,2,2,2.0
1543,use to prop something up,use prop something,['prop'],prop,Brick,brick,0.01126,0.98656,0.94694,0.91294,0.98689,0.99508,0.96568,0.9555135010433689,0.8979845179974122,0.9555135010433689,0.9431482087408493,0.7645331292033735,2,3,2.5
1543,smash walnuts with it,smash walnuts,"['smash', 'walnut']",smash walnut,Brick,brick,0.08124,1.02233,0.9537,1.05795,1.02624,1.02349,1.01674,1.0431257684564725,0.8159184971118555,0.7786300763886059,0.8278670730953136,0.669381023768908,3,3,3.0
1543,write a message on it and throw it,write message throw,"['write', 'message', 'throw']",write message throw,Brick,brick,-0.00085,0.98474,0.96883,0.92353,0.97649,0.8414699999999999,0.93901,0.9847427360720555,0.8159184971118555,0.9061647650937462,0.7692151825104416,0.7364217516992215,4,4,4.0
1598,Buildings,buildings,['building'],building,Brick,brick,-0.30127,0.68264,0.79491,0.58348,0.5544100000000001,0.42432,0.60795,0.6070177461092493,0.6461799681895684,0.6070177461092493,0.6488275428828463,0.6070177461092493,1,1,1.0
1598,toy,toy,['toy'],toy,Brick,brick,-0.03264,0.84184,0.90703,0.90194,1.00329,0.89408,0.90964,0.8418362264183963,0.8979845179974122,0.8418362264183963,0.8278670730953136,0.669381023768908,4,4,4.0
1598,door prop,door prop,"['door', 'prop']",door prop,Brick,brick,0.09372,1.02146,1.03169,1.04823,1.09169,0.98978,1.03657,1.0214586715542848,0.8979845179974122,0.9555135010433689,0.832977898365827,0.7645331292033735,2,3,2.5
1598,projectile,projectile,['projectile'],projectile,Brick,brick,-0.03087,0.85486,0.89838,0.89355,0.98009,0.95015,0.91541,0.8548569139012265,0.8979845179974122,0.8548569139012265,0.8278670730953136,0.669381023768908,3,4,3.5
1334,house,house,['house'],house,Brick,brick,-0.20356,0.65988,0.82071,0.6907099999999999,0.85592,0.63317,0.73208,0.6598783620439284,0.6977503136976025,0.6598783620439284,0.7002724007291009,0.6598783620439284,1,1,1.0
1334,stack,stack,['stack'],stack,Brick,brick,-0.09627,0.7382500000000001,0.80444,0.8720600000000001,0.97783,0.7680400000000001,0.83212,0.738245509746003,0.7362069810013294,0.738245509746003,0.7221143343185032,0.4997842981672692,2,2,2.0
1334,pile,pile,['pile'],pile,Brick,brick,-0.14265,0.7185900000000001,0.81501,0.82847,0.86793,0.62294,0.77059,0.7185867008180082,0.8979845179974122,0.7185867008180082,0.8278670730953136,0.669381023768908,2,2,2.0
1334,make a statue,make statue,['statue'],statue,Brick,brick,0.0371,1.00587,1.04868,0.8985,0.99008,1.07414,1.00345,0.8604060252169519,0.8979845179974122,0.8604060252169519,0.8278670730953136,0.669381023768908,3,4,3.5
1362,build walls,build walls,"['build', 'wall']",build wall,Brick,brick,0.09148,1.09196,1.01931,0.99693,1.02544,1.11801,1.05033,0.9785940898444254,0.7362069810013294,0.6804298638907786,0.6991788255816941,0.4997842981672692,1,1,1.0
1362,break windows,break windows,"['break', 'window']",break window,Brick,brick,0.08188,1.04464,1.00257,0.97057,1.08931,1.15462,1.05234,0.9699200528842894,0.9417312892927951,0.8090891840331176,0.8278670730953136,0.7319340187936914,2,2,2.0
1362,use as a stepping stool,use stepping stool,"['stepping', 'stool']",stepping stool,Brick,brick,-0.02285,0.95635,0.88973,0.93905,0.91332,0.8148299999999999,0.90266,1.01196721171593,0.8979845179974122,0.8350225076377215,0.8278670730953136,0.8161172028131468,3,2,2.5
1362,reinforce structures,reinforce structures,"['reinforce', 'structure']",reinforce structure,Brick,brick,0.09207,1.02146,0.95185,1.07445,1.0066,1.07884,1.02664,1.0041758180956486,1.0393661007770452,0.874983453749043,0.693725161126023,0.7509902639169189,3,2,2.5
1352,building,building,['building'],building,Brick,brick,-0.36378,0.60702,0.70089,0.5403899999999999,0.4018699999999999,0.40225,0.53048,0.6070177461092493,0.6461799681895684,0.6070177461092493,0.6488275428828463,0.6070177461092493,1,1,1.0
1352,hold a door open,hold door open,"['hold', 'door', 'open']",hold door open,Brick,brick,-0.00734,0.84537,0.90087,0.99774,1.00593,0.80118,0.91022,0.8453686479611201,0.8979845179974122,0.8707333495496578,0.8796331872754782,0.669381023768908,2,2,2.0
1352,break a window,break window,"['break', 'window']",break window,Brick,brick,0.04566,0.96992,0.9811,0.94302,0.99641,1.14205,1.0065,0.9699200528842894,0.9417312892927951,0.8090891840331176,0.8278670730953136,0.7319340187936914,2,2,2.0
1367,to throw to break a window,throw break window,"['throw', 'break', 'window']",throw break window,Brick,brick,-0.00879,0.81308,0.96334,0.98875,0.95989,0.8006,0.90513,0.8130795028641215,0.9417312892927951,0.8090891840331176,0.7692151825104416,0.7319340187936914,3,2,2.5
1367,to build structures,build structures,"['build', 'structure']",build structure,Brick,brick,0.07278,1.06199,0.9211,0.99496,1.04132,1.14116,1.03211,1.0481636714473943,1.0393661007770452,0.7509902639169189,0.693725161126023,0.7509902639169189,2,1,1.5
1367,to use as a step,use step,['step'],step,Brick,brick,0.11287,0.99815,1.04297,1.06914,0.98143,1.17771,1.05388,0.8254536616444708,0.8979845179974122,0.8254536616444708,0.8278670730953136,0.8161172028131468,3,2,2.5
1367,to use to draw lines,use draw lines,"['draw', 'line']",draw line,Brick,brick,0.00621,0.89278,0.90276,1.01235,0.98241,0.82374,0.92281,1.0240661376990152,0.96676775613051,0.9260911604137034,0.9129612194748683,0.669381023768908,3,3,3.0
1367,to put weight on something,put weight something,['weight'],weight,Brick,brick,-0.00725,0.85069,0.87261,1.01419,0.92636,0.84809,0.90239,0.9186584769543387,0.9786467482103983,0.9186584769543387,0.9159386935329475,0.8667409544682195,2,2,2.0
1621,color it,color,['color'],color,Brick,brick,-0.10048,0.78877,0.85864,0.8239799999999999,0.89607,0.80812,0.83512,0.7887726439305096,0.8979845179974122,0.7887726439305096,0.8278670730953136,0.669381023768908,4,3,3.5
1621,build with it,build,['build'],build,Brick,brick,-0.16209,0.68043,0.81555,0.80979,0.70277,0.69889,0.74149,0.6804298638907786,0.7362069810013294,0.6804298638907786,0.693725161126023,0.4997842981672692,1,1,1.0
1621,hit something with it,hit something,['hit'],hit,Brick,brick,0.05442,0.97869,0.95484,0.94751,1.14278,1.11225,1.02721,0.6351205128050593,0.8979845179974122,0.6351205128050593,0.7454724070254014,0.6351205128050593,2,2,2.0
1621,throw it,throw,['throw'],throw,Brick,brick,-0.03657,0.7364200000000001,0.87254,0.9312,1.05915,0.90466,0.90079,0.7364217516992215,0.8159184971118555,0.7364217516992215,0.7692151825104416,0.7364217516992215,3,2,2.5
1621,use it to break something,use break something,['break'],break,Brick,brick,0.01295,0.92222,0.91867,1.01523,0.97074,0.81955,0.92928,0.8090891840331176,0.8561462490355448,0.8090891840331176,0.8278670730953136,0.7319340187936914,2,2,2.0
1621,put it under your tire,put tire,['tire'],tire,Brick,brick,0.08009,1.0526,1.03292,1.01416,0.97651,1.03722,1.02268,0.7946631200408887,0.8979845179974122,0.7946631200408887,0.8278670730953136,0.669381023768908,3,2,2.5
1621,sit on it,sit,['sit'],sit,Brick,brick,-0.0296,0.7834,0.99287,0.89576,1.071,0.82878,0.91436,0.7834006824812347,0.8979845179974122,0.7834006824812347,0.8278670730953136,0.669381023768908,2,2,2.0
1587,break window,break window,"['break', 'window']",break window,Brick,brick,0.04566,0.96992,0.9811,0.94302,0.99641,1.14205,1.0065,0.9699200528842894,0.9417312892927951,0.8090891840331176,0.8278670730953136,0.7319340187936914,2,3,2.5
1587,eat,eat,['eat'],eat,Brick,brick,0.00622,0.83662,0.96789,0.97283,0.99446,0.91024,0.93641,0.8366175411276663,0.8979845179974122,0.8366175411276663,0.8278670730953136,0.669381023768908,4,5,4.5
1587,build,build,['build'],build,Brick,brick,-0.16209,0.68043,0.81555,0.80979,0.70277,0.69889,0.74149,0.6804298638907786,0.7362069810013294,0.6804298638907786,0.693725161126023,0.4997842981672692,1,1,1.0
1587,stop something moving,stop something moving,"['stop', 'moving']",stop moving,Brick,brick,0.01206,0.83234,0.92594,1.03711,1.01189,0.80907,0.92327,0.9733848748795587,0.8979845179974122,0.8907234572502589,0.832977898365827,0.669381023768908,2,4,3.0
1587,music,music,['music'],music,Brick,brick,-0.01564,0.88505,0.99786,0.8799399999999999,1.01396,0.90651,0.93666,0.8850514727232932,0.8979845179974122,0.8850514727232932,0.8278670730953136,0.669381023768908,4,4,4.0
1587,test fall distance,test fall distance,"['test', 'fall', 'distance']",test fall distance,Brick,brick,0.03552,1.13209,0.96652,0.96785,0.96722,0.83018,0.97277,1.1320871909620194,0.8979845179974122,0.923068901455007,0.9269415119642969,0.669381023768908,5,5,5.0
1527,Build houses,build houses,"['build', 'house']",build house,Brick,brick,0.05288,1.05506,0.89421,0.98057,0.97394,1.12583,1.00592,0.9385419423022568,0.9385419423022572,0.6804298638907786,0.693725161126023,0.6804298638907786,1,1,1.0
1527,hit people,hit people,"['hit', 'people']",hit people,Brick,brick,0.05741,0.96231,0.9146,1.02316,0.935,1.14134,0.99528,0.9623056941704471,0.8979845179974122,0.8066790878230565,0.7454724070254014,0.6351205128050593,2,2,2.0
1527,weigh something down,weigh something,['weigh'],weigh,Brick,brick,0.0298,0.96963,0.93279,0.95207,0.94878,1.09396,0.97945,0.9127323631561781,0.9907413424396236,0.9127323631561781,0.9159386935329475,0.669381023768908,2,2,2.0
1372,surround a garden,surround garden,"['surround', 'garden']",surround garden,Brick,brick,0.07779,1.08735,0.94775,1.03836,0.91498,1.0747,1.01263,1.0873521284235748,0.8979845179974122,0.7902085554801572,0.8278670730953136,0.669381023768908,2,2,2.0
1372,use as a seat outside,use seat outside,"['seat', 'outside']",seat outside,Brick,brick,0.01943,0.90077,1.02007,0.98221,1.02919,0.8061,0.94767,0.9244567032270389,0.8979845179974122,0.8927858329744215,0.8278670730953136,0.669381023768908,2,2,2.0
1525,build a house,build house,"['build', 'house']",build house,Brick,brick,0.03335,0.93854,0.90931,0.97466,0.93696,1.13338,0.97857,0.9385419423022568,0.9385419423022572,0.6804298638907786,0.693725161126023,0.6804298638907786,1,1,1.0
1525,throw at things,throw things,['throw'],throw,Brick,brick,0.06653,1.09473,0.96693,0.97362,1.03125,1.05812,1.02493,0.7364217516992215,0.8159184971118555,0.7364217516992215,0.7692151825104416,0.7364217516992215,3,2,2.5
1525,use as a hammer,use hammer,['hammer'],hammer,Brick,brick,0.09794,1.03817,0.95695,1.05443,0.99882,1.1678,1.04323,0.7256321295166184,0.8979845179974122,0.7256321295166184,0.8278670730953136,0.669381023768908,3,3,3.0
1525,use to prop up a table,use prop table,"['prop', 'table']",prop table,Brick,brick,0.00993,0.93961,0.96968,0.93109,0.93978,0.98742,0.95352,0.9826308545201922,0.8979845179974122,0.9555135010433689,0.9431482087408493,0.7645331292033735,2,2,2.0
1525,use as a weight,use weight,['weight'],weight,Brick,brick,0.1003,1.0955,0.94977,1.05847,0.96398,1.14299,1.04214,0.9186584769543387,0.9786467482103983,0.9186584769543387,0.9159386935329475,0.8667409544682195,2,2,2.0
1525,break things with it,break things,['break'],break,Brick,brick,0.10188,1.08241,0.97666,1.06455,0.96823,1.10944,1.04026,0.8090891840331176,0.8561462490355448,0.8090891840331176,0.8278670730953136,0.7319340187936914,2,2,2.0
